CSA Name,Capital Pool,Investment,Property Name,Brookfield,Market,% of Portfolio,Brookfield,Market,% of Portfolio,Brookfield,Market,% of Portfolio,Brookfield,Market,% of Portfolio,Brookfield,Market,% of Portfolio, 
"Albuquerque-Santa Fe-Los Alamos, NM",BPY / CIC/BPY Retail / Future Fund SMA,Future Fund Retail Portfolio,Coronado Center,,,,,,,,,,,,,3.97%,1.97%,0.80%,
"Allentown-Bethlehem-East Stroudsburg, PA-NJ",BPREP US,National Logistics Portfolio,9775 Commerce Circle,,,,31.33%,2.04%,0.85%,,,,,,,,,,
"Appleton-Oshkosh-Neenah, WI",BPY / CIC/BPY Retail,Core Retail,Fox River Mall,,,,,,,,,,,,,0.16%,0.11%,0.33%,
"Atlanta--Athens-Clarke County--Sandy Springs, GA-AL",BPREP US,National Logistics Portfolio,550 Rock Hill Drive,,,,3.00%,2.12%,0.45%,,,,,,,,,,
"Atlanta--Athens-Clarke County--Sandy Springs, GA-AL",BPREP US,National Logistics Portfolio,600 Wharton Drive,,,,9.43%,2.12%,0.14%,,,,,,,,,,
"Atlanta--Athens-Clarke County--Sandy Springs, GA-AL",BPREP US,National Logistics Portfolio,Atlanta Tradeport 1000,,,,7.51%,2.12%,0.23%,,,,,,,,,,
"Atlanta--Athens-Clarke County--Sandy Springs, GA-AL",BPREP US,National Logistics Portfolio,Atlanta Tradeport 200,,,,7.49%,2.12%,0.55%,,,,,,,,,,
"Atlanta--Athens-Clarke County--Sandy Springs, GA-AL",BPREP US,National Logistics Portfolio,Atlanta Tradeport 400,,,,-49.37%,2.12%,,,,,,,,,,,
"Atlanta--Athens-Clarke County--Sandy Springs, GA-AL",BPREP US,National Logistics Portfolio,Atlanta Tradeport 600,,,,5.70%,2.12%,0.28%,,,,,,,,,,
"Atlanta--Athens-Clarke County--Sandy Springs, GA-AL",BPREP US,National Logistics Portfolio,Atlanta Tradeport 800,,,,3.50%,2.12%,0.24%,,,,,,,,,,
"Atlanta--Athens-Clarke County--Sandy Springs, GA-AL",BPREP US,Vernon Logistics Portfolio,6085 Lagrange Blvd,,,,2.00%,2.12%,0.15%,,,,,,,,,,
"Atlanta--Athens-Clarke County--Sandy Springs, GA-AL",BPY / CIC/BPY Retail,Core Retail,Cumberland Mall,,,,,,,,,,,,,1.36%,2.29%,1.02%,
"Atlanta--Athens-Clarke County--Sandy Springs, GA-AL",BPY / CIC/BPY Retail,Core Retail,Perimeter Mall,,,,,,,,,,,,,-1.68%,2.29%,1.39%,
"Atlanta--Athens-Clarke County--Sandy Springs, GA-AL",BSREP III,BSREP III US Logistics,Falcon - Cross Dock,,,,-49.26%,2.12%,,,,,,,,,,,
"Atlanta--Athens-Clarke County--Sandy Springs, GA-AL",BSREP III,BSREP III US Logistics,Falcon - Rear Load,,,,-43.39%,2.12%,,,,,,,,,,,
"Atlanta--Athens-Clarke County--Sandy Springs, GA-AL",BSREP III,InterContinental Buckhead Atlanta by IHG,InterCon Buckhead,-2.61%,0.84%,2.89%,,,,,,,,,,,,,
"Atlanta--Athens-Clarke County--Sandy Springs, GA-AL",BSREP IV,BSREP IV North American Logistics Portfolio,1035 Fred Drive,,,,3.00%,2.12%,0.20%,,,,,,,,,,
"Atlanta--Athens-Clarke County--Sandy Springs, GA-AL",BSREP IV,BSREP IV North American Logistics Portfolio,1140 Commerce Road,,,,3.00%,2.12%,0.21%,,,,,,,,,,
"Atlanta--Athens-Clarke County--Sandy Springs, GA-AL",BSREP IV,BSREP IV North American Logistics Portfolio,1191 Commerce Road,,,,3.00%,2.12%,0.25%,,,,,,,,,,
"Atlanta--Athens-Clarke County--Sandy Springs, GA-AL",BSREP IV,Watermark Lodging,Renaissance Atlanta,6.32%,0.84%,1.93%,,,,,,,,,,,,,
"Atlanta--Athens-Clarke County--Sandy Springs, GA-AL",BSREP V,BSREP V North American Logistics Portfolio,4106 Stacks,,,,4.00%,2.12%,0.11%,,,,,,,,,,
"Baton Rouge-Hammond, LA",BPY / CIC/BPY Retail,Core Retail,Mall of Louisiana,,,,,,,,,,,,,0.40%,1.41%,1.06%,
"Birmingham-Cullman-Talladega, AL",BPY / CIC/BPY Retail / Future Fund SMA,Future Fund Retail Portfolio,Riverchase Galleria,,,,,,,,,,,,,-3.10%,1.98%,0.29%,
"Boise City-Mountain Home-Ontario, ID-OR",BPY / CIC/BPY Retail / Future Fund SMA,Future Fund Retail Portfolio,Boise Towne Square,,,,,,,,,,,,,4.45%,0.61%,0.57%,
"Boston-Worcester-Providence, MA-RI-NH",BPREP US,Church Park,Church Park,,,,,,,0.81%,3.23%,4.95%,,,,,,,
"Boston-Worcester-Providence, MA-RI-NH",BPREP US,National Logistics Portfolio,23 Concord Street,,,,3.00%,1.34%,0.31%,,,,,,,,,,
"Boston-Worcester-Providence, MA-RI-NH",BPREP US,National Logistics Portfolio,35-37 Concord St.,,,,2.27%,1.34%,0.84%,,,,,,,,,,
"Boston-Worcester-Providence, MA-RI-NH",BPREP US,National Logistics Portfolio,39 Concord St.,,,,37.11%,1.34%,0.45%,,,,,,,,,,
"Boston-Worcester-Providence, MA-RI-NH",BPREP US,National Logistics Portfolio,Westborough Industrial 1,,,,2.85%,1.34%,,,,,,,,,,,
"Boston-Worcester-Providence, MA-RI-NH",BPREP US,National Logistics Portfolio,Westborough Industrial 2,,,,2.75%,1.34%,,,,,,,,,,,
"Boston-Worcester-Providence, MA-RI-NH",BPREP US,National Logistics Portfolio,Westborough Industrial 4,,,,23.40%,1.34%,,,,,,,,,,,
"Boston-Worcester-Providence, MA-RI-NH",BPREP US,Vernon Logistics Portfolio,97 Robert Treat Paine Dr,,,,2.00%,1.34%,0.10%,,,,,,,,,,
"Boston-Worcester-Providence, MA-RI-NH",BPY / CIC/BPY Retail,Core Retail,Natick Mall,,,,,,,,,,,,,-0.37%,1.73%,1.43%,
"Boston-Worcester-Providence, MA-RI-NH",BSREP III,BSREP III US Logistics,1 & 3 Air Force Road,,,,14.00%,1.34%,0.58%,,,,,,,,,,
"Boston-Worcester-Providence, MA-RI-NH",BSREP III,BSREP III US Logistics,16-24 Normac,,,,3.00%,1.34%,,,,,,,,,,,
"Boston-Worcester-Providence, MA-RI-NH",BSREP III,BSREP III US Logistics,25 Sycamore,,,,5.19%,1.34%,0.43%,,,,,,,,,,
"Boston-Worcester-Providence, MA-RI-NH",BSREP III,BSREP III US Logistics,3-15 Normac,,,,-17.56%,1.34%,,,,,,,,,,,
"Boston-Worcester-Providence, MA-RI-NH",BSREP III,BSREP III US Logistics,4 Enterprise,,,,2.50%,1.34%,0.15%,,,,,,,,,,
"Boston-Worcester-Providence, MA-RI-NH",BSREP III,BSREP III US Logistics,45-47 Dunham,,,,3.17%,1.34%,0.67%,,,,,,,,,,
"Boston-Worcester-Providence, MA-RI-NH",BSREP III / BSREP III Forest City Co-Invest,Forest City,100,,,,,,,3.19%,3.23%,1.02%,,,,,,,
"Boston-Worcester-Providence, MA-RI-NH",BSREP III / BSREP III Forest City Co-Invest,Forest City,91 Sidney,,,,,,,1.52%,3.23%,0.73%,,,,,,,
"Boston-Worcester-Providence, MA-RI-NH",BSREP III / BSREP III Forest City Co-Invest,Forest City,KBL,,,,,,,2.90%,3.23%,0.66%,,,,,,,
"Boston-Worcester-Providence, MA-RI-NH",BSREP III / BSREP III Forest City Co-Invest,Forest City,Loft23,,,,,,,3.80%,3.23%,0.23%,,,,,,,
"Boston-Worcester-Providence, MA-RI-NH",BSREP IV,BSREP IV North American Logistics Portfolio,1 Industrial Drive,,,,2.85%,1.34%,0.12%,,,,,,,,,,
"Boston-Worcester-Providence, MA-RI-NH",BSREP IV,BSREP IV North American Logistics Portfolio,60 Olympia Ave,,,,16.60%,1.34%,0.68%,,,,,,,,,,
"Cape Coral-Fort Myers-Naples, FL",BPY / CIC/BPY Retail,Core Retail,Coastland Center,,,,,,,,,,,,,9.93%,1.75%,0.19%,
"Cedar Rapids-Iowa City, IA",BPY / CIC/BPY Retail,Core Retail,Coral Ridge Mall,,,,,,,,,,,,,4.10%,0.26%,0.27%,
"Champaign-Urbana-Danville, IL",BPY / CIC/BPY Retail / Future Fund SMA,Future Fund Retail Portfolio,Market Place Shopping Center,,,,,,,,,,,,,3.31%,37.06%,0.17%,
"Charlotte-Concord, NC-SC",BPREP US,National Logistics Portfolio,Nations Crossing,,,,18.73%,2.76%,0.38%,,,,,,,,,,
"Charlotte-Concord, NC-SC",BPREP US,National Logistics Portfolio,Nations West Distribution Center - Bldg 1,,,,-4.03%,2.76%,0.53%,,,,,,,,,,
"Charlotte-Concord, NC-SC",BPREP US,National Logistics Portfolio,Reames Road,,,,3.00%,2.76%,0.29%,,,,,,,,,,
"Charlotte-Concord, NC-SC",BPREP US,Vernon Logistics Portfolio,780 Celriver Road,,,,2.00%,2.76%,0.15%,,,,,,,,,,
"Charlotte-Concord, NC-SC",BPY / CIC/BPY Retail,Core Retail,Carolina Place,,,,,,,,,,,,,-11.44%,2.24%,0.41%,
"Charlotte-Concord, NC-SC",BSREP IV,Watermark Lodging,Marriott Charlotte,-9.64%,1.34%,3.21%,,,,,,,,,,,,,
"Chicago-Naperville, IL-IN-WI",BPREP US,National Logistics Portfolio,2233 West St,,,,11.16%,1.45%,1.46%,,,,,,,,,,
"Chicago-Naperville, IL-IN-WI",BPREP US,National Logistics Portfolio,2601 Internationale Parkway,,,,2.55%,1.45%,0.70%,,,,,,,,,,
"Chicago-Naperville, IL-IN-WI",BPREP US,National Logistics Portfolio,4150 North Knox Ave,,,,2.50%,1.45%,0.30%,,,,,,,,,,
"Chicago-Naperville, IL-IN-WI",BPREP US,National Logistics Portfolio,700 Meridian Business Campus,,,,3.50%,1.45%,0.19%,,,,,,,,,,
"Chicago-Naperville, IL-IN-WI",BPREP US,National Logistics Portfolio,Glendale Heights Bus Ctr Bldg A,,,,31.56%,1.45%,0.33%,,,,,,,,,,
"Chicago-Naperville, IL-IN-WI",BPREP US,National Logistics Portfolio,Rock Run Inventory Facility IV,,,,-48.46%,1.45%,,,,,,,,,,,
"Chicago-Naperville, IL-IN-WI",BPREP US,National Logistics Portfolio,Turnberry A,,,,10.25%,1.45%,0.28%,,,,,,,,,,
"Chicago-Naperville, IL-IN-WI",BPREP US,National Logistics Portfolio,Turnberry B,,,,29.82%,1.45%,0.25%,,,,,,,,,,
"Chicago-Naperville, IL-IN-WI",BPREP US,National Logistics Portfolio,Turnberry Lakes Business Center,,,,4.00%,1.45%,0.14%,,,,,,,,,,
"Chicago-Naperville, IL-IN-WI",BPREP US,Vernon Logistics Portfolio,2765 Spectrum Drive,,,,2.00%,1.45%,0.16%,,,,,,,,,,
"Chicago-Naperville, IL-IN-WI",BPREP US,Vernon Logistics Portfolio,5501 West Ogden Avenue,,,,2.00%,1.45%,0.11%,,,,,,,,,,
"Chicago-Naperville, IL-IN-WI",BPY / CIC/BPY Retail,Core Retail,Northbrook Court,,,,,,,,,,,,,15.95%,13.61%,0.10%,
"Chicago-Naperville, IL-IN-WI",BPY / CIC/BPY Retail,Core Retail,Oakbrook Center,,,,,,,,,,,,,5.61%,13.61%,4.67%,
"Chicago-Naperville, IL-IN-WI",Brookfield US REIT (NTR),6123-6227 Monroe Ct,6123-6227 Monroe Court,,,,6.81%,1.45%,0.35%,,,,,,,,,,
"Chicago-Naperville, IL-IN-WI",BSREP III / BSREP III Forest City Co-Invest,Forest City,1251 S Michigan,,,,,,,3.15%,3.15%,0.11%,,,,,,,
"Chicago-Naperville, IL-IN-WI",BSREP III / BSREP III Forest City Co-Invest,Forest City,Sky55,,,,,,,2.13%,3.15%,1.71%,,,,,,,
"Chicago-Naperville, IL-IN-WI",BSREP III / BSREP III Forest City Co-Invest,Forest City,The Pavilion,,,,,,,2.16%,3.15%,1.88%,,,,,,,
"Chicago-Naperville, IL-IN-WI",BSREP IV,BSREP IV North American Logistics Portfolio,700 Chase Avenue,,,,-49.12%,1.45%,,,,,,,,,,,
"Chicago-Naperville, IL-IN-WI",BSREP IV,Watermark Lodging,Renaissance Chicago,0.18%,4.77%,6.01%,,,,,,,,,,,,,
"Cincinnati-Wilmington, OH-KY-IN",BPY / CIC/BPY Retail,Core Retail,Kenwood Towne Centre,,,,,,,,,,,,,1.03%,1.74%,1.96%,
"Cleveland-Akron-Canton, OH",BPREP US,Vernon Logistics Portfolio,31600 Carter Street,,,,2.00%,1.18%,0.07%,,,,,,,,,,
"Columbia-Jefferson City-Moberly, MO",BPY / CIC/BPY Retail,Core Retail,Columbia Mall MO,,,,,,,,,,,,,-1.03%,0.49%,0.13%,
"Columbia-Sumter-Orangeburg, SC",BPY / CIC/BPY Retail / Future Fund SMA,Future Fund Retail Portfolio,Columbiana Centre,,,,,,,,,,,,,2.01%,2.00%,0.40%,
"Dallas-Fort Worth, TX-OK",BPREP US,National Logistics Portfolio,Alliance Gateway,,,,14.31%,1.97%,0.55%,,,,,,,,,,
"Dallas-Fort Worth, TX-OK",BPREP US,National Logistics Portfolio,Commerce 45 I,,,,2.50%,1.97%,1.77%,,,,,,,,,,
"Dallas-Fort Worth, TX-OK",BPREP US,National Logistics Portfolio,Commerce 45 II,,,,32.00%,1.97%,1.02%,,,,,,,,,,
"Dallas-Fort Worth, TX-OK",BPREP US,National Logistics Portfolio,Lone Star A,,,,4.00%,1.97%,,,,,,,,,,,
"Dallas-Fort Worth, TX-OK",BPREP US,National Logistics Portfolio,Lone Star B,,,,2.60%,1.97%,,,,,,,,,,,
"Dallas-Fort Worth, TX-OK",BPREP US,National Logistics Portfolio,Lone Star C,,,,3.35%,1.97%,,,,,,,,,,,
"Dallas-Fort Worth, TX-OK",BPREP US,National Logistics Portfolio,Parkway Business Center 1,,,,3.00%,1.97%,0.33%,,,,,,,,,,
"Dallas-Fort Worth, TX-OK",BPREP US,National Logistics Portfolio,Parkway Business Center 2,,,,9.86%,1.97%,0.27%,,,,,,,,,,
"Dallas-Fort Worth, TX-OK",BPREP US,National Logistics Portfolio,Passport Business Park 100,,,,3.00%,1.97%,0.87%,,,,,,,,,,
"Dallas-Fort Worth, TX-OK",BPREP US,National Logistics Portfolio,Passport Business Park 200,,,,2.23%,1.97%,1.27%,,,,,,,,,,
"Dallas-Fort Worth, TX-OK",BPREP US,National Logistics Portfolio,Passport Business Park 300,,,,2.25%,1.97%,1.21%,,,,,,,,,,
"Dallas-Fort Worth, TX-OK",BPREP US,National Logistics Portfolio,Sterling Street 1,,,,3.68%,1.97%,0.46%,,,,,,,,,,
"Dallas-Fort Worth, TX-OK",BPREP US,Vernon Logistics Portfolio,2080 Lonestar Drive,,,,2.00%,1.97%,0.06%,,,,,,,,,,
"Dallas-Fort Worth, TX-OK",BPREP US,Vernon Logistics Portfolio,950 Solon Road,,,,2.00%,1.97%,0.48%,,,,,,,,,,
"Dallas-Fort Worth, TX-OK",BPY / CIC/BPY Retail,Core Retail,Hulen Mall,,,,,,,,,,,,,1.52%,2.45%,0.45%,
"Dallas-Fort Worth, TX-OK",BPY / CIC/BPY Retail,Core Retail,Stonebriar Centre,,,,,,,,,,,,,3.62%,2.45%,2.17%,
"Dallas-Fort Worth, TX-OK",BPY / CIC/BPY Retail,Core Retail,The Parks Mall at Arlington,,,,,,,,,,,,,3.39%,2.45%,1.04%,
"Dallas-Fort Worth, TX-OK",BPY / CIC/BPY Retail,Core Retail,Town East Mall,,,,,,,,,,,,,-0.62%,2.45%,0.67%,
"Dallas-Fort Worth, TX-OK",BSREP III,BSREP III US Logistics,2003 MacArthur Blvd,,,,-4.66%,1.97%,1.28%,,,,,,,,,,
"Dallas-Fort Worth, TX-OK",BSREP III,BSREP III US Logistics,625 Westport Parkway,,,,-49.19%,1.97%,,,,,,,,,,,
"Dallas-Fort Worth, TX-OK",BSREP III,BSREP III US Logistics,633 Westport Parkway,,,,-46.46%,1.97%,,,,,,,,,,,
"Dallas-Fort Worth, TX-OK",BSREP III / BSREP III Forest City Co-Invest,Forest City,The Continental,,,,,,,-5.35%,0.94%,0.37%,,,,,,,
"Dallas-Fort Worth, TX-OK",BSREP III / BSREP III Forest City Co-Invest,Forest City,The Merc,,,,,,,-2.14%,0.94%,0.37%,,,,,,,
"Dallas-Fort Worth, TX-OK",BSREP III / BSREP III Forest City Co-Invest,Forest City,The Wilson Building,,,,,,,-7.99%,0.94%,0.29%,,,,,,,
"Dallas-Fort Worth, TX-OK",BSREP IV,Watermark Lodging,Le Meridian Dallas,-0.47%,0.82%,1.64%,,,,,,,,,,,,,
"Denver-Aurora-Greeley, CO",BPREP US,National Logistics Portfolio,Easter Business Center,,,,5.05%,1.46%,0.31%,,,,,,,,,,
"Denver-Aurora-Greeley, CO",BPREP US,National Logistics Portfolio,Penhall Denver,,,,0.00%,,0.09%,,,,,,,,,,
"Denver-Aurora-Greeley, CO",BPREP US,Vernon Logistics Portfolio,4770 Joliet Street,,,,2.00%,1.46%,0.11%,,,,,,,,,,
"Denver-Aurora-Greeley, CO",BPY,BPY Office US,Republic Plaza,,,,,,,,,,23.56%,0.80%,0.01%,,,,
"Denver-Aurora-Greeley, CO",BPY / BWS / CIC/BPY Retail,Park Meadows,Park Meadows,,,,,,,,,,,,,4.42%,1.79%,3.08%,
"Denver-Aurora-Greeley, CO",BPY / CIC/BPY Retail,Core Retail,Southwest Plaza,,,,,,,,,,,,,-6.34%,1.79%,0.16%,
"Denver-Aurora-Greeley, CO",BSREP IV,Watermark Lodging,Embassy Suites Denver,8.02%,3.19%,3.01%,,,,,,,,,,,,,
"Des Moines-West Des Moines-Ames, IA",BPY / BWS / CIC/BPY Retail,Jordan Creek Town Center,Jordan Creek Town Center,,,,,,,,,,,,,2.42%,0.12%,1.03%,
"Greensboro--Winston-Salem--High Point, NC",BPY / CIC/BPY Retail,Core Retail,Four Seasons Town Centre,,,,,,,,,,,,,-1.56%,2.52%,0.27%,
"Greenville-Washington, NC",BPY / BSREP II,Rouse Properties,Greenville Mall,,,,,,,,,,,,,7.25%,2.17%,,
"Houston-Pasadena, TX",,,C. Baldwin,-6.95%,8.03%,2.27%,,,,,,,,,,,,,
"Houston-Pasadena, TX",BPREP US,National Logistics Portfolio,Beltway Distribution Center,,,,17.28%,1.08%,0.47%,,,,,,,,,,
"Houston-Pasadena, TX",BPREP US,National Logistics Portfolio,Park 10 Business Center 1,,,,4.73%,1.08%,0.34%,,,,,,,,,,
"Houston-Pasadena, TX",BPREP US,National Logistics Portfolio,Park 10 Business Center 2,,,,10.37%,1.08%,0.16%,,,,,,,,,,
"Houston-Pasadena, TX",BPREP US,National Logistics Portfolio,Park 10 Business Center 3,,,,3.03%,1.08%,0.12%,,,,,,,,,,
"Houston-Pasadena, TX",BPREP US,National Logistics Portfolio,Park 10 Business Center 4,,,,9.94%,1.08%,0.09%,,,,,,,,,,
"Houston-Pasadena, TX",BPREP US,National Logistics Portfolio,Park 10 Business Center 5,,,,6.02%,1.08%,0.08%,,,,,,,,,,
"Houston-Pasadena, TX",BPREP US,Vernon Logistics Portfolio,4420 Windfern Road,,,,2.00%,1.08%,0.09%,,,,,,,,,,
"Houston-Pasadena, TX",BPREP US,Village on Memorial,Village on Memorial,,,,,,,0.42%,2.18%,0.91%,,,,,,,
"Houston-Pasadena, TX",BPY,BPY Office US,TotalEnergies Tower,,,,,,,,,,-9.66%,1.11%,0.07%,,,,
"Houston-Pasadena, TX",BPY / BWS / CIC/BPY Retail,The Woodlands Mall,The Woodlands Mall,,,,,,,,,,,,,1.13%,1.89%,1.86%,
"Houston-Pasadena, TX",BPY / CIC/BPY Retail,Core Retail,Baybrook Mall,,,,,,,,,,,,,2.03%,1.89%,1.56%,
"Houston-Pasadena, TX",BPY / CIC/BPY Retail,Core Retail,Deerbrook Mall,,,,,,,,,,,,,-0.10%,1.89%,0.77%,
"Houston-Pasadena, TX",BPY / CIC/BPY Retail,Core Retail,First Colony Mall,,,,,,,,,,,,,2.28%,1.89%,1.06%,
"Houston-Pasadena, TX",BPY / CIC/BPY Retail,Core Retail,Willowbrook Mall TX,,,,,,,,,,,,,1.26%,1.89%,1.06%,
"Houston-Pasadena, TX",BSREP III,BSREP III US Logistics,290 Eight Distribution Center,,,,3.00%,1.08%,0.93%,,,,,,,,,,
"Houston-Pasadena, TX",BSREP IV,BSREP IV North American Logistics Portfolio,17506 East Hardy Road,,,,24.03%,1.08%,0.82%,,,,,,,,,,
"Houston-Pasadena, TX",BSREP IV,BSREP IV North American Logistics Portfolio,Interwood Business Park,,,,3.04%,1.08%,0.41%,,,,,,,,,,
"Houston-Pasadena, TX",US Office Fund,Allen Center,One Allen Center,,,,,,,,,,1.10%,1.11%,0.79%,,,,
"Houston-Pasadena, TX",US Office Fund,Allen Center,Three Allen Center,,,,,,,,,,-13.57%,1.11%,0.89%,,,,
"Houston-Pasadena, TX",US Office Fund,Allen Center,Two Allen Center,,,,,,,,,,2.01%,1.11%,2.11%,,,,
"Idaho Falls-Rexburg-Blackfoot, ID",BPY / CIC/BPY Retail,Core Retail,Grand Teton Mall,,,,,,,,,,,,,2.90%,0.78%,0.11%,
"Indianapolis-Carmel-Muncie, IN",Brookfield US REIT (NTR),187 Bartram Parkway,Aisin Logistics Center,,,,0.00%,,0.53%,,,,,,,,,,
"Kansas City-Overland Park-Kansas City, MO-KS",BSREP IV,Watermark Lodging,Marriott Kansas,0.79%,0.82%,1.79%,,,,,,,,,,,,,
"Las Vegas-Henderson, NV",BPREP US,National Logistics Portfolio,Penhall Las Vegas,,,,37.33%,0.17%,0.16%,,,,,,,,,,
"Las Vegas-Henderson, NV",BPREP US,Vernon Logistics Portfolio,4120 Sobb Avenue,,,,2.00%,0.17%,0.12%,,,,,,,,,,
"Las Vegas-Henderson, NV",BPY / BWS / CIC/BPY Retail,Fashion Show Las Vegas,Fashion Show,,,,,,,,,,,,,-2.74%,1.75%,4.64%,
"Las Vegas-Henderson, NV",BPY / BWS / CIC/BPY Retail,Grand Canal Shoppes,The Grand Canal Shoppes,,,,,,,,,,,,,-1.14%,1.75%,3.78%,
"Las Vegas-Henderson, NV",BPY / CIC/BPY Retail,Core Retail,Meadows Mall,,,,,,,,,,,,,-6.91%,1.75%,0.23%,
"Los Angeles-Long Beach, CA",,,Promenade Temecula,,,,,,,,,,,,,0.44%,0.81%,,
"Los Angeles-Long Beach, CA",,,Victoria Gardens,,,,,,,,,,,,,6.14%,0.81%,,
"Los Angeles-Long Beach, CA",BPREP US,National Logistics Portfolio,11171 Venture Drive,,,,-0.07%,1.49%,0.28%,,,,,,,,,,
"Los Angeles-Long Beach, CA",BPREP US,National Logistics Portfolio,15910 Valley View Ave,,,,3.00%,1.49%,0.65%,,,,,,,,,,
"Los Angeles-Long Beach, CA",BPREP US,National Logistics Portfolio,16404 Knott Ave,,,,3.00%,1.49%,0.43%,,,,,,,,,,
"Los Angeles-Long Beach, CA",BPREP US,National Logistics Portfolio,1729 Apollo Court,,,,38.83%,1.49%,0.61%,,,,,,,,,,
"Los Angeles-Long Beach, CA",BPREP US,National Logistics Portfolio,1771 Delilah,,,,-1.01%,1.49%,0.34%,,,,,,,,,,
"Los Angeles-Long Beach, CA",BPREP US,National Logistics Portfolio,1901 W. Center Street,,,,3.00%,1.49%,1.57%,,,,,,,,,,
"Los Angeles-Long Beach, CA",BPREP US,National Logistics Portfolio,21046 Figueroa,,,,4.17%,1.49%,0.63%,,,,,,,,,,
"Los Angeles-Long Beach, CA",BPREP US,National Logistics Portfolio,21112 Figueroa,,,,3.00%,1.49%,0.71%,,,,,,,,,,
"Los Angeles-Long Beach, CA",BPREP US,National Logistics Portfolio,3425/3435 Vernon,,,,3.26%,1.49%,1.77%,,,,,,,,,,
"Los Angeles-Long Beach, CA",BPREP US,National Logistics Portfolio,3501 Vernon,,,,2.96%,1.49%,0.56%,,,,,,,,,,
"Los Angeles-Long Beach, CA",BPREP US,National Logistics Portfolio,4000 Noakes,,,,-22.08%,1.49%,,,,,,,,,,,
"Los Angeles-Long Beach, CA",BPREP US,National Logistics Portfolio,4625 District Boulevard,,,,3.83%,1.49%,0.45%,,,,,,,,,,
"Los Angeles-Long Beach, CA",BPREP US,National Logistics Portfolio,Canyon Commerce Center,,,,4.00%,1.49%,1.63%,,,,,,,,,,
"Los Angeles-Long Beach, CA",BPREP US,National Logistics Portfolio,I-210 Logistics Center II,,,,3.00%,1.49%,4.22%,,,,,,,,,,
"Los Angeles-Long Beach, CA",BPREP US,National Logistics Portfolio,Penhall Anaheim,,,,0.00%,,0.52%,,,,,,,,,,
"Los Angeles-Long Beach, CA",BPREP US,Vernon Logistics Portfolio,2100 38th Street,,,,2.00%,1.49%,0.81%,,,,,,,,,,
"Los Angeles-Long Beach, CA",BPREP US,Vernon Logistics Portfolio,2200 East 55th Avenue,,,,2.00%,1.49%,1.07%,,,,,,,,,,
"Los Angeles-Long Beach, CA",BPREP US,Vernon Logistics Portfolio,2450 East Vernon Avenue,,,,2.00%,1.49%,0.25%,,,,,,,,,,
"Los Angeles-Long Beach, CA",BPREP US,Vernon Logistics Portfolio,2503 East Vernon Avenue,,,,2.00%,1.49%,1.12%,,,,,,,,,,
"Los Angeles-Long Beach, CA",BPREP US,Vernon Logistics Portfolio,2620 East Vernon Avenue,,,,2.00%,1.49%,0.06%,,,,,,,,,,
"Los Angeles-Long Beach, CA",BPREP US,Vernon Logistics Portfolio,2651 East Vernon Ave,,,,2.02%,1.49%,0.64%,,,,,,,,,,
"Los Angeles-Long Beach, CA",BPREP US,Vernon Logistics Portfolio,2716 East Vernon Ave,,,,2.00%,1.49%,0.23%,,,,,,,,,,
"Los Angeles-Long Beach, CA",BPREP US / BPREP US Carmel Co-Invest,Coastal Multifamily Portfolio,8th and Grand,,,,,,,-4.08%,1.11%,3.37%,,,,,,,
"Los Angeles-Long Beach, CA",BPREP US / BPREP US Carmel Co-Invest,Coastal Multifamily Portfolio,Alder,,,,,,,1.89%,1.11%,1.39%,,,,,,,
"Los Angeles-Long Beach, CA",BPREP US / BPREP US Carmel Co-Invest,Coastal Multifamily Portfolio,Atelier,,,,,,,-4.05%,1.11%,2.29%,,,,,,,
"Los Angeles-Long Beach, CA",BPY / CIC/BPY Retail,Core Retail,Galleria at Tyler,,,,,,,,,,,,,1.64%,0.81%,0.59%,
"Los Angeles-Long Beach, CA",BPY / CIC/BPY Retail,Core Retail,Glendale Galleria,,,,,,,,,,,,,2.23%,0.81%,2.23%,
"Los Angeles-Long Beach, CA",BPY / CIC/BPY Retail / Future Fund SMA,Future Fund Retail Portfolio,Northridge Fashion Center,,,,,,,,,,,,,-1.52%,0.81%,1.14%,
"Los Angeles-Long Beach, CA",BSREP III,BSREP III US Logistics,14555 Alondra Boulevard,,,,-29.24%,1.49%,0.75%,,,,,,,,,,
"Los Angeles-Long Beach, CA",BSREP III,BSREP III US Logistics,1603 Steel,,,,3.00%,1.49%,0.30%,,,,,,,,,,
"Los Angeles-Long Beach, CA",BSREP III,BSREP III US Logistics,825 E. Central,,,,-49.26%,1.49%,,,,,,,,,,,
"Los Angeles-Long Beach, CA",BSREP III / BSREP III Forest City Co-Invest,Forest City,Metro 417,,,,,,,-0.30%,1.11%,0.98%,,,,,,,
"Los Angeles-Long Beach, CA",BSREP III / BSREP III Forest City Co-Invest / BSREP V,BSREP V US Multifamily / Forest City,The Met Los Angeles,,,,,,,-1.73%,1.11%,0.85%,,,,,,,
"Los Angeles-Long Beach, CA",BSREP IV,BSREP IV North American Logistics Portfolio,14601 Slover Avenue,,,,-6.89%,1.49%,-0.16%,,,,,,,,,,
"Los Angeles-Long Beach, CA",BSREP IV,BSREP IV North American Logistics Portfolio,1880 Riverview Drive,,,,3.00%,1.49%,-0.05%,,,,,,,,,,
"Los Angeles-Long Beach, CA",BSREP IV,Watermark Lodging,Westin Pasadena,7.55%,0.52%,3.18%,,,,,,,,,,,,,
"Los Angeles-Long Beach, CA",DTLA,Bank of America Plaza,Bank of America Plaza,,,,,,,,,,-30.30%,1.23%,0.01%,,,,
"Los Angeles-Long Beach, CA",DTLA,Ernst & Young Plaza,Ernst & Young Plaza,,,,,,,,,,-6.99%,1.23%,0.01%,,,,
"Los Angeles-Long Beach, CA",DTLA,FIG at 7th,FIGat7th,,,,,,,,,,-2.58%,1.23%,0.00%,,,,
"Los Angeles-Long Beach, CA",DTLA,Wells Fargo Center North,Wells Fargo Center - North Tower,,,,,,,,,,7.62%,1.23%,0.00%,,,,
"Los Angeles-Long Beach, CA",US Office Fund,Marina Towers,Marina Towers,,,,,,,,,,-2.08%,1.23%,0.70%,,,,
"Louisville/Jefferson County--Elizabethtown, KY-IN",BPY / CIC/BPY Retail,Core Retail,Mall St. Matthews,,,,,,,,,,,,,-5.54%,1.90%,0.30%,
"Louisville/Jefferson County--Elizabethtown, KY-IN",BPY / CIC/BPY Retail,Core Retail,Oxmoor Center Mall,,,,,,,,,,,,,3.98%,1.90%,0.58%,
"Macon-Bibb County--Warner Robins, GA",BPY / CIC/BPY Retail,Core Retail,The Shoppes at River Crossing,,,,,,,,,,,,,4.37%,2.73%,0.23%,
"Miami-Port St. Lucie-Fort Lauderdale, FL",,,,1.87%,4.59%,2.18%,,,,,,,,,,,,,
"Miami-Port St. Lucie-Fort Lauderdale, FL",,,Mayfair House,3.52%,4.59%,2.07%,,,,,,,,,,,,,
"Miami-Port St. Lucie-Fort Lauderdale, FL",BPREP US,National Logistics Portfolio,10800 - 10810 NW 92nd Terrace,,,,32.73%,2.66%,2.33%,,,,,,,,,,
"Miami-Port St. Lucie-Fort Lauderdale, FL",BPREP US,National Logistics Portfolio,2105 NW 102nd Ave,,,,2.72%,2.66%,0.25%,,,,,,,,,,
"Miami-Port St. Lucie-Fort Lauderdale, FL",BPREP US,National Logistics Portfolio,3400 NW 74th Ave,,,,3.10%,2.66%,3.55%,,,,,,,,,,
"Miami-Port St. Lucie-Fort Lauderdale, FL",BPREP US,National Logistics Portfolio,700 Banyan,,,,2.00%,2.66%,1.04%,,,,,,,,,,
"Miami-Port St. Lucie-Fort Lauderdale, FL",BPREP US,National Logistics Portfolio,7500 NW 35th Terrace,,,,3.02%,2.66%,1.25%,,,,,,,,,,
"Miami-Port St. Lucie-Fort Lauderdale, FL",BPREP US,National Logistics Portfolio,8800 NW 79th Ave,,,,3.00%,2.66%,0.32%,,,,,,,,,,
"Miami-Port St. Lucie-Fort Lauderdale, FL",BPREP US,National Logistics Portfolio,America's Gateway Park Building 1,,,,28.30%,2.66%,0.66%,,,,,,,,,,
"Miami-Port St. Lucie-Fort Lauderdale, FL",BPREP US,National Logistics Portfolio,America's Gateway Park Building 2,,,,11.30%,2.66%,0.65%,,,,,,,,,,
"Miami-Port St. Lucie-Fort Lauderdale, FL",BPREP US,National Logistics Portfolio,America's Gateway Park Building 4,,,,44.31%,2.66%,0.27%,,,,,,,,,,
"Miami-Port St. Lucie-Fort Lauderdale, FL",BPREP US,National Logistics Portfolio,Deerfield - 674 Building,,,,15.83%,2.66%,0.47%,,,,,,,,,,
"Miami-Port St. Lucie-Fort Lauderdale, FL",BPREP US,National Logistics Portfolio,Deerfield - 700,,,,3.63%,2.66%,0.49%,,,,,,,,,,
"Miami-Port St. Lucie-Fort Lauderdale, FL",BPREP US,National Logistics Portfolio,Deerfield - 712 Building,,,,27.86%,2.66%,0.53%,,,,,,,,,,
"Miami-Port St. Lucie-Fort Lauderdale, FL",BPREP US,National Logistics Portfolio,Deerfield - 736 Building,,,,9.10%,2.66%,0.58%,,,,,,,,,,
"Miami-Port St. Lucie-Fort Lauderdale, FL",BPREP US,National Logistics Portfolio,Medley Palms,,,,9.98%,2.66%,0.58%,,,,,,,,,,
"Miami-Port St. Lucie-Fort Lauderdale, FL",BPREP US,National Logistics Portfolio,Palmetto Airport Center 1,,,,9.96%,2.66%,0.57%,,,,,,,,,,
"Miami-Port St. Lucie-Fort Lauderdale, FL",BPREP US,National Logistics Portfolio,Palmetto Airport Center 2,,,,18.72%,2.66%,0.55%,,,,,,,,,,
"Miami-Port St. Lucie-Fort Lauderdale, FL",BPREP US,Solano at Miramar,Solano at Miramar,,,,,,,1.33%,1.44%,2.06%,,,,,,,
"Miami-Port St. Lucie-Fort Lauderdale, FL",BPREP US,Vernon Logistics Portfolio,14290 Northwest 4th Street,,,,2.00%,2.66%,0.21%,,,,,,,,,,
"Miami-Port St. Lucie-Fort Lauderdale, FL",BPY / BWS / CIC/BPY Retail,Shops at Merrick Park,Shops at Merrick Park,,,,,,,,,,,,,11.67%,2.38%,1.57%,
"Miami-Port St. Lucie-Fort Lauderdale, FL",BPY / CIC/BPY Retail,Core Retail,Miami Design District,,,,,,,,,,,,,12.24%,2.38%,6.88%,
"Miami-Port St. Lucie-Fort Lauderdale, FL",BPY / CIC/BPY Retail / Future Fund SMA,Future Fund Retail Portfolio,Mizner Park,,,,,,,,,,,,,1.52%,2.38%,0.36%,
"Miami-Port St. Lucie-Fort Lauderdale, FL",BPY / CIC/BPY Retail / Future Fund SMA,Future Fund Retail Portfolio,Pembroke Lakes Mall,,,,,,,,,,,,,-1.76%,2.38%,0.54%,
"Miami-Port St. Lucie-Fort Lauderdale, FL",BSREP III,BSREP III US Logistics,2280 West Copans Road,,,,-5.67%,2.66%,0.45%,,,,,,,,,,
"Miami-Port St. Lucie-Fort Lauderdale, FL",BSREP III,BSREP III US Logistics,3245 W. McNab Road,,,,15.06%,2.66%,0.09%,,,,,,,,,,
"Miami-Port St. Lucie-Fort Lauderdale, FL",BSREP III,BSREP III US Logistics,Airport West Commerce Center,,,,3.92%,2.66%,0.40%,,,,,,,,,,
"Miami-Port St. Lucie-Fort Lauderdale, FL",BSREP III,BSREP III US Logistics,Commerce Center at Countyline,,,,3.50%,2.66%,1.34%,,,,,,,,,,
"Miami-Port St. Lucie-Fort Lauderdale, FL",BSREP III,Hilton Fort Lauderdale Marina,Hilton Ft. Lauderdale,4.31%,4.59%,4.78%,,,,,,,,,,,,,
"Miami-Port St. Lucie-Fort Lauderdale, FL",BSREP III,Marriott Hutchinson Island,Marriott Hutchinson Island,6.46%,4.59%,1.56%,,,,,,,,,,,,,
"Miami-Port St. Lucie-Fort Lauderdale, FL",BSREP IV,BSREP IV North American Logistics Portfolio,1500 NW 95th Ave,,,,-49.51%,2.66%,,,,,,,,,,,
"Miami-Port St. Lucie-Fort Lauderdale, FL",BSREP IV,Watermark Lodging,Hawk's Cay,-11.45%,4.59%,1.56%,,,,,,,,,,,,,
"Miami-Port St. Lucie-Fort Lauderdale, FL",BSREP IV,Watermark Lodging,Ritz Ft. Lauderdale,3.91%,4.59%,4.52%,,,,,,,,,,,,,
"Milwaukee-Racine-Waukesha, WI",,,Mayfair,,,,,,,,,,,,,6.95%,0.25%,1.07%,
"Minneapolis-St. Paul, MN-WI",BPY / CIC/BPY Retail,Core Retail,Ridgedale Center,,,,,,,,,,,,,-3.43%,0.83%,0.53%,
"Nashville-Davidson--Murfreesboro, TN",Brookfield US REIT (NTR),The Burnham,The Burnham Nashville,,,,,,,-8.20%,0.54%,2.50%,,,,,,,
"Nashville-Davidson--Murfreesboro, TN",BSREP IV,BSREP IV North American Logistics Portfolio,733 Massman Drive,,,,36.83%,3.92%,0.22%,,,,,,,,,,
"New Orleans-Metairie-Slidell, LA-MS",BPY / CIC/BPY Retail,Core Retail,Oakwood Center LA,,,,,,,,,,,,,-19.18%,1.61%,0.13%,
"New Orleans-Metairie-Slidell, LA-MS",BPY / CIC/BPY Retail,Core Retail,Oakwood Mall WI,,,,,,,,,,,,,-0.18%,1.61%,0.18%,
"New Orleans-Metairie-Slidell, LA-MS",BSREP IV,Watermark Lodging,Hyatt Centric French Quarter,-8.91%,,1.68%,,,,,,,,,,,,,
"New York-Newark, NY-NJ-CT-PA",,,Pendry Manhattan West,11.97%,5.62%,6.75%,,,,,,,,,,,,,
"New York-Newark, NY-NJ-CT-PA",BOZ / BPY,The Bellslip,The Bellslip,,,,,,,1.59%,2.28%,3.47%,,,,,,,
"New York-Newark, NY-NJ-CT-PA",BOZ / BPY / CIC/BPY Retail,The SoNo Collection,The SoNo Collection,,,,,,,,,,,,,-2.37%,1.76%,0.37%,
"New York-Newark, NY-NJ-CT-PA",BPREP US,National Logistics Portfolio,1 Adams Boulevard,,,,2.50%,1.55%,0.51%,,,,,,,,,,
"New York-Newark, NY-NJ-CT-PA",BPREP US,National Logistics Portfolio,10 Industrial Avenue,,,,4.75%,1.55%,0.43%,,,,,,,,,,
"New York-Newark, NY-NJ-CT-PA",BPREP US,National Logistics Portfolio,10 Patton Drive,,,,3.00%,1.55%,1.09%,,,,,,,,,,
"New York-Newark, NY-NJ-CT-PA",BPREP US,National Logistics Portfolio,100 Commercial St,,,,-0.60%,1.55%,0.44%,,,,,,,,,,
"New York-Newark, NY-NJ-CT-PA",BPREP US,National Logistics Portfolio,111 Kero,,,,2.02%,1.55%,0.71%,,,,,,,,,,
"New York-Newark, NY-NJ-CT-PA",BPREP US,National Logistics Portfolio,135 Spagnoli Road,,,,3.34%,1.55%,0.74%,,,,,,,,,,
"New York-Newark, NY-NJ-CT-PA",BPREP US,National Logistics Portfolio,241 Clinton,,,,2.90%,1.55%,0.66%,,,,,,,,,,
"New York-Newark, NY-NJ-CT-PA",BPREP US,National Logistics Portfolio,303 Smith Street,,,,-7.57%,1.55%,0.29%,,,,,,,,,,
"New York-Newark, NY-NJ-CT-PA",BPREP US,National Logistics Portfolio,55 Bay Street,,,,4.50%,1.55%,1.44%,,,,,,,,,,
"New York-Newark, NY-NJ-CT-PA",BPREP US,National Logistics Portfolio,55 Railroad,,,,31.67%,1.55%,0.31%,,,,,,,,,,
"New York-Newark, NY-NJ-CT-PA",BPREP US,Vernon Logistics Portfolio,60 Seaview Drive,,,,2.00%,1.55%,0.59%,,,,,,,,,,
"New York-Newark, NY-NJ-CT-PA",BPREP US / BPREP US Carmel Co-Invest,Coastal Multifamily Portfolio,15 Cliff,,,,,,,2.17%,2.28%,1.23%,,,,,,,
"New York-Newark, NY-NJ-CT-PA",BPREP US / BPY,One Blue Slip,One Blue Slip,,,,,,,1.15%,2.28%,2.99%,,,,,,,
"New York-Newark, NY-NJ-CT-PA",BPREP US / BPY,One New York Plaza,One New York Plaza,,,,,,,,,,-1.50%,0.97%,3.64%,,,,
"New York-Newark, NY-NJ-CT-PA",BPY,BPY Office US,300 Madison Avenue,,,,,,,,,,-0.00%,0.97%,8.45%,,,,
"New York-Newark, NY-NJ-CT-PA",BPY,BPY Office US,Brookfield Place - 300 Vesey Street,,,,,,,,,,6.51%,0.97%,1.87%,,,,
"New York-Newark, NY-NJ-CT-PA",BPY,BPY Office US,One Manhattan West,,,,,,,,,,-1.42%,0.97%,21.20%,,,,
"New York-Newark, NY-NJ-CT-PA",BPY,Two Blue Slip,Two Blue Slip,,,,,,,1.29%,2.28%,3.89%,,,,,,,
"New York-Newark, NY-NJ-CT-PA",BPY / BWS,Five Manhattan West - Office,Five Manhattan West,,,,,,,,,,-17.60%,0.97%,20.92%,,,,
"New York-Newark, NY-NJ-CT-PA",BPY / BWS,Grace Building,Grace Building,,,,,,,,,,-21.17%,0.97%,28.33%,,,,
"New York-Newark, NY-NJ-CT-PA",BPY / BWS,One Liberty Plaza,One Liberty Plaza,,,,,,,,,,6.13%,0.97%,10.92%,,,,
"New York-Newark, NY-NJ-CT-PA",BPY / BWS,The Eugene,The Eugene,,,,,,,4.64%,2.28%,9.95%,,,,,,,
"New York-Newark, NY-NJ-CT-PA",BPY / CIC/BPY Retail,Core Retail,685 Fifth Avenue Retail,,,,,,,,,,,,,0.47%,1.76%,0.78%,
"New York-Newark, NY-NJ-CT-PA",BPY / CIC/BPY Retail,Core Retail,730 Fifth Avenue - Retail,,,,,,,,,,,,,3.99%,1.76%,2.62%,
"New York-Newark, NY-NJ-CT-PA",BPY / CIC/BPY Retail,Core Retail,Paramus Park,,,,,,,,,,,,,13.62%,1.76%,0.25%,
"New York-Newark, NY-NJ-CT-PA",BPY / CIC/BPY Retail,Core Retail,Staten Island Mall,,,,,,,,,,,,,-0.81%,1.76%,1.37%,
"New York-Newark, NY-NJ-CT-PA",BPY / CIC/BPY Retail,Core Retail,Willowbrook Mall (NJ),,,,,,,,,,,,,-3.61%,1.76%,1.77%,
"New York-Newark, NY-NJ-CT-PA",BSREP II,BSREP II US Manufactured Housing,Waterside,,,,,,,2.36%,2.28%,8.93%,,,,,,,
"New York-Newark, NY-NJ-CT-PA",BSREP III,BSREP III US Logistics,125 James,,,,4.38%,1.55%,0.15%,,,,,,,,,,
"New York-Newark, NY-NJ-CT-PA",BSREP III,BSREP III US Logistics,20 Harry Shupe Blvd,,,,3.00%,1.55%,5.22%,,,,,,,,,,
"New York-Newark, NY-NJ-CT-PA",BSREP III,BSREP III US Logistics,40 Verona Ave.,,,,0.00%,,0.27%,,,,,,,,,,
"New York-Newark, NY-NJ-CT-PA",BSREP III,BSREP III US Logistics,426 Eagle Rock,,,,15.76%,1.55%,0.49%,,,,,,,,,,
"New York-Newark, NY-NJ-CT-PA",BSREP III,BSREP III US Logistics,80-98 North Main Street,,,,30.59%,1.55%,7.90%,,,,,,,,,,
"New York-Newark, NY-NJ-CT-PA",BSREP III,BSREP III US Logistics,Belmont Distribution Center,,,,-47.57%,1.55%,,,,,,,,,,,
"New York-Newark, NY-NJ-CT-PA",BSREP III,BSREP III US Logistics,Monroe 8A Logistics Center,,,,2.92%,1.55%,4.81%,,,,,,,,,,
"New York-Newark, NY-NJ-CT-PA",BSREP III / BSREP III Forest City Co-Invest,Forest City,VYV North,,,,,,,0.42%,2.28%,2.70%,,,,,,,
"New York-Newark, NY-NJ-CT-PA",BSREP III / BSREP III Forest City Co-Invest,Forest City,VYV South,,,,,,,0.42%,2.28%,2.92%,,,,,,,
"New York-Newark, NY-NJ-CT-PA",BSREP IV,BSREP IV North American Logistics Portfolio,100 Lake Drive,,,,0.00%,,0.13%,,,,,,,,,,
"New York-Newark, NY-NJ-CT-PA",BSREP IV,BSREP IV North American Logistics Portfolio,100 Randolph Road,,,,11.48%,1.55%,0.83%,,,,,,,,,,
"New York-Newark, NY-NJ-CT-PA",BSREP IV,BSREP IV North American Logistics Portfolio,106 Kenny Place,,,,2.21%,1.55%,0.53%,,,,,,,,,,
"New York-Newark, NY-NJ-CT-PA",BSREP IV,BSREP IV North American Logistics Portfolio,125-127 Kingsland Ave,,,,8.94%,1.55%,0.22%,,,,,,,,,,
"New York-Newark, NY-NJ-CT-PA",BSREP IV,BSREP IV North American Logistics Portfolio,50 Randolph Road,,,,2.60%,1.55%,-0.22%,,,,,,,,,,
"New York-Newark, NY-NJ-CT-PA",BSREP IV,BSREP IV North American Logistics Portfolio,65-75 Kingsland Ave,,,,-3.22%,1.55%,0.15%,,,,,,,,,,
"Oklahoma City-Shawnee, OK",BPY / CIC/BPY Retail,Core Retail,Quail Springs Mall,,,,,,,,,,,,,-8.17%,1.09%,0.14%,
"Oklahoma City-Shawnee, OK",BPY / CIC/BPY Retail,Core Retail,Sooner Mall,,,,,,,,,,,,,-9.92%,1.09%,0.12%,
"Omaha-Fremont, NE-IA",BPY / CIC/BPY Retail / Future Fund SMA,Future Fund Retail Portfolio,Westroads Mall,,,,,,,,,,,,,-0.16%,2.04%,0.42%,
"Orlando-Lakeland-Deltona, FL",BPREP US,National Logistics Portfolio,2002 Directors Row,,,,-49.26%,2.36%,,,,,,,,,,,
"Orlando-Lakeland-Deltona, FL",BPREP US,Vernon Logistics Portfolio,6950 Presidents Drive,,,,2.00%,2.36%,0.09%,,,,,,,,,,
"Orlando-Lakeland-Deltona, FL",BPY / CIC/BPY Retail,Core Retail,Altamonte Mall,,,,,,,,,,,,,-2.60%,67.85%,0.73%,
"Orlando-Lakeland-Deltona, FL",Brookfield US REIT (NTR),Domain,Domain,,,,,,,-3.00%,1.24%,0.96%,,,,,,,
"Orlando-Lakeland-Deltona, FL",Brookfield US REIT (NTR),Mclane Distribution Center,McLane Distribution Center,,,,1.71%,2.36%,0.54%,,,,,,,,,,
"Orlando-Lakeland-Deltona, FL",BSREP III,BSREP III US Logistics,McCoy Field Logistics Center - Phase 1,,,,3.14%,2.36%,,,,,,,,,,,
"Philadelphia-Reading-Camden, PA-NJ-DE-MD",,,,1.33%,1.48%,4.10%,,,,,,,,,,,,,
"Philadelphia-Reading-Camden, PA-NJ-DE-MD",BPREP US,National Logistics Portfolio,9775 Commerce Circle,,,,31.33%,1.76%,0.85%,,,,,,,,,,
"Philadelphia-Reading-Camden, PA-NJ-DE-MD",BPREP US,Vernon Logistics Portfolio,1511 Lancer Drive,,,,2.00%,1.76%,0.06%,,,,,,,,,,
"Philadelphia-Reading-Camden, PA-NJ-DE-MD",BPY / CIC/BPY Retail,Core Retail,Christiana Mall,,,,,,,,,,,,,-3.08%,1.60%,2.34%,
"Philadelphia-Reading-Camden, PA-NJ-DE-MD",Brookfield US REIT (NTR),Briggs + Union,Briggs + Union,,,,,,,1.72%,2.44%,1.67%,,,,,,,
"Phoenix-Mesa, AZ",BPREP US,National Logistics Portfolio,Penhall Phoenix,,,,0.00%,,0.12%,,,,,,,,,,
"Phoenix-Mesa, AZ",BPREP US,Vernon Logistics Portfolio,640 South 54th Ave,,,,2.00%,1.75%,0.07%,,,,,,,,,,
"Pittsburgh-Weirton-Steubenville, PA-OH-WV",Brookfield US REIT (NTR),2626 South Side Flats,2626 South Side Flats,,,,,,,-0.20%,3.07%,0.85%,,,,,,,
"Portland-Lewiston-South Portland, ME",BPY / CIC/BPY Retail / Future Fund SMA,Future Fund Retail Portfolio,The Maine Mall,,,,,,,,,,,,,1.31%,1.34%,0.49%,
"Portland-Vancouver-Salem, OR-WA",BPY / CIC/BPY Retail,Core Retail,Clackamas Town Center,,,,,,,,,,,,,1.77%,0.56%,0.62%,
"Portland-Vancouver-Salem, OR-WA",BPY / CIC/BPY Retail,Core Retail,Pioneer Place,,,,,,,,,,,,,31.76%,0.56%,0.60%,
"Portland-Vancouver-Salem, OR-WA",Brookfield US REIT (NTR),Verso,Verso,,,,,,,-3.02%,1.96%,0.57%,,,,,,,
"Raleigh-Durham-Cary, NC",BPY / CIC/BPY Retail,Core Retail,The Streets at Southpoint,,,,,,,,,,,,,6.68%,3.05%,1.65%,
"Raleigh-Durham-Cary, NC",BSREP IV,Watermark Lodging,Marriott Raleigh,-2.75%,0.29%,2.86%,,,,,,,,,,,,,
"Rochester-Austin-Winona, MN",BPY / CIC/BPY Retail / Future Fund SMA,Future Fund Retail Portfolio,Apache Mall,,,,,,,,,,,,,-5.31%,0.10%,0.16%,
"Sacramento-Roseville, CA",BPREP US,National Logistics Portfolio,Penhall Sacramento,,,,0.00%,,0.07%,,,,,,,,,,
"Sacramento-Roseville, CA",BSREP IV,Margaritaville Resort Lake Tahoe,Margaritaville Lake Tahoe,13.54%,4.37%,1.61%,,,,,,,,,,,,,
"Salt Lake City-Provo-Orem, UT-ID",BPY / CIC/BPY Retail,Core Retail,Fashion Place,,,,,,,,,,,,,3.34%,1.69%,1.49%,
"San Antonio-New Braunfels-Kerrville, TX",BPY / BWS / CIC/BPY Retail,North Star Mall,North Star Mall,,,,,,,,,,,,,1.60%,1.37%,1.89%,
"San Antonio-New Braunfels-Kerrville, TX",BPY / BWS / CIC/BPY Retail,The Shops at La Cantera,The Shops at La Cantera,,,,,,,,,,,,,5.67%,1.37%,2.64%,
"San Jose-San Francisco-Oakland, CA",BPREP US,Mosso,Mosso,,,,,,,4.96%,48.62%,2.32%,,,,,,,
"San Jose-San Francisco-Oakland, CA",BPREP US,National Logistics Portfolio,M10 Business Park 1,,,,3.44%,1.17%,0.55%,,,,,,,,,,
"San Jose-San Francisco-Oakland, CA",BPREP US,National Logistics Portfolio,M10 Business Park 2,,,,2.39%,1.17%,0.22%,,,,,,,,,,
"San Jose-San Francisco-Oakland, CA",BPREP US,National Logistics Portfolio,M10 Business Park 3,,,,4.34%,1.17%,0.13%,,,,,,,,,,
"San Jose-San Francisco-Oakland, CA",BPREP US,Vernon Logistics Portfolio,33200 Dowe Avenue,,,,2.00%,1.17%,0.14%,,,,,,,,,,
"San Jose-San Francisco-Oakland, CA",BPREP US,Village at San Antonio Center,The Village Residences,,,,,,,8.63%,48.62%,2.90%,,,,,,,
"San Jose-San Francisco-Oakland, CA",BPREP US / BPREP US Carmel Co-Invest,Coastal Multifamily Portfolio,Vintage,,,,,,,0.40%,48.62%,2.01%,,,,,,,
"San Jose-San Francisco-Oakland, CA",BPREP US / BPY,One Post Street,One Post Street,,,,,,,,,,13.39%,1.13%,0.16%,,,,
"San Jose-San Francisco-Oakland, CA",BPY / BSREP II,Rouse Properties,NewPark,,,,,,,,,,,,,0.01%,0.67%,,
"San Jose-San Francisco-Oakland, CA",BPY / BWS / CIC/BPY Retail,Stonestown Galleria,Stonestown Galleria,,,,,,,,,,,,,-1.62%,0.67%,1.07%,
"San Jose-San Francisco-Oakland, CA",BSREP II,Webster 11,Webster Eleven,,,,,,,0.85%,48.62%,1.59%,,,,,,,
"San Jose-San Francisco-Oakland, CA",BSREP III / BSREP III Forest City Co-Invest,Forest City,Bayside Village,,,,,,,4.49%,48.62%,6.72%,,,,,,,
"San Jose-San Francisco-Oakland, CA",BSREP IV,Watermark Lodging,Fairmont Sonoma,-2.07%,6.60%,2.58%,,,,,,,,,,,,,
"San Jose-San Francisco-Oakland, CA",BSREP IV,Watermark Lodging,Marriott San Jose,7.81%,6.60%,4.55%,,,,,,,,,,,,,
"San Jose-San Francisco-Oakland, CA",BSREP IV,Watermark Lodging,Ritz San Francisco,11.44%,6.60%,6.69%,,,,,,,,,,,,,
"Savannah-Hinesville-Statesboro, GA",BPY / CIC/BPY Retail / Future Fund SMA,Future Fund Retail Portfolio,Oglethorpe Mall,,,,,,,,,,,,,-3.49%,2.01%,0.27%,
"Savannah-Hinesville-Statesboro, GA",BSREP IV,BSREP IV North American Logistics Portfolio,6030 Commerce Boulevard,,,,5.25%,2.16%,1.29%,,,,,,,,,,
"Seattle-Tacoma, WA",BPREP US,Cielo,Cielo,,,,,,,-0.93%,2.09%,1.45%,,,,,,,
"Seattle-Tacoma, WA",BPREP US,National Logistics Portfolio,3900 150th Avenue,,,,1.50%,1.57%,0.26%,,,,,,,,,,
"Seattle-Tacoma, WA",BPREP US,Vernon Logistics Portfolio,23000 64th Avenue,,,,2.00%,1.57%,0.09%,,,,,,,,,,
"Seattle-Tacoma, WA",BPY / CIC/BPY Retail,Core Retail,Alderwood Mall,,,,,,,,,,,,,5.09%,1.27%,1.68%,
"Seattle-Tacoma, WA",BPY / CIC/BPY Retail,Core Retail,Shops at Bravern,,,,,,,,,,,,,4.64%,1.27%,0.41%,
"Seattle-Tacoma, WA",BPY / CIC/BPY Retail,Core Retail,Westlake Center,,,,,,,,,,,,,0.27%,1.27%,0.14%,
"Seattle-Tacoma, WA",BSREP IV,Watermark Lodging,Marriott Seattle Bellevue,-1.85%,1.91%,2.51%,,,,,,,,,,,,,
"Spokane-Spokane Valley-Coeur d'Alene, WA-ID",BPY / CIC/BPY Retail,Core Retail,Spokane Valley Mall,,,,,,,,,,,,,3.88%,0.69%,0.22%,
"St. Louis-St. Charles-Farmington, MO-IL",BPY / CIC/BPY Retail,Core Retail,Plaza Frontenac,,,,,,,,,,,,,7.01%,0.46%,0.67%,
"St. Louis-St. Charles-Farmington, MO-IL",BPY / CIC/BPY Retail,Core Retail,Saint Louis Galleria,,,,,,,,,,,,,-9.88%,0.46%,0.86%,
"Tallahassee-Bainbridge, FL-GA",BPY / CIC/BPY Retail / Future Fund SMA,Future Fund Retail Portfolio,Governors Square,,,,,,,,,,,,,-5.80%,1.65%,0.17%,
"Virginia Beach-Chesapeake, VA-NC",BPY / CIC/BPY Retail / Future Fund SMA,Future Fund Retail Portfolio,Lynnhaven Mall,,,,,,,,,,,,,0.45%,3.53%,0.81%,
"Virginia Beach-Chesapeake, VA-NC",BSREP IV,Watermark Lodging,Sanderling Resort,-9.64%,1.33%,0.60%,,,,,,,,,,,,,
"Washington-Baltimore-Arlington, DC-MD-VA-WV-PA",,,,5.12%,2.67%,2.60%,,,,,,,,,,,,,
"Washington-Baltimore-Arlington, DC-MD-VA-WV-PA",,,Ballston Quarter,,,,,,,,,,,,,2.89%,1.83%,,
"Washington-Baltimore-Arlington, DC-MD-VA-WV-PA",BPREP US,8421 Broad,8421 Broad,,,,,,,4.61%,3.13%,1.63%,,,,,,,
"Washington-Baltimore-Arlington, DC-MD-VA-WV-PA",BPREP US,Cameron Court,Cameron Court,,,,,,,2.47%,3.13%,2.11%,,,,,,,
"Washington-Baltimore-Arlington, DC-MD-VA-WV-PA",BPREP US,National Logistics Portfolio,2240-2280 Beaver Road,,,,1.11%,1.71%,0.79%,,,,,,,,,,
"Washington-Baltimore-Arlington, DC-MD-VA-WV-PA",BPREP US / BPY,Thayer & Spring,Thayer and Spring,,,,,,,0.26%,3.13%,1.45%,,,,,,,
"Washington-Baltimore-Arlington, DC-MD-VA-WV-PA",BPY,BPY Office US,1250 Connecticut Avenue,,,,,,,,,,-8.19%,0.74%,-0.00%,,,,
"Washington-Baltimore-Arlington, DC-MD-VA-WV-PA",BPY,BPY Office US,3 Bethesda Metro Center,,,,,,,,,,-1.29%,0.74%,0.00%,,,,
"Washington-Baltimore-Arlington, DC-MD-VA-WV-PA",BPY,BPY Office US,650 Massachusetts Avenue,,,,,,,,,,-15.68%,0.74%,0.00%,,,,
"Washington-Baltimore-Arlington, DC-MD-VA-WV-PA",BPY,BPY Office US,77 K Street,,,,,,,,,,-16.37%,0.74%,-0.00%,,,,
"Washington-Baltimore-Arlington, DC-MD-VA-WV-PA",BPY,BPY Office US,799 Ninth Street,,,,,,,,,,-14.35%,0.74%,0.00%,,,,
"Washington-Baltimore-Arlington, DC-MD-VA-WV-PA",BPY,BPY Office US,Halley Rise,,,,,,,,,,43.14%,0.74%,-0.07%,,,,
"Washington-Baltimore-Arlington, DC-MD-VA-WV-PA",BPY / BWS / CIC/BPY Retail,Tysons Galleria,Tysons Galleria,,,,,,,,,,,,,3.84%,1.83%,2.43%,
"Washington-Baltimore-Arlington, DC-MD-VA-WV-PA",BPY / CIC/BPY Retail,Core Retail,Mondawmin Mall,,,,,,,,,,,,,-3.44%,1.83%,0.19%,
"Washington-Baltimore-Arlington, DC-MD-VA-WV-PA",BPY / CIC/BPY Retail,Core Retail,The Mall in Columbia,,,,,,,,,,,,,0.26%,1.83%,1.44%,
"Washington-Baltimore-Arlington, DC-MD-VA-WV-PA",BPY / CIC/BPY Retail,Core Retail,Towson Town Center,,,,,,,,,,,,,0.48%,1.83%,0.57%,
"Washington-Baltimore-Arlington, DC-MD-VA-WV-PA",Brookfield US REIT (NTR),1110 Key Federal Hill,1110 Key Federal Hill,,,,,,,2.25%,3.13%,0.90%,,,,,,,
"Washington-Baltimore-Arlington, DC-MD-VA-WV-PA",Brookfield US REIT (NTR),2003 Beaver Road,2003 Beaver Road,,,,3.00%,1.71%,0.15%,,,,,,,,,,
"Washington-Baltimore-Arlington, DC-MD-VA-WV-PA",Brookfield US REIT (NTR),8400 Westphalia Road,8400 Westphalia,,,,2.00%,1.71%,0.54%,,,,,,,,,,
"Washington-Baltimore-Arlington, DC-MD-VA-WV-PA",Brookfield US REIT (NTR),The Parker at Huntington Metro,The Parker at Huntington Metro,,,,,,,1.91%,3.13%,1.40%,,,,,,,
"Washington-Baltimore-Arlington, DC-MD-VA-WV-PA",BSREP II,Marriott Bethesda North,Marriott Bethesda,-15.85%,2.67%,2.02%,,,,,,,,,,,,,
"Washington-Baltimore-Arlington, DC-MD-VA-WV-PA",BSREP III,BSREP III US Logistics,4653 Hollins Ferry Road,,,,-14.99%,1.71%,0.52%,,,,,,,,,,
"Washington-Baltimore-Arlington, DC-MD-VA-WV-PA",BSREP III,Sofitel Washington DC,Sofitel DC,0.14%,2.67%,3.02%,,,,,,,,,,,,,
"Washington-Baltimore-Arlington, DC-MD-VA-WV-PA",BSREP III / BSREP III Forest City Co-Invest,Forest City,Estate,,,,,,,-3.04%,3.13%,1.42%,,,,,,,
"Washington-Baltimore-Arlington, DC-MD-VA-WV-PA",BSREP III / BSREP III Forest City Co-Invest,Forest City,Foundry Lofts,,,,,,,-2.08%,3.13%,0.76%,,,,,,,
"Washington-Baltimore-Arlington, DC-MD-VA-WV-PA",BSREP III / BSREP III Forest City Co-Invest,Forest City,Guild,,,,,,,-2.92%,3.13%,0.78%,,,,,,,
"Washington-Baltimore-Arlington, DC-MD-VA-WV-PA",BSREP III / BSREP III Forest City Co-Invest,Forest City,Origin,,,,,,,3.24%,3.13%,2.40%,,,,,,,
"Washington-Baltimore-Arlington, DC-MD-VA-WV-PA",BSREP III / BSREP III Forest City Co-Invest,Forest City,The Grand,,,,,,,-0.18%,3.13%,2.15%,,,,,,,
"Washington-Baltimore-Arlington, DC-MD-VA-WV-PA",BSREP III / BSREP III Forest City Co-Invest,Forest City,Twelve12,,,,,,,-2.03%,3.13%,1.25%,,,,,,,
"Washington-Baltimore-Arlington, DC-MD-VA-WV-PA",BSREP IV,BSREP IV North American Logistics Portfolio,10641 Iron Bridge Road,,,,3.00%,1.71%,0.23%,,,,,,,,,,
"Washington-Baltimore-Arlington, DC-MD-VA-WV-PA",BSREP IV,BSREP IV North American Logistics Portfolio,6619 Iron Place,,,,3.85%,1.71%,0.46%,,,,,,,,,,
"Washington-Baltimore-Arlington, DC-MD-VA-WV-PA",BSREP IV,BSREP IV North American Logistics Portfolio,8787 Snouffer School Road,,,,3.17%,1.71%,0.44%,,,,,,,,,,
"Washington-Baltimore-Arlington, DC-MD-VA-WV-PA",BSREP IV,BSREP IV North American Logistics Portfolio,8797 Snouffer School Road,,,,3.34%,1.71%,0.50%,,,,,,,,,,
"Washington-Baltimore-Arlington, DC-MD-VA-WV-PA",BSREP IV,BSREP IV North American Logistics Portfolio,Hyattsville Small-Bay Portfolio,,,,7.30%,1.71%,0.50%,,,,,,,,,,
"Washington-Baltimore-Arlington, DC-MD-VA-WV-PA",BSREP IV,Watermark Lodging,Le Meridian Arlington,-1.10%,2.67%,1.27%,,,,,,,,,,,,,
"Washington-Baltimore-Arlington, DC-MD-VA-WV-PA",US Office Fund,Silver Spring Metro Center,Silver Spring Metro Plaza,,,,,,,,,,13.10%,0.74%,-0.01%,,,,
All other Markets,,,Ala Moana Center,,,,,,,,,,,,,-4.11%,3.99%,8.00%,
All other Markets,,,Downright Austin,12.99%,3.95%,2.14%,,,,,,,,,,,,,
All other Markets,,,Short Pump Town Center,,,,,,,,,,,,,1.86%,3.99%,,
All other Markets,BPREP US,National Logistics Portfolio,Penhall Austin,,,,0.00%,,0.02%,,,,,,,,,,
All other Markets,BPREP US,National Logistics Portfolio,Penhall San Diego,,,,0.00%,,0.10%,,,,,,,,,,
All other Markets,BPREP US,Vernon Logistics Portfolio,10280 Camino Santa Fe,,,,2.00%,1.49%,0.13%,,,,,,,,,,
All other Markets,BPY / CIC/BPY Retail,Core Retail,Otay Ranch Town Center,,,,,,,,,,,,,4.26%,3.99%,0.53%,
All other Markets,BPY / CIC/BPY Retail,Core Retail,Park City Center,,,,,,,,,,,,,5.64%,3.99%,0.73%,
All other Markets,BPY / CIC/BPY Retail,Core Retail,Pinnancle Hills,,,,,,,,,,,,,5.11%,3.99%,0.40%,
All other Markets,BPY / CIC/BPY Retail,Core Retail,Prince Kuhio Plaza,,,,,,,,,,,,,2.17%,3.99%,0.22%,
All other Markets,BPY / CIC/BPY Retail,Core Retail,Valley Plaza Mall,,,,,,,,,,,,,10.76%,3.99%,1.10%,
All other Markets,BPY / CIC/BPY Retail,Core Retail,Visalia Mall,,,,,,,,,,,,,2.83%,3.99%,0.47%,
All other Markets,BPY / CIC/BPY Retail,Core Retail,Whalers Village,,,,,,,,,,,,,2.40%,3.99%,1.31%,
All other Markets,BPY / CIC/BPY Retail / Future Fund SMA,Future Fund Retail Portfolio,Augusta Mall,,,,,,,,,,,,,-3.59%,3.99%,0.37%,
All other Markets,BSREP III,Kimpton Alma San Diego,Alma San Diego,-9.10%,3.95%,1.30%,,,,,,,,,,,,,
All other Markets,BSREP IV,Watermark Lodging,Equinox Resort,-12.28%,3.95%,1.12%,,,,,,,,,,,,,
All other Markets,BSREP IV,Watermark Lodging,Fairmont Sonoma,-2.07%,3.95%,2.58%,,,,,,,,,,,,,
All other Markets,BSREP IV,Watermark Lodging,Marriott La Jolla,-0.33%,3.95%,3.27%,,,,,,,,,,,,,
All other Markets,BSREP IV,Watermark Lodging,Ritz Bacara,-12.18%,3.95%,6.72%,,,,,,,,,,,,,
