placebo_coef_lag1,placebo_coef_delta
0.00042736170138914107,0.008141644800821954
0.0012833566811813455,0.002795597293531396
-0.0016493371633914018,-0.0053492436882435655
2.523349365325085e-05,0.0149199431980817
0.0013192482659176235,0.007785931747674447
-0.0012253165536311723,0.006969261713075477
0.0033868677399622143,-0.0019972977987935143
-5.5155696127625e-05,-0.006704190225177419
0.0010826941985100356,-0.0043103416829581255
-0.0012540288633400435,-0.007429958648719081
-0.0010455324468788363,-0.005712062166725284
-0.000458476319578437,-0.0074883626051343724
0.0010462198618291841,-0.0024267547167376963
0.00011481735529148153,0.002026684473958801
0.00032148787650764285,0.004624838518535844
-0.0016298259985268728,-0.0026164373423186674
-0.00013373021189189312,-0.00192818974007917
0.0005225608526261701,0.0057356108596682545
0.000683426251918446,0.0036460495835564143
0.0021669883804528614,-0.00820220581330766
0.0011626410240809428,0.003944475031758563
-0.0015612284526757318,0.0032575291577485537
0.0011208481329076818,-0.006638439354367168
-0.0028805913926215673,0.011221605459979554
-0.0006745183140888507,-0.01127477908366731
0.0010559422549743474,0.009972619066805941
-0.0004155585140344001,0.0005968131798892074
-0.001379049308251309,-0.001356234175620914
-0.0014068038671842386,0.0008642900635773238
-0.001051676851595863,8.462932979132487e-05
0.0005385906298449934,0.0008108070127190405
-0.0021694231663068326,-0.0037053746878852175
0.0006866890811977175,-0.00416695104043347
0.0024472155621517704,-0.0006013887456658591
0.000779949255332177,-0.0005865212736577672
0.0019105740299654379,0.0010362631913930134
-0.00036641973781217994,0.00788788840075839
0.0015117177072871274,-0.008104215458685273
0.00127328977504216,-0.003231802922228065
0.0016164803257649372,-0.0014147182760969599
0.0011574594441524698,0.0017340914609690746
-0.0013568502987766524,0.004448043669179073
0.0016880137981933451,-0.0031569293134072196
0.0011970443509005404,0.0023962541052845922
-0.0015569943785602419,-0.00445877055456913
-0.0005378643878625821,-0.0016106436800827218
-0.0027349839057202335,0.0013004639080429706
4.099932832118535e-05,0.0034316964014849296
0.0009818369567496737,0.01777928070551982
-0.0009790820848226192,-0.004591839814066253
-0.001111720319831907,-0.007337491745567395
-0.0001662604843376011,-0.008339865759418842
0.0016460710433975603,-0.001199956152110755
0.00045667885628609945,0.005631783346600837
0.001047681463558661,0.004629245639663373
0.0001193391432575808,0.009943904679014168
0.0005270515441295767,-0.0020223397806403433
0.0006382366563523657,0.0017619831991951551
-0.001013023549499031,0.0024090497543312332
-0.0012905936038587011,-0.013287411979771116
-0.0023193758175523403,0.0007773258914915443
-0.002149797734254077,0.007564885651627373
-0.0028607340308358844,-0.00036197816093104984
-0.00013393749659460714,-0.013268416751830166
0.0002071778297014351,0.014116171420159208
0.001912921958898828,0.009802073412008252
-0.0011626611454513618,-0.005207927511013028
0.0018151419029554803,0.000828386882336428
0.0001966348990660724,0.014081474432567175
-0.002489857553363208,-0.0044256281412926755
0.0019458749857530456,-2.230429645291076e-05
-0.0010776767628284337,0.00939007833274289
0.00022115892086475362,-0.010715437169390456
0.001356977791572715,0.0031434396652202934
-0.0014757046552866628,0.0018813375577865427
-0.002311582270297643,-0.010316684798076327
-0.00035819921005862985,-0.005193642985969089
0.0004769418157600404,0.00040578828355294265
8.052210859067616e-05,-0.007740070085101826
0.000316767933033351,0.0001289936903053577
-0.002661128225213946,0.006845726713168468
0.001680427288257281,0.009932943519559376
0.0030795861712331267,0.0008363362657639377
0.0023646660994624804,-0.004175742802540011
-0.0006828941770254199,-0.0066236145273804855
-0.001780456362150929,0.00241267945322315
-0.003742391523112186,-0.0037435970899131906
-0.001538695075230946,-0.006396389883192913
0.0004128704588540734,-0.0019379963400120187
-9.344188048933437e-05,0.009716746948702774
-0.0004125803334450839,0.005558916991814961
0.0013438108288805358,-0.003486432450019006
-0.0010587095511981044,0.0032162195109936673
-0.00020828085070159487,-0.005742735699144584
7.026262745473095e-05,0.001963035811893336
0.0006734374925765344,-0.002479447942359889
0.00024165648692093698,-0.0011753364798951088
-0.0018456047993320346,-0.002843492891658969
-0.00013375999258626628,-0.0012031191527334905
-0.0007251869181310055,0.006181037774124752
-0.0013564391065787682,-0.0023921804790342535
-0.0009055819904979767,0.0033027700963677463
-9.822007188335606e-05,-0.003925666329963203
-0.0005264465222107495,-0.004314190903513601
-0.0005072272830546451,0.0014192098040979543
-0.0005776729671119833,-0.010139195071988759
-0.001487248922882052,0.007699935084735467
0.0020447313663267937,0.0009438303919115289
0.0005381886553137278,-0.007076118428298448
0.0007036563482458164,-0.006565635493734469
0.00045151099692410514,-0.007443684809718739
0.0026805040594563546,0.0027654036603670805
0.0021420540898004427,-0.007443325318249252
-0.0012912629039193,0.010262248994561428
0.001206188802460541,-0.000394113547457452
0.003175463599132621,0.0020088543872593045
0.0014451539187759616,0.004537041242961547
-0.0023907444892358374,0.009969747441717983
-0.0016729177632313556,-0.007058760350361804
0.0005068290222706998,0.002816908088872966
-0.001281015195413163,-0.00140403107071163
-0.0007754928264648638,-0.002588810384684161
-0.002005139546162214,0.001503133346292873
0.0027783432416851935,0.013266098805929442
0.0001685146764888045,0.009387211609365065
-0.0018715598916420628,-0.003988308641205106
-0.00026693239847000916,0.0006333610090645813
-0.0012079836243518152,0.006353949990563953
-0.001957615054367839,-0.0015341054412204179
0.0003605667482523773,-0.007144812728047651
-0.001227256090379644,-0.004030341588746515
-0.0025781324995677026,-4.835029590645402e-05
0.004517384948965651,-0.001579048809142823
-0.0009464851483195392,0.00678461268910124
-0.0015186205724838611,-0.0028171761550347747
0.0005888025460096496,0.011507338774418618
0.0015998696190918902,-0.003710315960775866
-0.00023157678814028702,0.0032929810720059892
-0.00018838112694532472,-0.006350944575854106
-0.002693049407174765,-0.008233841351213812
-0.0008607070690553146,0.006543888280446737
0.0014856553127765228,0.00493997257944331
-0.0023608038553722364,-0.001999171854769392
-2.5615041373657594e-06,0.00032170799404304196
0.001129844598404031,0.0007103136066298851
-0.0019855179317929315,0.0011717643169936176
-0.0007397137202966775,0.00622185177450734
0.0017520346194645057,-0.0022848361308060988
0.0016908710853506216,0.0038672183985645086
0.0019043465544013533,0.0019895181118343287
0.0021394225511144086,-0.005475021188884666
0.003108745677085168,-0.0008503763235788519
0.0007509082613004872,-0.0007836254984426709
0.0006388420082922318,-0.00623027762117004
-0.00034886874403143163,-0.007535710472204016
0.0021725850922373192,-0.0021356808789343173
0.001574450637631202,0.004109577635911821
-0.0017307444686532028,-0.00045566425237218917
0.0006229082128980653,-0.0031931575747181752
0.001534205375861761,-0.0015119366171956331
-0.0023847533352876677,0.011262546303425058
-0.000840437437685823,-0.007084722932811358
-2.030394021016562e-05,0.0003814386584270969
-0.0006971001213209098,-0.005252653781567257
0.0020143555819063463,0.009876696375580482
0.0007070062291057327,-0.003856468903104631
-0.0005045234104396804,-3.9956982463951246e-05
-0.0013860880682331866,-0.0005244938992739258
-0.0024546143714711073,-0.0017987901335202033
-0.0002452443734194729,-0.0007785593112529662
-0.0016122654828706914,0.0023967218519065367
-0.0014447698191364677,-0.0006533931589150909
-0.00016704070586592387,-0.008124387127180345
0.0009990729811978892,-0.0013421017997966858
0.0016711448986324571,0.0001197803293105276
0.001314895121480465,-0.010754016312074918
0.001826723076779458,0.001319918536432406
-0.00019124111111431394,-0.004685334887005719
0.0005744462533152244,0.0004716041950294978
-0.0002249983942339936,-0.006489181687155062
-3.2337898067800144e-05,-0.00105120236179823
-0.0018049774657309448,0.008960753954845108
0.0031555282215324177,0.0044084909101662125
0.0016331970199006634,0.0026177356862113503
0.0014742506637436996,0.00238831537423536
0.0005428804604714101,0.002324629252954363
0.002538321111466073,0.0011787441629422526
-0.0013405457364375185,-0.003902279660623349
-0.00291149161875381,0.0068980653106042985
0.0001481473062781436,-0.0015891707590575193
-0.0005094896336645023,0.0048829614120677505
-0.0011916799652844361,0.0008474370151056009
-0.004640011146235731,-0.0068596175198707915
-0.001527957280082484,0.008990287920590272
-0.00024830428369867694,-0.007936383020296945
-0.0027592326002630783,0.0027232263279422355
-0.001630839175912977,0.002867607158744527
0.0019341603251652188,0.0062325629295100805
0.00022647230542002084,0.0020050973402495134
0.0004790795660873867,-0.00845741271784767
0.0025838505640993414,-0.004164364889065611
-0.00048755681769128555,-0.0006848174554508116
-0.0005302596875609888,-0.006541796598583427
-0.0014770469794189182,-0.005606885392238917
-0.0034187210325414483,-0.0027704153318862143
0.0018622253904670364,0.0011035942542776032
0.00159826886764415,0.006749044678506963
-0.0009674133821424775,-0.0009598332323734581
0.0009387781505914861,-0.0037830000345559574
-0.0006405417181060267,-0.003946631149407021
2.849130990134405e-05,-0.0016688336860427012
-0.0036321040113580887,-0.0008548089772572075
0.0010003676849078926,-0.012414877824845736
-0.0006587078480120885,0.012337311627747644
0.003206566888454042,-0.00029208867078956465
0.0013446201100016078,-0.0018998119609016097
-0.0013262196747762128,0.001357402120794935
0.000362539351793815,-0.0032874564364931713
0.0008035638381898292,-0.0017948322455340268
0.0013087704855778677,0.006877998431212993
0.0020496484101558223,0.0029908213164009743
0.0006407488923649306,0.00250768791924769
0.0005888174298160225,-0.00614388398848001
-0.0011694569432047378,-0.002966576426833525
0.00015870828370701472,0.003069551640447765
0.0012491221018352914,0.009100136551776236
-0.001333734545144534,0.0023553237008056595
-0.0004156283798538559,0.000441030666301162
0.0003363612392396324,-0.008509588355416622
0.0014421754661545843,0.004345999959454519
-0.0013008761491692163,-0.0033988788524961754
0.0004076482711959416,0.004338771007401351
0.0018919899090002572,0.0026630068482601885
0.0021673613650905173,-0.0002488870032640636
0.002593748889894533,-0.0002063660182688064
0.0013767317798142307,0.0026618684242504242
0.0026060875804962973,-0.005054926247238102
-0.0007211961579167232,-0.004332518677211673
0.0013315217445932336,0.00747209282980267
-0.002566344791587106,0.0007646136551735758
0.00020863674124084285,-0.0017240719132687289
0.0013247674083191085,-0.005012711425878534
-0.0013728377762895713,0.009280623593258642
-0.0005304781354118131,-0.004055137245674353
-0.002600236571076484,-0.009274146776601024
0.0004211544644845762,-0.010058389808492612
0.002810084600988367,0.001867329027453237
-0.0005539611726426932,0.01038611216160704
0.0013420376503657432,-0.005111078839779051
0.00041386299893741096,0.009958320345628942
-3.6231147133274456e-05,-0.010915215230302292
0.001277108317428292,-0.0011636214790818511
0.0012684809309897159,0.0012269236245661802
-0.0005695983798117016,-0.004676975722321416
0.002570196219195232,0.00382004089608388
-0.0005223277762183283,0.00919038365173926
-0.0024567687202179077,-0.004824492040370612
-0.002774046228284485,-0.006946729935190066
-0.0005002759060199731,-0.0002583943409915508
-0.0024179076529213983,0.006673665134172689
-0.0005551317572638713,3.877801585700799e-05
-0.001146364105945642,-0.006847053208592416
-1.723933711366985e-05,-0.006305346741159242
0.001430299250419293,0.0028824247452333925
0.0004111197646874714,-0.005477082709958143
0.003848831648740048,0.00208608349989659
-6.428456858886867e-05,0.004431894670402476
-0.0025697886212545976,-0.0020077252254278332
0.0011566223935948934,0.0018659224134614676
-4.2250979333616986e-05,0.009576732550461702
-0.0015597706384009014,-0.005895593331268228
0.0010739309899783348,-0.0018354936931346399
9.465099578648282e-05,-0.000657383506164554
0.0002656920126334677,0.00959828830302691
0.003987060391200608,0.000932822590235413
-0.0006296799067679801,-0.0022025914901041767
-0.0027887884040751687,0.00859677720340685
0.0003583370028869643,-0.009579808896638993
0.0018283859415501836,0.0035126610143418635
-0.0013148421907532824,0.011779238421147302
0.0026041553608267655,-0.0006458856369173071
0.0009504418727212932,0.004824160598296265
-0.0027298474660739126,-0.004963636849259901
0.0009135405071360865,-0.0026738923274593953
-0.0011201801733127417,0.0012751401978394097
-0.0013412091759341526,0.007541335640879787
0.0007391971599357706,-0.007262558167657504
-0.0014748485101913887,-0.0017637843107454027
-0.0011026283362567727,0.011118346725255225
0.00024735429710786156,0.0030038508573191278
-0.00018984291820620255,-0.0006194002165356529
0.0025766781762018363,-0.011492651788019474
-0.0027724488100391363,0.001097856864984652
-0.00037111402388767377,-0.0022210602676128208
0.00026182987197093864,0.009089738189295756
-0.0019966096562743225,-0.004458539153639172
0.0023435840698935693,0.0040152943256781615
-0.003024345654831613,0.0014553389268067585
-0.0002343597090186792,-0.006693235000757568
0.002316540304289808,-0.0034132373146844213
0.0030031519243422056,0.0027695361612919867
-0.0005389602674468058,-0.006357621767418537
-0.0006051664171267406,0.005968249723249669
-0.00012063350787614683,-0.013678067912752475
-0.0026510501818092043,0.0015368683075216347
0.0034617740329491034,0.003826311485834126
-0.00021123953162292277,0.000364521768612361
0.00396034011305618,0.0016423118421536578
0.00013269400934884848,-0.0016833664081100852
-0.0019752953782196793,-0.005334839246060409
-0.0004498842355796063,0.0029227253485155126
0.0007313969465508275,-0.0039148585147888975
-0.0017104045108275883,-0.003342628859643219
-0.0014736648788262318,-0.004476965711335798
0.0002340006845508468,0.00041622654377799443
-0.0008434235580447987,-0.009273755715710891
7.196153835203744e-05,-0.002256431980232467
0.00189718653153643,-7.024771179479203e-05
0.00012960995016637468,-0.0005156724513263205
0.0005706448438030223,0.010246125292134332
-0.0013286190542521668,0.003108517059843826
-0.002764271330143263,0.0009542797908546487
-0.0031901468589645415,0.0007682027757516729
-0.002773352178824331,-0.0004665703534763289
0.0015422199899067653,-0.001484200216671952
0.0002292178288456359,-0.01210460884938574
0.0007762691211195036,0.015229356942110882
0.0009391862704213995,0.009770839386018302
0.0006189190275366636,-0.0027724249518531123
-0.00025984898615233115,0.001577051254668877
-0.0027214404181919298,0.00022156231979274905
-0.0020908439719133066,0.006106915339647264
0.0004254132136915838,0.0014061306750999026
0.001418902982323178,-0.004574171707208359
-0.0011593379842212439,-0.007767138262500366
0.00025188841212923577,-0.00566918009277642
0.002957397791743317,-0.005359425620299667
0.0012199366791699666,0.0029655878501942956
-0.0006766602604901721,0.006143729668580382
0.00010367595107453525,0.0049532687402379875
0.0005390222611458688,-0.004861141034978472
-0.0011033329404154019,0.00757486714918747
8.346791726039698e-05,0.0030468272492433436
-0.0015910809448592092,0.00041329295923838875
-0.0018452951814685932,0.005729288929292582
0.0031849643436588962,5.2427892084426584e-05
0.003977206232632076,0.007005702344180158
0.00046896068023631593,0.007713137388543533
-0.0019341657237394445,-0.004490744175217258
-0.0010441333308484385,-0.0002551945262995088
0.002734510072369358,0.0002619266331221137
-0.000980682987934534,0.005886815631117581
-0.0005714358973427397,0.0009259867070385476
0.0009332417750115523,0.012922466747358275
0.0013127437465956012,0.0018346845691322173
0.00041493581349275207,-0.0011106903533732548
-0.0008096834254448699,0.006337282879038152
0.00047789045993329546,-0.006524474938203121
-0.001121829739567597,-0.006517437436400644
0.0030708223646761707,-2.1907251834924976e-05
0.0013768608244525756,-0.011247498245930666
-0.002744761482703052,0.0004407517276927564
-0.0008138772021627412,0.001421418018516812
-0.0008162859293627287,0.010177297101918717
0.0006172654842326559,0.0004405350605104911
0.0009560504208582561,0.003407956783709814
-3.5952922637231275e-05,0.000282912709016138
-0.0005509378576092147,0.0006399945159745543
-0.001685605498746231,-0.0026190864327288654
-0.003106283902764299,0.0005981551298789789
-0.000965395221399652,-0.002979449258177407
-0.00016122263213044479,-0.010899348158223765
-0.000290756946193637,-0.008921314066852565
-0.0023857276644321675,-0.0049746498961428685
0.000524361076069234,-0.0001991603815212332
0.0005253208351620565,0.0005035739926497869
-0.0007471898185558557,-0.0034138466092658924
-0.000689953619044372,0.0011294433048543396
-0.0013406845921258462,0.0012340253115921845
0.005134582139619853,0.004945228925640025
-0.0015697063051210356,0.00525779894310894
-0.0009975557985435863,-0.002483306345409992
0.0019427363736149185,0.0005170117030288855
-2.5053104057913198e-05,-0.014142744425513288
-0.0006957646676896456,0.003515432028689862
0.0008563813935108196,0.002234690186296047
-0.0032667833817847866,0.004224364839732359
-0.0006831859779398998,0.004011602454100336
0.0007395671587030029,0.0026018349748296423
0.0015281968967684268,-0.001492233265078092
0.0006715970287513972,0.004319573049735368
0.00097847886804759,0.007062829455397855
-0.0008397454167410591,-0.0009355115812771384
-0.00011379239504052239,-0.0046299981292643256
-0.0013215216529460726,-0.00270724823835521
0.002384189652804309,0.0025592581526028713
0.002753284454443753,-0.005991438288731528
-0.00041712872508182955,0.0010557639798706112
0.001128728568768858,0.002786870646669
0.0013436216175233859,0.010496839990834964
0.0010914261467750467,-0.0005372194501086668
-0.0007467625985773221,-0.0027970309779663804
4.625344423716339e-05,-0.000571372120206671
0.0016307926965838733,0.0020568568943131593
-0.0003945022755930385,-0.0011112669801041557
-0.0013705991889429018,-0.004188251169827986
-0.0039023234384502462,-0.006923281415665196
-0.0009597494650182983,0.004272599221430678
0.003100522911800668,-0.011667911494974393
-0.0021940185254926718,0.011725943042529352
0.0012307355712402684,-0.004399695520714913
3.346539439737236e-06,-0.0010188831091020101
0.0005097449182002288,0.0004591761344351942
-0.0022743543990419476,-0.006080895730516815
-0.0012794887028536699,-0.0005564084944636908
0.001429809918956043,-0.009995405209521848
-0.00035364687547632473,0.00626044840921374
0.002806008026215049,4.2908031549659054e-05
0.0007883516671093325,-0.007188629823498833
0.00258787946202859,-0.006438891341193151
0.001078140910875515,0.0013719956028046653
-0.0007752901275731734,-0.002788516331927191
0.002110892762992543,-0.0026642785697581204
0.0016773409063181516,0.001319809005332724
-0.00038234833741876715,-0.0017017778895682808
-0.0013522705360010125,0.005719566012667363
0.0004641132569920161,-0.008412431656488202
-0.0005956196035579612,0.006985557551007403
0.002292861868704032,0.004804570882860579
0.0002716377877688672,-0.003701074868701737
0.0027519930316120987,-0.00043890828813772923
-0.00043809712886331697,-0.00469884002742216
0.0005099862422054686,-0.0013497312866491066
-0.0016832480626291814,0.0032281284927655543
0.0023381131371429296,0.007533657606294335
-0.00031409790769568527,-0.011686854590633098
0.002017527873590953,0.0058982223978342
-0.00029998915464997963,-0.0017539677332441938
-0.00048682744495917433,-0.0045941142901606774
0.0010602855723189355,-0.009283407259526174
0.0029320098146931365,0.002176854552917598
0.0021675963978067215,-0.0026290482243924167
0.001052089045443269,0.00788611695727375
-0.0019532307599374058,-0.0011246683463554859
-0.0004172417063021565,-0.008848399141584163
-0.001800376329949242,0.005626593306608789
0.002864536092073238,0.001366521248222462
0.0019324949602823572,0.002602391209262947
-0.00045178712187125646,0.0006292717938624883
-0.0007882285266076385,0.0011461193743127077
0.000567093631577467,-0.0045416917668353145
-0.0017160812284431404,0.002153548427394163
-0.0029300166403596643,0.0025866752203320647
0.0019136487489571292,0.010869883244696026
-0.00047430355099900757,0.0012066634362294772
0.0006401324710006292,-0.013081463567221202
0.0009036979795829047,0.0029345069866505125
-0.00027215500998302954,-0.012695156579810692
0.002628952536594631,0.0007314558743809244
-0.0021276811321782234,-0.0001456659016578657
0.0013163179426747623,-0.002837729801418151
0.002647229431414475,-0.01086420308670046
-0.001659952030010442,-0.0004720025073778285
-0.0004771681716997036,0.004218723269441763
0.0007105078104887182,0.00205389895393532
0.0003835257991563064,0.00024228342203696626
0.0007271105871176412,-0.010427959451766996
-0.0004873965316875847,0.005740855966204692
-0.0008757020103288931,0.0014669195318307109
-0.0025844014863890263,0.004610544016742191
-0.0013415570826448698,-0.004700789554262676
0.0007600877841534943,-0.018888801659430757
-0.0011697549845138462,0.004298633589075659
-0.0009690178678449661,0.0029507844346518463
0.0011433526275869735,-0.0037784610269669147
0.0005142847928856383,0.0058634398160076736
0.0026780125710721674,-0.0019806652443981956
0.000930583509448541,-0.01230988738982678
-0.00027175108648095546,0.0055891963774841145
-0.0007895681798420063,0.0001222624396752262
-0.0017431092355576746,0.004451262074614728
0.002973623328724928,0.0050043101231350305
0.0017583478554034756,0.0028772042397378636
-0.001649842228886035,-0.0014941912791477338
-0.0005158800697003236,0.0005161621475916768
0.000846898067525631,-0.0035540786452172334
-0.0001239167603762221,-0.009608813271324389
-0.0005727460329687247,0.00012853278469114333
0.00015676289361504526,0.003993452955229825
-0.0008404321929591816,0.007200444850983044
-0.00046999698403188286,0.0013181621826314396
0.0003995812840922856,-0.001648762052076266
-0.000887444050829845,0.0026299954628582894
0.00031165975390409187,0.0009903231103824746
-0.002491850118946854,0.0037838390952849225
-0.002488939524759907,-0.0057600406655727
-0.003617431471553351,0.0026942239887716864
0.004769020941819908,-0.000819425986113488
-2.8449030655724465e-05,-0.0017912838391094703
-0.0017773276683143242,-0.00011752178102712296
0.0019059772404159585,0.006156952580851898
-0.0012668708394849304,-0.009330883741918181
0.0008046305496425072,0.006047544950860165
-0.0005948471976250884,0.001025941391680274
-0.0005058036631140807,-4.376302380969448e-05
-0.0014217824302679258,0.0032636556060130465
0.0008851636188275181,-0.006056896734229136
-0.0027816866073177918,-0.0008642060896237321
-0.001467773009493306,0.0014945884821463346
0.002351798713756997,0.007319139513705822
-0.0002679494555731712,0.0017358751887943643
-0.00025806382968310493,0.0013989380578279867
-2.589028501772814e-06,0.007191312524301651
-0.001841820998770509,-0.00852284764789457
0.0025521808837326424,0.0018831118052779672
0.0016098234260501759,-0.0024258188843514173
0.0021986805977712103,-0.001352554927511859
0.0007324227107824764,0.006236848509671629
0.0007231066835064298,-0.0029141037197586393
-0.0003602023396927213,0.001991131818128429
-0.00181107935539742,0.004077124026776304
0.0023523245011227885,-0.008205530647766118
0.0008889155918060228,0.0010662466279686789
0.0004659226163451719,-0.0045177224782432775
-0.00022690592750993947,-0.0033177996979361878
-0.0006532724103696935,0.004992162799228388
5.352210021744565e-06,-0.0050552203489273445
0.003228714278855854,0.0045883638598374875
-0.0008281305921812645,0.0004418276620268112
0.00041366656162798384,-0.0004601376406669742
-0.0017626651130699463,0.0021451599685217457
0.0008022910280687783,0.005003279281504689
0.0016094059482747985,-0.011433880825379406
0.0014599759199068448,-0.0044172961638834305
-0.00040679388345454224,0.011421754478089666
-0.0001822388697788734,-0.0054354837709433635
0.002074588367468382,-0.0016356155965908605
-0.0016963382077928497,0.004563486091349056
0.00035599354644152216,-0.0012466614958994999
-0.0022777193967084314,0.0026912135432117425
0.0016991227034933115,0.0007306001000395194
-0.0004641637241444354,0.005365384424373128
-0.0009611536629146735,-0.0058898815993951555
-0.0016226896853098044,-0.00423126244714635
0.0010224764859146308,0.002592301378874316
0.0013745009311742315,0.0006391280823913685
-0.0016851024575365618,-0.004606570257008804
-0.0016081587780771044,-0.004979168355314543
0.0007389960087884907,-0.020937503470317642
-0.0019559430774684305,0.005415352701294234
0.001304676251113571,-0.0014555475519476503
-5.001317931369242e-05,-0.00472650429771046
0.0007990375245185957,0.004437968477528176
0.002345128695344519,0.0020486375597040334
0.0019627728875731285,0.00205763366870989
0.0028031074650965086,-0.0016901583955425336
-0.0011903409280744177,-0.001572247786950927
0.0008043496934336559,0.0017040269655427746
-0.0018400522268730943,-0.007157425813578215
0.0008892736458248078,-0.002932662350754704
0.0024802207118938156,0.005572533376274248
0.0003051070070529887,0.0019166001656804343
0.0007408406405372032,-0.008841556917374958
0.0009725690051250506,0.01459427484411272
-0.0008912836141213769,0.011755975766488975
-0.0006905071616490429,0.0027272077536188103
0.0020763721659300335,0.0006715766421054911
0.0012142270327313118,-0.00035317891270480605
-0.0022926118863068955,0.0017705496949454724
0.002037095246439998,0.008075301195724032
0.000381396458922484,0.002842566207462338
0.0034445329223426833,-0.00998469895903131
-0.0016259209900737997,-0.012185894227993443
0.0013758259792649933,0.0040470044444649205
0.0008990116304273531,0.0005122438230984735
-0.0026986698392377417,0.0012693904208505372
-0.004006101682072446,-0.008114152978404296
0.003808193736306514,0.004788017332220737
-0.0004748049631051097,0.00037896266154404545
-0.0003423674452194013,-0.003930559496976846
-0.000818347081134909,-0.007380152989442585
-0.0012951654408061807,-0.009805995295485386
-0.0006834904278393229,-0.00449205385762183
-0.0014121503464448566,0.006207262539659973
-0.0005847078055788668,0.004798616221454189
-0.0013485400128986581,-0.011957484051598605
-0.0008660399500892344,-0.00559310697340205
-0.0023237847930078544,-0.006762591133118297
0.0021209637436121857,0.010086142835786228
0.0013205021471804658,0.008798130870227865
-0.0011668421380150824,-0.0008784494041353281
0.00043330948383105453,0.005614392060292567
0.0004974666727965778,-0.004380800479478734
-0.0009153870620197189,0.009879070956261051
0.0038695654935883665,0.00811110408480399
0.0031689111556042204,0.0028530989749168765
0.0014120902523943846,-0.0062782536984748805
0.00022346921384376522,-0.002142932955455028
-0.0009755030570329905,-0.00784723646246044
-0.0008623818608334639,-0.01001048406247678
-0.002122661896711306,-0.0002136980317861657
-0.0005986366863536414,-0.010840886219883394
-0.0008602832661437279,0.0005740823802765356
-0.0006071471747257249,-0.002744024385510508
-0.0018334851277472903,0.007537556628911593
0.0011447856131516357,0.00549015149492868
0.0026826687726751466,0.0021842622734519045
-0.0012010495650716618,-0.004354921342308596
0.003118639364132917,0.005171898676010238
-0.0013694151866984845,0.00410227041007775
0.0003051657777834647,-0.006258720362356753
0.0006394140543775603,-0.00570330123133912
0.0006146001495180135,-0.00046592606878569483
-0.002231655832734761,-0.001378662798877663
0.0007651254314687034,0.002366594678020918
0.0010501192351975077,-0.006029970160947842
0.00169356968149498,-0.013456890855879151
-0.0005507614385507913,0.010039549053366136
4.254186892039428e-06,0.008374860565799929
-0.0006957771424460576,0.0017374718988335263
0.003791099889465296,-0.002618268713434111
-9.784924951722019e-05,-0.0013338140728393017
0.0011553261806942806,0.001149268432500347
0.0008864513799286743,-0.0036693557641165587
-0.0004359364980669087,-0.002683815473133808
-0.001282456565469689,0.00036431220388837693
0.0002007837905833221,0.0014596567860018716
0.001491312659646695,-0.00037964652537606777
0.00027031769291236297,-0.00434321399870667
0.0017194477903123165,-0.001377524070321942
-0.0006736808053479145,0.0011874839025582307
0.0008930081355632348,-0.008600305057971274
0.0007215675750030606,0.0035236815288527865
0.00027595509873800403,-0.006396634603407058
-0.0023759367893063568,0.0034178659798196434
0.002838805572483943,-0.0003017455514753387
-0.0014257598098465173,-0.0016491627096282783
-0.0014639403259144367,-0.00221001076638027
0.0017859909446801775,0.006117512226702759
0.00031388015357499983,0.012983589729792033
-0.001347180800412844,-0.0023094732079044678
-0.00043414751235184987,-0.0002812901323981748
-0.0019738238442238674,-6.54639506260489e-05
0.0003183060204504176,-0.0016914098221661215
-0.0012694506880688372,0.0047257602402750835
-0.001375790277436484,0.0002035789199898533
-0.00037282399712933076,0.0018424994054388937
-0.001844147394537997,-0.011406818509031738
0.0030875559751876486,0.0031455845020825447
0.0009889374954581347,-0.0030439749166903444
-0.001929071425434067,-0.004860337447879782
0.0012800780474586505,0.001630231271843783
0.0017156009659755535,0.007188766992590465
0.0014292395690797739,0.006903466638202058
0.000432155185384745,0.0030345795398940894
-0.001690300486955984,-0.00580478303752483
-0.0006149700883506626,-0.001900634865849135
-0.002420403265766829,0.003469204149436128
0.0006723206232926957,0.0037474971401255846
5.9016712483705495e-06,-0.003244399411314196
0.003350116586015647,-0.0016808689831556652
0.001414985785174213,-0.007175809472791805
0.0013260297329839225,0.0029788544643679924
-0.0009456577206244166,0.0020427602117291097
0.005494174749181233,0.0039571283975900024
-0.00021277243195196849,-0.0021274357043704227
-6.0738238454713406e-05,0.001620053852003512
-0.001629094963416013,-0.001374348472367447
0.0009659934379775976,-0.003947610716253509
0.0006848556317730214,0.0014983608159644046
-0.0008070183494531476,0.003164499126638369
-0.00015030946645469684,-0.0018751258263051953
-0.0016490643346033977,-0.0032693525254912383
0.0019871090684044196,0.006934454483381071
-7.621542724719758e-05,0.004489638845175758
-0.000607681779506486,0.0020880426992968795
-0.00337372242028986,-0.001295780658166202
-0.0009910079610027697,-0.00550979577985468
0.00098854232056851,-0.0009944596927294268
-0.0015588990513928022,-0.007267252985456901
0.0015038729054007204,0.0035625358804626207
-0.002601259919241763,-0.0035387702764189443
-0.001536918832381479,0.0074867008100104795
-0.002836489934935214,0.0020290945548862667
0.0015092994679266004,0.0054942383092562615
0.00014956649620534335,0.0013503806860846583
-0.0015070384868818734,-0.004686321971026479
-0.0023971599088476775,-0.007625659039762706
0.0006772174695042462,0.003952189940069382
0.0012489499759270409,0.005315141417371867
0.00010780679231109857,0.005223951384482165
-0.001702805180749435,0.0034243525616369386
0.0020127197332948663,-0.0005542969220026771
-0.0017723059361718307,0.005260504707693438
-0.004170641316212151,0.0043698239625873875
0.0025346039810967887,0.0034128796398344686
-0.0006015892373923275,-0.0018135191071354242
-0.0008328018426621286,0.002836732767248071
-0.002209993148322205,0.0028412224353403124
0.0016859826337142993,-0.004538527145747284
-0.0008157701745663057,0.0032170190657310267
-0.0008823559334001986,-0.004737377852977526
0.0006618899815865012,-0.012128530014848607
8.952065311555961e-05,0.0035652336720722504
-0.0010864427783192742,0.004884112984529914
0.001893520578497215,-0.00047036610808864557
-0.0014213002325620132,0.00853664370554084
0.0018571642755534227,-0.0005001647591751679
-0.0016244604879831267,-0.0023335759559418717
-1.7503573742673375e-05,-0.003146027108192506
-0.0007215157542251918,-0.004873045622795675
0.0012706324570213928,0.0008361650569553944
0.00258275211920806,0.012758335214819212
-2.279665121962385e-05,-0.01079573591990933
0.0014490717294671715,0.0004793074272718971
-0.0006743662405225907,-0.004957525621572372
0.0006123456356538033,-0.0004703032443412302
0.000841268112177772,0.003604941146969645
-0.001733552600136954,0.0021114823436522924
-3.760857360986141e-05,-0.011583200993100203
0.0009050231974494043,0.004336738254447449
0.001199623041958739,-0.005757613143334026
0.0008325781953689289,-0.0010085062446819303
-0.0005023753597410451,0.002875222498499515
-0.003298261337744206,-0.00724223934928506
-0.0009580522706782646,0.0019796745504638887
0.002715568387988152,-0.009957708458705389
-0.0006287915118618453,0.0007452800128154533
-0.0004322946052743299,0.0004900918018649007
0.0032853643470021014,0.003096032620996763
0.0004833341976983705,0.006581245082384953
0.0013779796676757841,-2.0776832484549726e-05
0.0018113820192640294,-0.005332174667249999
-0.0002037969090266945,-0.0012439261487094222
-6.245505719626297e-05,-0.003331200075934786
-0.0024382428041165014,-0.005229309025364827
-0.0012390187187289886,-0.0002804623614436109
-0.0016854710788681974,-0.003683504206265207
0.00014146652222988776,0.0016585763264987357
-0.000258085416708316,0.015376106810099842
0.00148450741411218,-0.004625422297145594
0.0018900731288484167,-0.013228772274296013
0.004539787636220993,-0.0019603055995978235
-0.001050816521120343,1.7462510395555972e-05
7.338925997175029e-05,0.002607414747240229
0.0007844454826366709,0.0028008595917201015
0.0009713364836991272,-0.0054487523841034525
-0.0020595310419941016,-0.009278478248259312
0.0004229416269150796,0.00869979251066374
0.0017687026921469839,-0.005274300704940494
0.002341322143042374,-0.003294158589796026
0.0024613994322390084,-0.005791862146838089
0.0004969422456266344,0.0038222226542737226
-0.0008097667617041766,-0.001325337199172223
8.10636817357228e-05,0.003832981160752981
0.002131047114371678,0.005068853397425915
0.0013858690193019384,-0.004689068416830998
-0.0009937116344802563,0.006567174170432642
0.0006776942214280794,-0.004564368242492081
-0.0028697936675205317,-0.007274861461671376
-0.004033525151528352,0.0007330136198169796
-0.0003549440439306515,0.009735562676254965
-0.0006439211996283953,-0.0018024307575734723
0.0015863811936304402,0.008311603203192878
0.0010906489457704182,0.0005552580919113573
-0.0006769268873711222,-0.0010564051856590856
0.0009038300285041987,-0.0016993928731721991
-0.0015705816637079594,-0.00553624440469666
-0.0011487926059334757,-0.009852621740204426
0.0001276104986209671,-0.008708789540373777
-0.0011770521514171733,0.002159702983110475
0.0013946011628338873,0.001555957579156538
-0.0009056213241784986,0.006876020439692585
-0.0011059312137657487,0.0037087472808045993
0.0011776073464135704,0.0049214192390942095
0.0008859965976370335,0.009324055579000536
-0.0017513453979135741,-0.008602467835625958
-0.0010123920243320813,0.007709766310215861
-0.0003499620507732417,-0.00270592079195323
0.0006987913791198155,0.010099786830620456
-0.0017532574653194748,-0.004074448626550186
0.0003718582009142416,-0.0032518721143985057
-0.0009442534230106548,0.00576211762507513
0.0007048001632807654,0.005399642980779244
0.001664364430104163,0.007297831298577956
0.00017409154934059043,-0.0010402967185727742
-0.002529473188967522,-0.01129477181191022
-0.0009599976303056365,-0.0010136891048550466
0.0005568723798688716,-0.0010934191358840085
-0.001644814581712266,-0.0012124892048520307
-0.0006038967864583661,0.004424606951864175
-0.002697381395031428,0.0022233326567619362
-0.0021993002440833993,0.0038649851396009463
-0.00045688796009543973,0.0031709150583563253
0.0031253976087620783,0.0015639721068011687
0.0005433239326628257,0.004079860427447736
0.00018433594935421266,0.0005334891053256897
0.0021503446466938406,-0.0010952685296579652
-0.0011651261366048909,0.004992791358177983
-3.8601272116280665e-05,-0.0012926862801980823
0.0015992710349500476,0.003397273669300872
-0.0019456011906529482,-0.0033742353710804166
0.002559511442071116,-0.015503513373971163
0.0008611023644901594,-0.0012826432603455415
0.0005537056760951467,-6.384954242487671e-05
-0.0015003951335197789,-0.01209575619500381
-0.00045189528627003964,0.0005152150208253218
-0.0007770598932241932,-0.0066395810638617625
0.0003642741665218857,0.0015708636040251925
-0.0017952084638104258,-0.0021979372396262564
-0.00023769709357529068,-0.006444581595217288
-0.0013577489824123023,-0.0020451144633905987
0.0013839994568915746,0.005678134090025649
-0.0008251758556588821,0.004500786968879587
-0.0022315134158315164,0.005366280425368287
0.0005797698564728194,0.009461183874068585
-0.001029312577894169,-0.004121751512927686
-0.0001244224202287681,-0.005056937640938933
0.0039860248793229585,-0.0026048162053611493
-7.584760513802462e-05,0.005035683732033523
-0.0014238240385895308,-1.1893809588706029e-05
-0.0016438866217751134,-0.002998876501267883
0.0003066527889598014,0.0069891886766987365
0.0019397871482526687,-0.0009854751201370685
-0.000661844063480559,-0.008712703725421374
-0.001336532221901188,0.00045832264238342466
0.000928889881634654,0.002622743998218153
0.0011099215814270517,-0.005035462034571652
0.0025796504942277878,0.011976838184431333
-0.00029078651388602284,-0.0032391609240432
-0.0014885408233897813,0.005359437864525145
0.000711293650749955,-0.010206245750255872
-0.0005395292512364537,0.011748083078298065
-0.0003366135242773418,0.0040399388595094236
0.0004377223570031494,-0.0006543266335416126
0.0006341740222298943,-0.0038038902053928645
0.0002540674293192843,0.0035983685768927543
0.00042470030726043256,0.004332769280474219
0.001696926746232346,0.001233857101826558
-0.003179627453589741,-0.0019383619541380058
0.0003303181671810735,0.004077509290222706
-0.0004837286724146125,0.004484153636743454
0.000641558485624698,0.001025614041802497
-0.0011865002005436037,0.002566710769435924
0.001477093569606707,0.00027490200115761864
0.002138296302564126,-0.0008031624220680524
0.001127432907308008,-0.0012730714004125566
-0.0026043518588631347,-0.007390752933096986
0.0002555182675740639,-0.00026404376619325684
-0.0022877180808135106,0.004540527510543532
-0.00018380575384435507,0.005214371627985277
0.0006999968854339261,0.005503041437653581
-0.0024814347713163994,0.006987954521860709
-0.0024297968777696826,-0.004625668395422709
-0.00041185291623180536,0.0036370462331636
0.001379715569240571,0.012670598683601816
-0.00035470522560183737,0.004411679448318985
4.037911280938114e-05,-0.0030906041802041843
-0.0027356113543046644,0.007226766205467045
-0.0013267334726287917,0.015053999008923062
3.73388528502619e-05,0.00040880655494787954
0.0007327815094561452,-0.0012381042605452215
-0.0006872529417749328,-0.005979351944957812
-0.001962317690347945,0.0023433124726529703
0.000467941974823597,0.007394261750364681
0.0012513933832498248,-0.009945514559877324
-0.0004965151675417233,-0.00535666794543436
0.0028646208384788857,-0.005753710135650698
0.0014831318386714554,0.00499846610616256
0.00044511407289829014,-0.004815337406995458
-0.0036184016717534934,-0.005577804010515671
0.003750573049771591,-0.004389482236753337
-0.0010268447797253156,-0.0033526504737723607
0.0019857684765377617,0.009787379105074155
0.0018642699356118692,0.0007953857620049042
0.0011497405714835532,-0.0172476875268471
-0.0003778883378114025,0.0061402316726884695
-0.0030926171989335287,-0.007674347910549335
0.0017374154357584818,-0.003573771041685424
-0.0040015142816961545,-0.0034610770907647463
0.0004183813982192695,0.004589243495779483
0.0014643817071631055,0.002808955391602762
-0.0006887894056618429,-0.005690849615581129
0.0005272517453233904,-0.0056788568616629965
0.0005225296605843878,0.007593708169320431
0.0006122816025124327,-0.0020937007541062124
0.0006424667724641797,-0.004723251089966797
-0.0011045694936570845,0.003681390737967436
0.0028612987910560943,0.001795726176099127
0.00019041012724515212,0.004093176912872015
-0.0003688498482398758,0.01025607692904232
0.001168318786182577,0.004466745466217006
-0.0006028178900435458,-0.0052033764032341995
-0.003461233170614742,0.0026953195995197445
0.0001876332700458405,-0.012894004681688984
0.0017874263832487985,0.01202474701018004
0.0004853090160075076,-8.2347327632545e-05
8.334717385614519e-05,-0.01242670440319521
0.0034168467840107407,0.00569055497749814
0.001236989654135214,-0.0035961742077263792
-0.00020069993080195123,0.0077516899639159444
-0.00032637895308398413,0.005472940473448753
0.0005191490238292958,0.005761313115288998
0.00044374455096006483,0.0032258534038320736
-0.0006858963540533853,0.011570290297625107
0.0021076113148276675,-0.0014151870828718763
0.0012667601531079398,0.0011738959982527195
-0.0017854717193151657,0.003097093225752708
0.0004420739861940576,0.0005176347270738976
-0.0005116608427277256,0.0036338129881904463
-0.0005034605324576888,0.015973934770659073
0.00022079073775304226,-0.009707101535373045
-0.001367314212503183,-0.00421672920807277
0.001441872980462823,0.002533241198996665
0.0006634116455688614,-0.005612403365272141
0.001075201782271182,0.0006817121871516875
-0.0003065540472968451,1.585755423137452e-05
0.0011301670871107145,0.0018390221797228313
0.00251712937730481,-0.0021933713452489166
-0.0018314455101836634,-0.006860038233753974
0.0025174926800283007,-0.0003120161032128212
0.0006832584887789497,-0.009257856174708215
-0.0024855083356640642,0.004906736490869418
-0.0014273353884503913,0.002843174013318889
0.00023627836712292448,0.0067578984643044985
-0.002717509980389519,0.0005016492337827785
0.0005909752100599258,0.0005284950199010846
0.0017099021169617666,0.00045721104789295437
-0.0004329447212220536,-0.002467495561327745
-2.4629682220390193e-05,-0.005561701680192425
-0.002308524488651342,-0.0006926903532244278
-0.0007532672360932602,-0.00862381597969755
-0.0022483428412757244,-0.008358696178027805
-0.0007658192555602883,0.002363501841662692
-0.0023056006012514324,0.009421288716207604
-0.0012662832397298584,-0.006787429805339724
-0.0023797792350549337,0.001619746935406396
0.0017174030143295733,-0.008224230523465484
-0.0009094977352882779,-0.0001934097697905756
-0.000529873697448539,-0.002818522634130852
0.0019451555079856408,-0.006816667000174859
0.001179306954579482,0.010178160923767679
0.0010527039216739653,0.0002609338545844318
-0.0014607603718080463,0.015916563693061898
0.0011956171848259496,0.0019503853751282904
0.0019171198012787904,-0.0030361611004502925
0.0018489468325805045,0.01220667661270873
-0.0003192091626602966,-0.011624241201159194
-0.00112805420035716,0.0009560393411902361
0.0027203326704442984,-0.0054473267304579725
-4.011553939194509e-05,-0.0012473714212826207
0.001197327091332039,0.0002781067322340671
0.00045719214688417776,0.00302644995908528
0.0027008008649740964,-0.0022287497914036253
0.0007771016553761725,0.0020684655562273465
0.0006208648657001546,-0.005714909816459376
0.0005695774422743682,0.003671847018388372
-0.00022442317284981342,-0.0022501611533221897
-0.0014399574840855854,0.005865519394898005
0.000892445120400772,0.009879903533435552
-0.00020049401999051297,0.010462774151204375
-0.0008531252649135231,0.00496546522001645
-0.0013990145101279946,0.010338491764991724
-0.002366237800340373,0.004457240831034705
-0.0012250076647607013,-0.0076533456896685104
-0.0017471282349997303,0.0056051253975383025
-0.0005799732468116873,0.0050128956901948855
0.0024499149251207275,0.004768746320879212
0.0009175617229514907,-0.004406302062080669
-0.001254866432939179,-0.004450555056904849
-0.0019553483273708518,-0.00797855376419303
0.003816511286459475,0.0043045182016044495
-0.004552583259032943,-0.0034707705320431606
-0.0019111240862506951,0.005435428751389002
-0.0009935579066966032,-0.00013199644826013626
-0.00024868249712858907,-0.0028353441783643307
0.00017942456499938153,0.0014739751713827602
-0.00033780816399963716,-0.002242294154637601
0.0020260303982329994,0.008747589614486148
0.0002331706194096497,0.0026081314963022546
0.0004217225755179892,0.003742783349859799
0.0030082043944355537,-0.0050000553247874
0.00044997768159260685,0.001513059329996231
0.0016710480031901262,-0.004089518139341497
-0.0007455933964505346,-0.007247562721688566
-0.001542996157010761,0.007969031300722702
-0.000979334358102358,8.420103013675248e-05
0.0013987377413772926,-0.0020367074944663078
0.002595047672722916,-0.007101312572473555
-0.00031622943689957274,0.00592201347315524
-7.927705147001803e-05,-0.011283733679248628
-0.0002784829720049304,-0.0075517609897282345
-0.002559148029716957,-0.0037220635698744886
0.001702101487445883,0.003984153074228482
-0.00078538464382473,-0.006183805214484651
-0.00010444018801568982,0.0006955388403987351
-4.216679137598979e-05,-0.004961476664860138
-0.0008737806519589795,-0.004099647517888586
-0.0030802624901652095,-0.005725665848190149
0.002089590645642412,0.005476986916813685
