MET_NAME,costar_name
"Yuma, AZ",Yuma - AZ USA
"Yuba City, CA",Yuba City - CA USA
"Youngstown-Warren-Boardman, OH-PA",Youngstown - OH USA
"York-Hanover, PA",York - PA USA
"Yakima, WA",Yakima - WA USA
"Worcester, MA-CT",Worcester - MA USA
"Winston-Salem, NC",Winston-Salem - NC USA
"Williamsport, PA",Williamsport - PA USA
"Wichita, KS",Wichita - KS USA
"Wichita Falls, TX",Wichita Falls - TX USA
"Wausau, WI",Wausau - WI USA
"Washington-Arlington-Alexandria, DC-VA-MD-WV",Washington - DC USA
"Waco, TX",Waco - TX USA
"Visalia-Porterville, CA",Visalia - CA USA
"Virginia Beach-Norfolk-Newport News, VA-NC",Norfolk - VA USA
"Vineland-Bridgeton, NJ",Vineland - NJ USA
"Vallejo-Fairfield, CA",Vallejo-Fairfield - CA USA
"Valdosta, GA",Valdosta - GA USA
"Utica-Rome, NY",Utica - NY USA
"Urban Honolulu, HI",Honolulu - HI USA
"Tyler, TX",Tyler - TX USA
"Tucson, AZ",Tucson - AZ USA
"Trenton, NJ",Trenton - NJ USA
"Toledo, OH",Toledo - OH USA
"Terre Haute, IN",Terre Haute - IN USA
"Tampa-St. Petersburg-Clearwater, FL",Tampa - FL USA
"Tallahassee, FL",Tallahassee - FL USA
"Syracuse, NY",Syracuse - NY USA
"Sumter, SC",Sumter - SC USA
"Stockton-Lodi, CA",Stockton - CA USA
"State College, PA",State College - PA USA
"St. Louis, MO-IL",Saint Louis - MO USA
"St. Cloud, MN",St. Cloud - MN USA
"Springfield, OH",Springfield - OH USA
"Springfield, MO",Springfield - MO USA
"Springfield, MA",Springfield - MA USA
"Springfield, IL",Springfield - IL USA
"Spokane-Spokane Valley, WA",Spokane - WA USA
"Spartanburg, SC",Spartanburg - SC USA
"Shreveport-Bossier City, LA",Shreveport - LA USA
"Sheboygan, WI",Sheboygan - WI USA
"Seattle-Tacoma-Bellevue, WA",Seattle - WA USA
"Scranton--Wilkes-Barre--Hazleton, PA",Scranton - PA USA
"Santa Rosa, CA",Santa Rosa - CA USA
"Santa Maria-Santa Barbara, CA",Santa Barbara - CA USA
"Santa Fe, NM",Santa Fe - NM USA
"Santa Cruz-Watsonville, CA",Santa Cruz - CA USA
"San Luis Obispo-Paso Robles-Arroyo Grande, CA",San Luis Obispo - CA USA
"San Jose-Sunnyvale-Santa Clara, CA",San Jose - CA USA
"San Francisco-Oakland-Hayward, CA",San Francisco - CA USA
"San Diego-Carlsbad, CA",San Diego - CA USA
"San Antonio-New Braunfels, TX",San Antonio - TX USA
"San Angelo, TX",San Angelo - TX USA
"Salt Lake City, UT",Salt Lake City - UT USA
"Salisbury, MD-DE",Salisbury - MD USA
"Salinas, CA",Salinas - CA USA
"Saginaw, MI",Saginaw - MI USA
"Sacramento--Roseville--Arden-Arcade, CA",Sacramento - CA USA
"Rocky Mount, NC",Rocky Mount - NC USA
"Rockford, IL",Rockford - IL USA
"Rochester, NY",Rochester - NY USA
"Riverside-San Bernardino-Ontario, CA",Inland Empire - CA USA
"Richmond, VA",Richmond - VA USA
"Reno, NV",Reno - NV USA
"Redding, CA",Redding - CA USA
"Reading, PA",Reading - PA USA
"Raleigh, NC",Raleigh - NC USA
"Racine, WI",Racine - WI USA
"Punta Gorda, FL",Punta Gorda - FL USA
"Pueblo, CO",Pueblo - CO USA
"Provo-Orem, UT",Provo - UT USA
"Providence-Warwick, RI-MA",Providence - RI USA
"Prescott, AZ",Prescott - AZ USA
"Portland-Vancouver-Hillsboro, OR-WA",Portland - OR USA
"Portland-South Portland, ME",Portland - ME USA
"Port St. Lucie, FL",Port St. Lucie - FL USA
"Pittsfield, MA",Pittsfield - MA USA
"Pittsburgh, PA",Pittsburgh - PA USA
"Phoenix-Mesa-Scottsdale, AZ",Phoenix - AZ USA
"Philadelphia-Camden-Wilmington, PA-NJ-DE-MD",Philadelphia - PA USA
"Peoria, IL",Peoria - IL USA
"Pensacola-Ferry Pass-Brent, FL",Pensacola - FL USA
"Panama City, FL",Panama City - FL USA
"Palm Bay-Melbourne-Titusville, FL",Melbourne - FL USA
"Oxnard-Thousand Oaks-Ventura, CA",Ventura - CA USA
"Owensboro, KY",Owensboro - KY USA
"Orlando-Kissimmee-Sanford, FL",Orlando - FL USA
"Omaha-Council Bluffs, NE-IA",Omaha - NE USA
"Olympia-Tumwater, WA",Olympia - WA USA
"Oklahoma City, OK",Oklahoma City - OK USA
"Ogden-Clearfield, UT",Ogden - UT USA
"Odessa, TX",Odessa - TX USA
"Ocean City, NJ",Ocean City - NJ USA
"Ocala, FL",Ocala - FL USA
"Norwich-New London, CT",Norwich - CT USA
"North Port-Sarasota-Bradenton, FL",Sarasota - FL USA
"Niles-Benton Harbor, MI",Niles-Benton Harbor - MI USA
"New York-Newark-Jersey City, NY-NJ-PA",New York - NY USA
"New Orleans-Metairie, LA",New Orleans - LA USA
"New Haven-Milford, CT",New Haven - CT USA
"Nashville-Davidson--Murfreesboro--Franklin, TN",Nashville - TN USA
"Naples-Immokalee-Marco Island, FL",Naples - FL USA
"Napa, CA",Napa - CA USA
"Muskegon, MI",Muskegon - MI USA
"Muncie, IN",Muncie - IN USA
"Morgantown, WV",Morgantown - WV USA
"Montgomery, AL",Montgomery - AL USA
"Monroe, MI",Monroe - MI USA
"Monroe, LA",Monroe - LA USA
"Modesto, CA",Modesto - CA USA
"Mobile, AL",Mobile - AL USA
"Minneapolis-St. Paul-Bloomington, MN-WI",Minneapolis - MN USA
"Milwaukee-Waukesha-West Allis, WI",Milwaukee - WI USA
"Midland, TX",Midland - TX USA
"Michigan City-La Porte, IN",Michigan City-La Porte - IN USA
"Miami-Fort Lauderdale-West Palm Beach, FL",Miami - FL USA
"Merced, CA",Merced - CA USA
"Memphis, TN-MS-AR",Memphis - TN USA
"Medford, OR",Medford - OR USA
"McAllen-Edinburg-Mission, TX",McAllen - TX USA
"Mansfield, OH",Mansfield - OH USA
"Manchester-Nashua, NH",Manchester - NH USA
"Madera, CA",Madera - CA USA
"Lynchburg, VA",Lynchburg - VA USA
"Lubbock, TX",Lubbock - TX USA
"Louisville/Jefferson County, KY-IN",Louisville - KY USA
"Los Angeles-Long Beach-Anaheim, CA",Los Angeles - CA USA
"Little Rock-North Little Rock-Conway, AR",Little Rock - AR USA
"Lincoln, NE",Lincoln - NE USA
"Lewiston-Auburn, ME",Lewiston-Auburn - ME USA
"Lebanon, PA",Lebanon - PA USA
"Las Vegas-Henderson-Paradise, NV",Las Vegas - NV USA
"Las Cruces, NM",Las Cruces - NM USA
"Laredo, TX",Laredo - TX USA
"Lansing-East Lansing, MI",Lansing - MI USA
"Lancaster, PA",Lancaster - PA USA
"Lakeland-Winter Haven, FL",Lakeland - FL USA
"Lake Havasu City-Kingman, AZ",Lake Havasu - AZ USA
"Lake Charles, LA",Lake Charles - LA USA
"Lafayette, LA",Lafayette - LA USA
"La Crosse-Onalaska, WI-MN",La Crosse-Onalaska - WI USA
"Knoxville, TN",Knoxville - TN USA
"Kingsport-Bristol-Bristol, TN-VA",Kingsport - TN USA
"Killeen-Temple, TX",Killeen - TX USA
"Kennewick-Richland, WA",Kennewick-Richland - WA USA
"Kansas City, MO-KS",Kansas City - MO USA
"Kankakee, IL",Kankakee - IL USA
"Kalamazoo-Portage, MI",Kalamazoo - MI USA
"Joplin, MO",Joplin - MO USA
"Johnstown, PA",Johnstown - PA USA
"Janesville-Beloit, WI",Janesville-Beloit - WI USA
"Jacksonville, NC",Jacksonville - NC USA
"Jacksonville, FL",Jacksonville - FL USA
"Jackson, TN",Jackson - TN USA
"Jackson, MS",Jackson - MS USA
"Jackson, MI",Jackson - MI USA
"Iowa City, IA",Iowa City - IA USA
"Indianapolis-Carmel-Anderson, IN",Indianapolis - IN USA
"Huntsville, AL",Huntsville - AL USA
"Houston-The Woodlands-Sugar Land, TX",Houston - TX USA
"Houma-Thibodaux, LA",Houma-Thibodaux - LA USA
"Hilton Head Island-Bluffton-Beaufort, SC",Hilton Head Island - SC USA
"Hickory-Lenoir-Morganton, NC",Hickory - NC USA
"Hattiesburg, MS",Hattiesburg - MS USA
"Hartford-West Hartford-East Hartford, CT",Hartford - CT USA
"Harrisburg-Carlisle, PA",Harrisburg - PA USA
"Hanford-Corcoran, CA",Hanford-Corcoran - CA USA
"Hammond, LA",Hammond - LA USA
"Gulfport-Biloxi-Pascagoula, MS",Gulfport-Biloxi-Pascagoula - MS USA
"Greenville-Anderson-Mauldin, SC",Greenville - SC USA
"Greenville, NC",Greenville - NC USA
"Greensboro-High Point, NC",Greensboro - NC USA
"Greeley, CO",Greeley - CO USA
"Grand Rapids-Wyoming, MI",Grand Rapids - MI USA
"Grand Junction, CO",Grand Junction - CO USA
"Goldsboro, NC",Goldsboro - NC USA
"Glens Falls, NY",Glens Falls - NY USA
"Gainesville, GA",Gainesville - GA USA
"Gainesville, FL",Gainesville - FL USA
"Gadsden, AL",Gadsden - AL USA
"Fresno, CA",Fresno - CA USA
"Fort Wayne, IN",Fort Wayne - IN USA
"Fort Collins, CO",Fort Collins - CO USA
"Florence-Muscle Shoals, AL",Florence-Muscle Shoals - AL USA
"Flint, MI",Flint - MI USA
"Flagstaff, AZ",Flagstaff - AZ USA
"Fayetteville-Springdale-Rogers, AR-MO",Northwest Arkansas - AR USA
"Fayetteville, NC",Fayetteville - NC USA
"Farmington, NM",Farmington - NM USA
"Evansville, IN-KY",Evansville - IN USA
"Eugene, OR",Eugene - OR USA
"Erie, PA",Erie - PA USA
"Elkhart-Goshen, IN",Elkhart - IN USA
"Elizabethtown-Fort Knox, KY",Elizabethtown-Fort Knox - KY USA
"El Paso, TX",El Paso - TX USA
"El Centro, CA",El Centro - CA USA
"Eau Claire, WI",Eau Claire - WI USA
"East Stroudsburg, PA",East Stroudsburg - PA USA
"Durham-Chapel Hill, NC",Durham - NC USA
"Dover, DE",Dover - DE USA
"Detroit-Warren-Dearborn, MI",Detroit - MI USA
"Denver-Aurora-Lakewood, CO",Denver - CO USA
"Deltona-Daytona Beach-Ormond Beach, FL",Daytona Beach - FL USA
"Decatur, IL",Decatur - IL USA
"Decatur, AL",Decatur - AL USA
"Dayton, OH",Dayton - OH USA
"Davenport-Moline-Rock Island, IA-IL",Davenport - IA USA
"Daphne-Fairhope-Foley, AL",Daphne-Fairhope-Foley - AL USA
"Dallas-Fort Worth-Arlington, TX",Dallas-Fort Worth - TX USA
"Corpus Christi, TX",Corpus Christi - TX USA
"Columbus, OH",Columbus - OH USA
"Columbia, MO",Columbia - MO USA
"Colorado Springs, CO",Colorado Springs - CO USA
"College Station-Bryan, TX",College Station-Bryan - TX USA
"Cleveland-Elyria, OH",Cleveland - OH USA
"Clarksville, TN-KY",Clarksville - TN USA
"Cincinnati, OH-KY-IN",Cincinnati - OH USA
"Chico, CA",Chico - CA USA
"Chicago-Naperville-Elgin, IL-IN-WI",Chicago - IL USA
"Chattanooga, TN-GA",Chattanooga - TN USA
"Charlottesville, VA",Charlottesville - VA USA
"Charlotte-Concord-Gastonia, NC-SC",Charlotte - NC USA
"Charleston-North Charleston, SC",Charleston - SC USA
"Champaign-Urbana, IL",Champaign-Urbana - IL USA
"Cape Coral-Fort Myers, FL",Fort Myers - FL USA
"Canton-Massillon, OH",Canton - OH USA
"Burlington-South Burlington, VT",Burlington - VT USA
"Burlington, NC",Burlington - NC USA
"Buffalo-Cheektowaga-Niagara Falls, NY",Buffalo - NY USA
"Brownsville-Harlingen, TX",Brownsville-Harlingen - TX USA
"Bridgeport-Stamford-Norwalk, CT",Stamford - CT USA
"Bremerton-Silverdale, WA",Bremerton - WA USA
"Boston-Cambridge-Newton, MA-NH",Boston - MA USA
"Boise City, ID",Boise - ID USA
"Bloomington, IN",Bloomington - IN USA
"Bloomington, IL",Bloomington - IL USA
"Blacksburg-Christiansburg-Radford, VA",Blacksburg - VA USA
"Birmingham-Hoover, AL",Birmingham - AL USA
"Binghamton, NY",Binghamton - NY USA
"Billings, MT",Billings - MT USA
"Bend-Redmond, OR",Bend - OR USA
"Bellingham, WA",Bellingham - WA USA
"Beaumont-Port Arthur, TX",Beaumont - TX USA
"Battle Creek, MI",Battle Creek - MI USA
"Baton Rouge, LA",Baton Rouge - LA USA
"Barnstable Town, MA",Barnstable Town - MA USA
"Bangor, ME",Bangor - ME USA
"Baltimore-Columbia-Towson, MD",Baltimore - MD USA
"Bakersfield, CA",Bakersfield - CA USA
"Austin-Round Rock, TX",Austin - TX USA
"Augusta-Richmond County, GA-SC",Augusta - GA USA
"Auburn-Opelika, AL",Auburn-Opelika - AL USA
"Atlantic City-Hammonton, NJ",Atlantic City - NJ USA
"Atlanta-Sandy Springs-Roswell, GA",Atlanta - GA USA
"Athens-Clarke County, GA",Athens - GA USA
"Anniston-Oxford-Jacksonville, AL",Anniston-Oxford - AL USA
"Ann Arbor, MI",Ann Arbor - MI USA
"Anchorage, AK",Anchorage - AK USA
"Amarillo, TX",Amarillo - TX USA
"Altoona, PA",Altoona - PA USA
"Allentown-Bethlehem-Easton, PA-NJ",Lehigh Valley - PA USA
"Alexandria, LA",Alexandria - LA USA
"Albuquerque, NM",Albuquerque - NM USA
"Albany-Schenectady-Troy, NY",Albany - NY USA
"Akron, OH",Akron - OH USA
"Not in identifiable area,",
