rr_rent_growth_m2,rr_rent_growth_m1,rr_rent_growth_0,rr_rent_growth_p1,rr_rent_growth_p2,event,event_year,msa
-0.002560850232839605,0.008486017584800703,0.007498761173337684,0.00370527245104315,0.0002502007409930229,increase,2008,Albuquerque - NM
0.0020925081335008006,-0.009695813059806803,0.000987112522125199,-0.0011560376733541454,0.005709866061806651,increase,2007,Atlantic City - NJ
0.005709866061806651,0.008033911697566554,0.00014029769226910072,-0.014621509006246971,0.00516151450574405,increase,2011,Atlantic City - NJ
,-0.003961910959333199,0.0229606553912163,-0.0030187778174876993,-0.022045819554477916,increase,2006,Augusta - GA
-0.003961910959333199,0.0229606553912163,-0.0030187778174876993,-0.022045819554477916,-0.005172995850443854,increase,2007,Augusta - GA
-0.022045819554477916,-0.005172995850443854,0.004494240507483453,0.0012507024221122022,0.00047757849097249984,increase,2010,Augusta - GA
0.0177923850715161,0.015120368450879999,-0.0006048106588423252,-0.03005922026932245,0.0012951325625181233,increase,2008,Bakersfield - CA
-0.005983094219118367,0.025665931403636995,-0.0057205986231566,-0.025548488367348916,0.003418121486902251,increase,2007,Baton Rouge - LA
-0.014077693689614581,-0.007877227850258349,-0.0045919008553028,-0.006615366786718348,0.00222169049084185,increase,2014,Beaumont - TX
0.022636692970991197,0.0182003006339073,0.0009163110516965459,-0.03438077680766585,0.0005251439288258535,increase,2008,Bellingham - WA
0.0009163110516965459,-0.03438077680766585,0.0005251439288258535,-4.054279997950036e-05,0.0022228546440600985,increase,2010,Bellingham - WA
,-0.007284307386726158,-0.0191635359078645,-0.0082554966211319,0.006026852410286686,increase,2006,Bloomington - IL
-0.0189717262983322,-0.0060376990586519,0.005806103814393282,0.010305164381861652,-0.004641296342015266,increase,2008,Bloomington - IN
-0.0060376990586519,0.005806103814393282,0.010305164381861652,-0.004641296342015266,-0.0023571816273033896,increase,2009,Bloomington - IN
,0.0249039880000055,0.020073726773261996,0.018056783825159097,-0.0003289119340479374,increase,2006,Boise - ID
0.0249039880000055,0.020073726773261996,0.018056783825159097,-0.0003289119340479374,-0.03219406120479104,increase,2007,Boise - ID
0.020073726773261996,0.018056783825159097,-0.0003289119340479374,-0.03219406120479104,7.643504068255424e-05,increase,2008,Boise - ID
,0.0019901874475181,-0.0010115578770637026,0.014792095869779597,0.002390100155025686,increase,2006,Brownsville-Harlingen - TX
-0.0010115578770637026,0.014792095869779597,0.002390100155025686,-0.005337631329894052,-0.009245693450793627,increase,2008,Brownsville-Harlingen - TX
-0.005332258064299839,0.023659318685531595,-0.0080904811620712,-0.01892942702397702,-0.000394221395254149,increase,2007,Burlington - NC
,-0.0020630625076592003,0.0260772854089737,-0.0029316041618586003,-0.023690274450928014,increase,2006,Chattanooga - TN
,0.002048372756689801,0.0013644583523273954,0.008093819022178598,0.004566104616969782,increase,2006,College Station-Bryan - TX
-0.015748629346489903,0.0045744627714157,-0.004742465913295746,-0.0028530601412058466,0.005931396968662754,increase,2008,Colorado Springs - CO
-0.0012099514715374002,0.021502275019884096,-0.0103714969009161,-0.020104013849049814,-0.0032613109797239477,increase,2007,Daphne-Fairhope-Foley - AL
,-0.002169386018067602,0.020839378237724297,0.0001500826328993017,-0.024378819856792716,increase,2006,Daytona Beach - FL
0.020839378237724297,0.0001500826328993017,-0.024378819856792716,-0.007873317226767554,0.001673377119004723,increase,2008,Daytona Beach - FL
0.000762280076742174,-0.0016153394244611576,0.0005143545567988985,0.01725642196834095,-0.01079666521400213,increase,2012,Decatur - AL
0.0035876496694982017,-0.011070435866713503,0.0045162327587604,-0.0031929537653923035,0.0059356819838285516,increase,2007,Dover - DE
0.0045162327587604,-0.0031929537653923035,0.0059356819838285516,0.003522556275129353,0.0045741857029497,increase,2009,Dover - DE
-0.0026301620528102008,0.01154578290879725,0.0042819418013096515,0.01820826902985575,-0.004667980596423198,increase,2016,Elkhart - IN
,0.0227353661321103,0.023473523557186092,0.019196748733520497,0.0017684563063084836,increase,2006,Eugene - OR
,-0.003472005482763097,0.016991809010505697,-0.0041977874934673,-0.024895802605897216,increase,2006,Fort Myers - FL
-0.003472005482763097,0.016991809010505697,-0.0041977874934673,-0.024895802605897216,-0.009782375767827048,increase,2007,Fort Myers - FL
0.016991809010505697,-0.0041977874934673,-0.024895802605897216,-0.009782375767827048,-0.001719327643513676,increase,2008,Fort Myers - FL
-0.0041977874934673,-0.024895802605897216,-0.009782375767827048,-0.001719327643513676,0.0072187748737632985,increase,2009,Fort Myers - FL
,0.0243062539957464,0.012123633176088396,0.012017060071229903,0.0014834622852504253,increase,2006,Fresno - CA
,-0.003657735418528301,0.023251432925462695,-0.0040037073194981,-0.023115376476198414,increase,2006,Gainesville - FL
-0.003657735418528301,0.023251432925462695,-0.0040037073194981,-0.023115376476198414,-0.0006688106805086483,increase,2007,Gainesville - FL
-0.0006688106805086483,-0.00012583052739500653,-0.0014672609977424492,0.0029776040464638987,0.004915844649076552,increase,2011,Gainesville - FL
-0.0014672609977424492,0.0029776040464638987,0.004915844649076552,-0.007378712296485901,0.011651216074824354,increase,2013,Gainesville - FL
-0.018425683956593317,-0.00303213112056255,-0.0015204236842691864,0.0021594981662929023,-0.0007787421345710997,increase,2010,Gainesville - GA
-0.00303213112056255,-0.0015204236842691864,0.0021594981662929023,-0.0007787421345710997,-0.011425320990383578,increase,2011,Gainesville - GA
0.0028256918303668013,-0.01019380800426,-0.0022002141922712014,-0.0014339401386678254,0.00999682396650315,increase,2007,Glens Falls - NY
-0.01019380800426,-0.0022002141922712014,-0.0014339401386678254,0.00999682396650315,0.007062071934342353,increase,2008,Glens Falls - NY
-0.0022002141922712014,-0.0014339401386678254,0.00999682396650315,0.007062071934342353,-0.0005323956720531021,increase,2009,Glens Falls - NY
-0.0014339401386678254,0.00999682396650315,0.007062071934342353,-0.0005323956720531021,-0.003203758038580499,increase,2010,Glens Falls - NY
,-0.001488918904215101,0.0199721455574036,-0.0032641571015120004,-0.019717654678970617,increase,2006,Greenville - NC
-0.001488918904215101,0.0199721455574036,-0.0032641571015120004,-0.019717654678970617,0.0012940466403961494,increase,2007,Greenville - NC
-0.0032641571015120004,-0.019717654678970617,0.0012940466403961494,0.000986250583082434,-0.002283395733684329,increase,2009,Greenville - NC
0.0009155622683464995,0.002152133733034101,-0.005947845056652948,0.07996316161006689,-0.07544997520744795,increase,2013,Hanford-Corcoran - CA
-7.643504068255598e-05,0.00019873259589070144,0.0030669439584015985,-0.011618647724389988,-0.003096922300756,increase,2012,Hickory - NC
0.031347684562206296,-0.009218103310558945,-0.023185940459370655,0.03074179496616125,0.0014589228667318994,increase,2009,Honolulu - HI
0.003897292073816002,0.0223504155874253,-0.0008798781782388999,-0.02372899511829022,-0.004315709695220053,increase,2007,Huntsville - AL
,0.0300352736376226,0.007191594690084499,-0.0106331165879965,-0.03547514462843541,increase,2006,Inland Empire - CA
0.0300352736376226,0.007191594690084499,-0.0106331165879965,-0.03547514462843541,-0.014475459232926355,increase,2007,Inland Empire - CA
,-0.00551093788817527,-0.0187812373042106,-0.0053110867738724,0.005363741423934684,increase,2006,Iowa City - IA
0.005363741423934684,0.00801782123744485,-0.006045028974767774,-0.004835162777453689,-0.0013346048071980997,increase,2010,Iowa City - IA
-0.003542533610016097,0.0226672179996968,-0.0037619154900313014,-0.022822853643447112,-0.0009307730942964519,increase,2007,Jackson - MS
,-0.0023534023202956,0.024488806724548402,-0.0082654226571322,-0.02195879956707362,increase,2006,Jackson - TN
0.024488806724548402,-0.0082654226571322,-0.02195879956707362,0.0028076749294996504,0.00028959987685084343,increase,2008,Jackson - TN
,0.0158131676726043,0.006276827305555399,-0.0168012902140617,-0.03186849551275372,increase,2006,Jacksonville - FL
,-0.00585885392501952,-0.017877638339996303,-0.006698435172438601,0.005976599175482981,increase,2006,Janesville-Beloit - WI
,-0.006162527482956669,-0.020030684769153602,-0.008879711851477599,0.006453667301684583,increase,2006,Kalamazoo - MI
,-0.006863853428512829,-0.0190303940325975,-0.006034065037965799,0.006065891589969383,increase,2006,La Crosse-Onalaska - WI
-0.010205894242972136,0.0022816513665020015,-0.0037068743258715006,-0.0037319641560315496,-0.0007764818146824993,increase,2012,La Crosse-Onalaska - WI
-0.0006328504532575989,-0.03482569986954332,0.00585857219994065,0.0026808427646756137,-0.0031223781406879703,increase,2009,Lafayette - LA
,0.0017773113213478998,0.0214654989540577,-0.0035264734178781995,-0.023065977264195715,increase,2006,Lakeland - FL
0.0017773113213478998,0.0214654989540577,-0.0035264734178781995,-0.023065977264195715,-0.0022739265114069505,increase,2007,Lakeland - FL
0.0214654989540577,-0.0035264734178781995,-0.023065977264195715,-0.0022739265114069505,0.005320822820067454,increase,2008,Lakeland - FL
-0.0035264734178781995,-0.023065977264195715,-0.0022739265114069505,0.005320822820067454,0.0016732062213123018,increase,2009,Lakeland - FL
0.0037921103648841,-0.0008930116891861031,0.012364946305751797,0.003062929492443786,-0.006913317367434543,increase,2007,Las Cruces - NM
-0.03469645511358972,-0.01180205494165415,-0.0034420210868120506,-0.028333469294011628,-0.01689247600734235,increase,2017,Lewiston-Auburn - ME
-0.01180205494165415,-0.0034420210868120506,-0.028333469294011628,-0.01689247600734235,0.01425520889461045,increase,2018,Lewiston-Auburn - ME
,-0.005653485190123337,-0.019801406189799302,-0.007831541821360598,0.008369989227503583,increase,2006,Lincoln - NE
,-0.0037451791577040976,0.024213284254074104,-0.004205878823995601,-0.021275601815432317,increase,2006,Louisville - KY
0.0024005621671676983,0.013375464826822298,0.001247017178684473,-0.0011407267302274461,-0.006114859541412443,increase,2008,Lubbock - TX
-0.006813819985836762,-0.019363509491086003,-0.0073325298726559,0.005323978606611483,0.011251235380768752,increase,2007,Mansfield - OH
0.011251235380768752,-0.005506471614353357,-0.0034489477984607497,-0.003873066976666499,-0.004226423799991549,increase,2011,Mansfield - OH
0.004080075770616601,0.012007869780063598,0.0030685882084071844,-0.00449337624013425,-0.005980823480058461,increase,2008,McAllen - TX
0.012007869780063598,0.0030685882084071844,-0.00449337624013425,-0.005980823480058461,-0.002634363714605601,increase,2009,McAllen - TX
0.028772638645023104,0.0170703232288361,0.017629988491535197,-0.0003778976388275658,-0.029019558802247047,increase,2007,Medford - OR
,-0.002824327442795097,0.010376960039138801,-0.0042140986770391985,-0.024622975382953917,increase,2006,Melbourne - FL
-0.002824327442795097,0.010376960039138801,-0.0042140986770391985,-0.024622975382953917,-0.002228612080216446,increase,2007,Melbourne - FL
0.0242608203552663,0.0017804093658923964,0.003264401108026501,0.006953982170671183,-0.008048353716731044,increase,2007,Merced - CA
0.000987507402896895,0.011678431183099702,0.000418715644627813,0.002243028953671452,-0.0074254757491871715,increase,2008,Midland - TX
0.002243028953671452,-0.0074254757491871715,0.0025417921133339023,0.016576724126934998,0.007604025304317551,increase,2011,Midland - TX
0.007604025304317551,0.0173839731141925,-0.14635303802788274,-0.04355109669268124,0.20469874888658476,increase,2015,Midland - TX
-0.0059492066502571,-0.022328733932226917,0.0002484563738107508,-0.0009354185312986374,-0.0002899528481067025,increase,2009,Mobile - AL
-0.0029323846101761003,0.0032723806798457995,-0.004214297980070114,-0.022211303934454946,-0.00038501620292663574,increase,2008,Modesto - CA
,-0.004935347009450201,-0.018814831972122203,-0.008895443752408,0.0037224548868834834,increase,2006,Monroe - MI
-0.008895443752408,0.0037224548868834834,0.009281346574425652,-0.006596067811187822,-0.0031367065384984294,increase,2009,Monroe - MI
,-0.004011985380202501,0.022691432386636796,-0.006024722009897201,-0.02389369392767552,increase,2006,Montgomery - AL
-0.003875576425343797,-0.0194307621568441,-0.006980944424867599,0.005680002737790384,0.00914789922535415,increase,2007,Muskegon - MI
0.025715758558362698,0.002494990825653097,0.0183863788843155,0.006029386539012183,-0.015737673267722144,increase,2007,Napa - CA
0.002494990825653097,0.0183863788843155,0.006029386539012183,-0.015737673267722144,0.004686499014496753,increase,2008,Napa - CA
0.006029386539012183,-0.015737673267722144,0.004686499014496753,0.0114358183927834,0.0068693608045577986,increase,2010,Napa - CA
,-0.0032630297355354006,0.0197213664650917,-0.006091190502047501,-0.029510019812732914,increase,2006,Naples - FL
-0.0032630297355354006,0.0197213664650917,-0.006091190502047501,-0.029510019812732914,-0.0024238023906946495,increase,2007,Naples - FL
-0.019492693245410902,-0.0061845574527979,0.006464791018515784,0.011049160733818952,-0.004651801893487576,increase,2008,Niles-Benton Harbor - MI
0.027567818760871894,-0.0024649873375892986,-0.02267033932730552,-0.003308875486254751,0.001851635985076424,increase,2008,Northwest Arkansas - AR
,-0.0025495695881545995,0.024200722575187704,-0.005177011713385599,-0.02851607510820032,increase,2006,Ocala - FL
-0.0025495695881545995,0.024200722575187704,-0.005177011713385599,-0.02851607510820032,0.0014441106468438512,increase,2007,Ocala - FL
0.0132295861840248,0.0020921877585351814,-0.0027042496949434523,-0.0060542343417182565,-0.00408069835975769,increase,2009,Odessa - TX
,-0.003076622728258399,0.0209720954298973,-0.0065996255725622,-0.026859913486987318,increase,2006,Pensacola - FL
0.0004527694545686002,0.025234602391719797,-0.0097628608345986,-0.022753390949219417,-0.0021807793527841464,increase,2007,Port St. Lucie - FL
0.0024269036948681016,0.024152081459760697,-0.005034773377701633,0.004363723099231751,-0.006249634257983416,increase,2008,Pueblo - CO
,-0.0030454411171377017,-0.019491558894515003,-0.0061863660812378,0.005981138441711685,increase,2006,Racine - WI
-0.0070424154400825015,0.003711435943841903,-0.0012740865349769558,0.0008112937211990495,0.010525750927627055,increase,2008,Reading - PA
0.003711435943841903,-0.0012740865349769558,0.0008112937211990495,0.010525750927627055,-7.072137668729869e-05,increase,2009,Reading - PA
0.024153744336217604,0.017030201852321597,0.0166204310953617,-0.0008731391280889476,-0.021985938772559152,increase,2007,Redding - CA
-0.002868944313377201,0.024874560534954092,-0.0023941136896609982,-0.024185749236494317,-0.003936106339097047,increase,2007,Rocky Mount - NC
-0.01599377626553174,0.0013399953022598995,0.003985406830906854,0.004680296406149847,0.019914790987968452,increase,2015,Rocky Mount - NC
9.29939560592001e-05,-0.007871452718973104,-0.005143467336893099,-0.006816390319727354,-0.014439826831221553,increase,2007,Sacramento - CA
,0.021282424684613898,0.007795594632625601,0.009327985346317302,0.012404631357639983,increase,2006,Salinas - CA
0.021282424684613898,0.007795594632625601,0.009327985346317302,0.012404631357639983,-0.020808534696698244,increase,2007,Salinas - CA
0.007795594632625601,0.009327985346317302,0.012404631357639983,-0.020808534696698244,0.0034895958378910533,increase,2008,Salinas - CA
0.009327985346317302,0.012404631357639983,-0.020808534696698244,0.0034895958378910533,-0.0021941564045846774,increase,2009,Salinas - CA
,0.006699960213154502,-0.0037407204508781017,0.0021352078765631,0.0003433604724705219,increase,2006,Salisbury - MD
0.006699960213154502,-0.0037407204508781017,0.0021352078765631,0.0003433604724705219,0.0008700452744960507,increase,2007,Salisbury - MD
-0.0037407204508781017,0.0021352078765631,0.0003433604724705219,0.0008700452744960507,0.009700589813292054,increase,2008,Salisbury - MD
-0.0019975095055997684,0.006318323314189899,0.011049134656786953,0.0235016038641334,-0.06321092508733264,increase,2013,San Angelo - TX
,0.026868326123803802,0.015974730253219598,0.017045918852090797,0.001187989953905344,increase,2006,San Luis Obispo - CA
0.026868326123803802,0.015974730253219598,0.017045918852090797,0.001187989953905344,-0.02610619552433495,increase,2007,San Luis Obispo - CA
,0.027087291236966803,0.016102861613035195,0.015350066125392903,0.001932153943926082,increase,2006,Santa Barbara - CA
0.027087291236966803,0.016102861613035195,0.015350066125392903,0.001932153943926082,-0.023474017158150645,increase,2007,Santa Barbara - CA
0.015350066125392903,0.001932153943926082,-0.023474017158150645,0.001720582135021683,0.0017240238375960983,increase,2009,Santa Barbara - CA
0.022125536110252104,0.0182290561497212,0.021892353892326303,0.009810484480112784,-0.02875305898487565,increase,2007,Santa Cruz - CA
0.018945615738630295,-0.0071799773722887004,-0.020716067869216218,-0.012445835396647453,0.007515953853726354,increase,2008,Sarasota - FL
-0.012445835396647453,0.007515953853726354,0.0024665179662405994,0.006042264401912601,0.009179832413792652,increase,2011,Sarasota - FL
-0.0017433408647775997,-0.02217410458251832,-0.0013338122516870464,0.0010230434127151931,-0.0003224513493478992,increase,2009,Shreveport - LA
,-0.0033580870367586994,0.0273850113153458,-0.0017092823982239012,-0.029726602602750014,increase,2006,Spartanburg - SC
-0.0033580870367586994,0.0273850113153458,-0.0017092823982239012,-0.029726602602750014,-0.00062089227139955,increase,2007,Spartanburg - SC
0.0273850113153458,-0.0017092823982239012,-0.029726602602750014,-0.00062089227139955,0.0013595884665846842,increase,2008,Spartanburg - SC
0.023992612957954403,0.00018363399431109428,-0.039427546784281745,0.0029676761478185636,0.00020048255100840046,increase,2009,Spokane - WA
-0.01731732068583371,-0.018090682104229903,-0.007161526009440401,-0.014375508297234774,-0.024425426498055444,increase,2007,Stamford - CT
0.002684549894183902,-0.0093277469277382,0.0023553315550088987,-0.0009846901521086658,0.00222287140786645,increase,2007,State College - PA
0.027086058165878,0.005257971584796899,0.0014132075011729986,0.0013404102064669132,-0.024274567142128944,increase,2007,Stockton - CA
,-0.0059081898070872,-0.019966023042798,-0.006731428205966998,0.003946398850530386,increase,2006,Toledo - OH
0.008896565996110453,0.0041360720060765015,-0.003369701094925499,0.0018044169992208516,-0.0032258788123727,increase,2012,Trenton - NJ
0.018903987482190153,-0.000927977729588747,0.006198814604431401,0.005298107862472501,-0.012294436804950199,increase,2011,Tyler - TX
-0.000927977729588747,0.006198814604431401,0.005298107862472501,-0.012294436804950199,-0.0044281296432018,increase,2012,Tyler - TX
-0.012294436804950199,-0.0044281296432018,-0.0028253495693206475,-0.027304423274472342,0.0028863884508609494,increase,2015,Tyler - TX
0.009033738635480452,-0.0005820482037962003,-0.0046084458008409,-0.00036295317113394995,-0.0045093186199665,increase,2012,Utica - NY
0.0025918628089129994,-0.0006517395377159049,0.013467971235513698,0.0006286264397203922,-0.002875829115510046,increase,2007,Waco - TX
-0.00030822912231090113,0.002079548314213699,-0.0020504221320151485,-0.01506497850641608,-0.027186142746359075,increase,2013,Wichita Falls - TX
-0.005366262979805449,-0.01006074342876672,-0.005104921758174848,0.002479301765561149,-0.016225850209593752,decrease,2015,Albany - NY
-0.01651085168123241,5.028676241639919e-05,-0.014287307858467047,0.0018801521509885493,-0.0015126001089811499,decrease,2015,Albuquerque - NM
5.028676241639919e-05,-0.014287307858467047,0.0018801521509885493,-0.0015126001089811499,0.0021904669702053035,decrease,2016,Albuquerque - NM
,0.003702295478433402,-0.0021616630256175995,0.010793991386890401,-4.341127350926399e-05,decrease,2006,Amarillo - TX
-0.0020301910117268996,-0.027300378074869475,-0.01418653782457115,-0.02744944056030365,-0.0088050216436386,decrease,2016,Amarillo - TX
0.00012771273031829747,0.0068012755364179,-0.0007428862154483483,-0.006422382779419401,-0.027948071481659977,decrease,2013,Anchorage - AK
-0.006422382779419401,-0.027948071481659977,-0.08811394311487676,-0.01930649718269708,-0.014511864632368098,decrease,2016,Anchorage - AK
-0.027948071481659977,-0.08811394311487676,-0.01930649718269708,-0.014511864632368098,-0.010533794760704047,decrease,2017,Anchorage - AK
-0.08811394311487676,-0.01930649718269708,-0.014511864632368098,-0.010533794760704047,0.003374701365828549,decrease,2018,Anchorage - AK
-0.0057575069367885486,0.01464090310037135,0.02846393734216685,-0.0072610769420863,0.01138288527727125,decrease,2017,Ann Arbor - MI
0.01464090310037135,0.02846393734216685,-0.0072610769420863,0.01138288527727125,-0.02033386658877135,decrease,2018,Ann Arbor - MI
0.014201642945408849,0.015809020958840903,0.028507607057690655,0.013064166530966755,0.0038103889673948496,decrease,2015,Atlanta - GA
0.015809020958840903,0.028507607057690655,0.013064166530966755,0.0038103889673948496,0.018808986991643902,decrease,2016,Atlanta - GA
0.00516151450574405,-0.01179082412272691,-0.018910769373178447,-0.02249687747098504,-0.00635818950831895,decrease,2015,Atlantic City - NJ
-0.01179082412272691,-0.018910769373178447,-0.02249687747098504,-0.00635818950831895,0.0084615610539913,decrease,2016,Atlantic City - NJ
0.0021856492385267986,-0.014143547043204249,-0.01100452337414025,0.006878014653921148,-0.0013966299593448986,decrease,2016,Augusta - GA
-0.01100452337414025,0.006878014653921148,-0.0013966299593448986,0.016914207488298447,0.02048194222152235,decrease,2018,Augusta - GA
0.006614309735596199,0.015199443325400352,-0.010008564218878751,-0.01508206315338615,0.0085906721651554,decrease,2016,Austin - TX
0.015199443325400352,-0.010008564218878751,-0.01508206315338615,0.0085906721651554,0.011927187442779555,decrease,2017,Austin - TX
-0.010008564218878751,-0.01508206315338615,0.0085906721651554,0.011927187442779555,-0.04085036739706992,decrease,2018,Austin - TX
-0.015352217480540248,-0.002328433096408849,0.007247690111398648,0.008913032710552198,0.00729661062359805,decrease,2017,Bakersfield - CA
0.0016270093619823525,-0.0041924072429538,-0.010342545807361547,-0.017471656203269938,-0.01012954674661165,decrease,2015,Baltimore - MD
-4.837289452549326e-06,0.0007567433640360988,-0.007318090647458947,0.025034843012690555,-0.03820752445608375,decrease,2015,Baton Rouge - LA
0.0007567433640360988,-0.007318090647458947,0.025034843012690555,-0.03820752445608375,-0.03647947078570727,decrease,2016,Baton Rouge - LA
-0.007318090647458947,0.025034843012690555,-0.03820752445608375,-0.03647947078570727,-0.03738692472688855,decrease,2017,Baton Rouge - LA
-0.006240177899599049,-0.00657703168690205,0.024652928113937298,0.005113039165735252,-0.0011985935270786494,decrease,2018,Birmingham - AL
0.0014800298959017563,0.00926763005554675,0.005620814859867047,-0.002808485180139597,0.009477641433477353,decrease,2017,Blacksburg - VA
0.00926763005554675,0.005620814859867047,-0.002808485180139597,0.009477641433477353,0.011648738756775846,decrease,2018,Blacksburg - VA
-0.002742458600550921,0.0010258853435515993,-0.011903517879545649,-0.0093379933387041,-0.026392797008156735,decrease,2013,Bloomington - IL
-0.011903517879545649,-0.0093379933387041,-0.026392797008156735,-0.00845173001289365,-0.03964645694941285,decrease,2015,Bloomington - IL
-0.026392797008156735,-0.00845173001289365,-0.03964645694941285,-0.004503160715103198,-0.005078075453639048,decrease,2017,Bloomington - IL
-0.00845173001289365,-0.03964645694941285,-0.004503160715103198,-0.005078075453639048,-0.0006134938448667526,decrease,2018,Bloomington - IL
,-0.006363811437040592,-0.0189717262983322,-0.0060376990586519,0.005806103814393282,decrease,2006,Bloomington - IN
-0.01937252370407804,-0.010077629238367046,0.00784115679562095,-0.005439564585685751,-0.017085196450352697,decrease,2016,Bloomington - IN
-0.010077629238367046,0.00784115679562095,-0.005439564585685751,-0.017085196450352697,-0.001597370952367748,decrease,2017,Bloomington - IN
0.00784115679562095,-0.005439564585685751,-0.017085196450352697,-0.001597370952367748,-0.005194822326302549,decrease,2018,Bloomington - IN
0.0016099256463349004,0.006713220849633201,0.005263179540634152,0.0032687103375793006,-0.010920852422714247,decrease,2013,Boise - ID
0.005263179540634152,0.0032687103375793006,-0.010920852422714247,0.016898693516850454,0.014583036303520147,decrease,2015,Boise - ID
-0.01657778886146843,-0.020683684386312948,-0.01843824144452809,-0.01062294282019145,-0.0178418625146151,decrease,2016,Brownsville-Harlingen - TX
-0.020683684386312948,-0.01843824144452809,-0.01062294282019145,-0.0178418625146151,-0.005837561562657349,decrease,2017,Brownsville-Harlingen - TX
-0.01843824144452809,-0.01062294282019145,-0.0178418625146151,-0.005837561562657349,-0.01804599352180955,decrease,2018,Brownsville-Harlingen - TX
-0.00354418531060215,-0.011491546407341952,-0.008073953911662046,-0.01241088286042215,-0.0036361552774906505,decrease,2015,Buffalo - NY
-0.0080904811620712,-0.01892942702397702,-0.000394221395254149,-0.001903729513287546,0.0023001036606728996,decrease,2009,Burlington - NC
-0.003971248865127551,-0.00660713203251365,-0.004136674106121098,0.007430192083120353,0.026939934119582152,decrease,2018,Burlington - NC
0.009069493040442453,-0.00125776417553425,-0.01475267950445415,-0.009543498978018799,0.004581000655889553,decrease,2017,Charleston - SC
-0.00125776417553425,-0.01475267950445415,-0.009543498978018799,0.004581000655889553,-0.010598693042993549,decrease,2018,Charleston - SC
0.0036402782425283987,0.011678630486130756,8.353032171725013e-05,-0.00711581669747835,0.012804862111806804,decrease,2016,Charlotte - NC
0.011678630486130756,8.353032171725013e-05,-0.00711581669747835,0.012804862111806804,0.011931713670492151,decrease,2017,Charlotte - NC
-0.0005193934775888955,0.0008522276766597982,0.0054461415857076,-0.0026180986315011492,0.002055072225630299,decrease,2012,Chattanooga - TN
-0.004217298701405449,0.002015770412981498,0.009043483063578654,-0.010468736290931651,-0.01247691176831725,decrease,2015,Chicago - IL
0.009043483063578654,-0.010468736290931651,-0.01247691176831725,-0.004461107775569,-0.00755840912461285,decrease,2017,Chicago - IL
-0.010468736290931651,-0.01247691176831725,-0.004461107775569,-0.00755840912461285,-0.04368420783430335,decrease,2018,Chicago - IL
0.0028006276115774987,-0.0025028418749570465,0.011683294549584455,0.004611987620592048,0.011810075491666804,decrease,2016,Chico - CA
-0.0025028418749570465,0.011683294549584455,0.004611987620592048,0.011810075491666804,0.003344640135765055,decrease,2017,Chico - CA
0.011683294549584455,0.004611987620592048,0.011810075491666804,0.003344640135765055,-0.007326964288949949,decrease,2018,Chico - CA
-0.0049126874655486,-0.005805892869830048,-0.020352355204522603,-0.025338915642350877,-0.02127265697345136,decrease,2014,Clarksville - TN
-0.02127265697345136,0.01950253173708915,0.0060112103819847,0.010602075606584549,0.007459064945578547,decrease,2018,Clarksville - TN
0.00870632939040665,-0.00822704471647735,-0.040786229074001354,-0.013071820139884997,-0.01844045333564285,decrease,2017,College Station-Bryan - TX
0.035008868202567156,0.014898624271154348,0.012243781238794302,0.02426807954907415,0.007213225588202449,decrease,2018,Colorado Springs - CO
0.025964455679059056,0.005074458196759255,-0.004852503538131752,-0.004951454699039497,0.003353733569383649,decrease,2017,Dallas-Fort Worth - TX
0.0023513548076151986,0.007578944787383152,-0.0048927115276456,0.013167018070817056,-0.012051815167069449,decrease,2014,Daphne-Fairhope-Foley - AL
0.007578944787383152,-0.0048927115276456,0.013167018070817056,-0.012051815167069449,-0.02060231845825913,decrease,2015,Daphne-Fairhope-Foley - AL
0.013167018070817056,-0.012051815167069449,-0.02060231845825913,0.012654278427362404,0.008535917848348652,decrease,2017,Daphne-Fairhope-Foley - AL
-0.012051815167069449,-0.02060231845825913,0.012654278427362404,0.008535917848348652,0.020918922498822243,decrease,2018,Daphne-Fairhope-Foley - AL
0.0037493687123060504,0.010655933991074552,0.0016518626362085481,0.018289119005203202,-0.003297787159681348,decrease,2017,Daytona Beach - FL
-0.011882318183779647,-0.005975309759378449,0.02308802306652065,0.009243283420801104,0.006290603429079049,decrease,2017,Decatur - AL
-0.005975309759378449,0.02308802306652065,0.009243283420801104,0.006290603429079049,0.027402149513363856,decrease,2018,Decatur - AL
0.0230143954977393,0.021604945883154952,-0.00791611149907115,-0.0005588363856077506,0.004080940037965702,decrease,2016,Denver - CO
0.021604945883154952,-0.00791611149907115,-0.0005588363856077506,0.004080940037965702,-0.006614515557885149,decrease,2017,Denver - CO
-0.00791611149907115,-0.0005588363856077506,0.004080940037965702,-0.006614515557885149,-0.02912510093301533,decrease,2018,Denver - CO
-0.0007079206407069501,-0.0041156709194183,0.009160609915852554,0.01086697913706305,0.0012635886669158485,decrease,2015,Detroit - MI
-0.000645749270915999,-0.006713502109050749,0.0008693067356943997,0.004725119099020951,0.01131988503038885,decrease,2014,Dover - DE
0.0008693067356943997,0.004725119099020951,0.01131988503038885,-0.01276573166251185,0.0141991078853607,decrease,2016,Dover - DE
0.01131988503038885,-0.01276573166251185,0.0141991078853607,-0.019884925335645648,0.03297832794487475,decrease,2018,Dover - DE
-0.010519666597247049,-0.01258888700976967,-0.03664624178782101,-0.01830568257719277,-0.008785532787442249,decrease,2015,El Paso - TX
-0.01258888700976967,-0.03664624178782101,-0.01830568257719277,-0.008785532787442249,-0.005182471126317999,decrease,2016,El Paso - TX
-0.01203730981796976,-0.0026301620528102008,0.01154578290879725,0.0042819418013096515,0.01820826902985575,decrease,2015,Elkhart - IN
-0.0006687911227344998,0.027852663770318052,0.03667790256440645,0.01788729801774025,0.010793153196573198,decrease,2016,Eugene - OR
-0.0003392989747226273,-0.00999003730248663,-0.000268344767391699,-0.01696087862364944,-0.02267093071714043,decrease,2012,Fayetteville - NC
0.010139332618564385,0.006665613502264051,0.0001510018482804333,-0.0007499693892896002,-0.009648611769080209,decrease,2010,Flagstaff - AZ
0.006665613502264051,0.0001510018482804333,-0.0007499693892896002,-0.009648611769080209,0.006534600630402652,decrease,2011,Flagstaff - AZ
0.0001510018482804333,-0.0007499693892896002,-0.009648611769080209,0.006534600630402652,0.0327793350443244,decrease,2012,Flagstaff - AZ
-0.009648611769080209,0.006534600630402652,0.0327793350443244,0.04691403917968275,0.03342658840119846,decrease,2014,Flagstaff - AZ
0.006534600630402652,0.0327793350443244,0.04691403917968275,0.03342658840119846,-0.03091543912887575,decrease,2015,Flagstaff - AZ
0.0327793350443244,0.04691403917968275,0.03342658840119846,-0.03091543912887575,-0.0452724397182465,decrease,2016,Flagstaff - AZ
0.03342658840119846,-0.03091543912887575,-0.0452724397182465,0.03230237960815424,0.013328688219189647,decrease,2018,Flagstaff - AZ
-0.009230399504303946,-0.024653002736158648,0.015635740011930452,-0.0083896089345217,-0.015390567481517847,decrease,2017,Fort Collins - CO
0.0377586921676993,0.02006411366164685,0.013639850541949255,0.009192496538162252,-0.012434717267751697,decrease,2016,Fort Myers - FL
0.02006411366164685,0.013639850541949255,0.009192496538162252,-0.012434717267751697,0.0032646991312503537,decrease,2017,Fort Myers - FL
0.013639850541949255,0.009192496538162252,-0.012434717267751697,0.0032646991312503537,-0.034516427665948854,decrease,2018,Fort Myers - FL
0.013584727421402952,0.003887142986059248,-0.0026631504297256504,0.003366574645042402,0.0021190345287322512,decrease,2017,Fort Wayne - IN
-0.0031983032822608497,-0.0044917901977897,0.009431948885321652,0.028879800811409954,0.019056197255849852,decrease,2015,Fresno - CA
-0.007378712296485901,0.011651216074824354,0.02085228450596335,0.016964565962553052,0.0082221329212188,decrease,2016,Gainesville - FL
0.011651216074824354,0.02085228450596335,0.016964565962553052,0.0082221329212188,0.017570242285728458,decrease,2017,Gainesville - FL
0.02085228450596335,0.016964565962553052,0.0082221329212188,0.017570242285728458,-0.012644708156585648,decrease,2018,Gainesville - FL
,-0.00040780333802109894,0.0207600630819798,-0.007965980097651499,-0.018425683956593317,decrease,2006,Gainesville - GA
-0.011425320990383578,0.0170338479802013,0.02487536706030375,0.00827246718108655,0.02232905477285385,decrease,2015,Gainesville - GA
0.0170338479802013,0.02487536706030375,0.00827246718108655,0.02232905477285385,-0.0006495974957942997,decrease,2016,Gainesville - GA
0.02487536706030375,0.00827246718108655,0.02232905477285385,-0.0006495974957942997,-0.003327947109937647,decrease,2017,Gainesville - GA
0.00827246718108655,0.02232905477285385,-0.0006495974957942997,-0.003327947109937647,0.018094109371304557,decrease,2018,Gainesville - GA
-0.0005323956720531021,-0.003203758038580499,-0.00610013306140895,0.003298277966678099,0.028931351378560052,decrease,2013,Glens Falls - NY
-0.00610013306140895,0.003298277966678099,0.028931351378560052,-0.01115642767399545,0.0011750590056180503,decrease,2015,Glens Falls - NY
0.028931351378560052,-0.01115642767399545,0.0011750590056180503,-0.0141844525933266,-0.021255784668028348,decrease,2017,Glens Falls - NY
0.002700509503483852,0.0090433834120631,0.02392382733523845,0.005893861874938049,0.007792182266712147,decrease,2015,Grand Rapids - MI
0.0090433834120631,0.02392382733523845,0.005893861874938049,0.007792182266712147,0.0026826038956641977,decrease,2016,Grand Rapids - MI
0.0012940466403961494,0.000986250583082434,-0.002283395733684329,-0.0009673945605754991,0.005166374146938352,decrease,2011,Greenville - NC
-0.016915860353037708,-0.004507409408688545,0.007209403440356251,-0.0025978870689869517,-0.003053972497582498,decrease,2016,Greenville - NC
-0.004507409408688545,0.007209403440356251,-0.0025978870689869517,-0.003053972497582498,0.005904249846935251,decrease,2017,Greenville - NC
0.007209403440356251,-0.0025978870689869517,-0.003053972497582498,0.005904249846935251,0.008541746065020547,decrease,2018,Greenville - NC
-0.011962108314037349,-0.01972132269293072,0.008243542164564101,-0.0002659745514392506,-0.0029455758631229505,decrease,2018,Greenville - SC
-0.006144109182059749,-0.02071031788364052,-0.023019965738058056,-0.01254077069461345,-0.01491434965282685,decrease,2015,Gulfport-Biloxi-Pascagoula - MS
-0.02071031788364052,-0.023019965738058056,-0.01254077069461345,-0.01491434965282685,0.0182004123926162,decrease,2016,Gulfport-Biloxi-Pascagoula - MS
0.0189950838685036,0.014345370233058898,-0.00494337035343051,-0.018609507009387044,-0.0020667659118771553,decrease,2008,Hanford-Corcoran - CA
-0.00494337035343051,-0.018609507009387044,-0.0020667659118771553,0.0009155622683464995,0.002152133733034101,decrease,2010,Hanford-Corcoran - CA
-0.018609507009387044,-0.0020667659118771553,0.0009155622683464995,0.002152133733034101,-0.005947845056652948,decrease,2011,Hanford-Corcoran - CA
0.002152133733034101,-0.005947845056652948,0.07996316161006689,-0.07544997520744795,0.01373312808573245,decrease,2014,Hanford-Corcoran - CA
-0.07544997520744795,0.01373312808573245,0.01042232662439345,0.016425918787717802,0.023448452353477454,decrease,2017,Hanford-Corcoran - CA
0.01373312808573245,0.01042232662439345,0.016425918787717802,0.023448452353477454,0.06143680401146415,decrease,2018,Hanford-Corcoran - CA
-0.0032838406041264014,-0.007043108344078047,0.006817625835537949,-0.007407359778881052,0.008318342268466904,decrease,2016,Harrisburg - PA
-0.005497597157955151,-0.008328245952725452,-0.002096733078360599,-0.006284268572926549,-0.002970324829220751,decrease,2018,Hartford - CT
0.024610580876469654,0.013376953080296555,0.004960265010595349,0.006591398268937999,-0.014636620879173248,decrease,2017,Hickory - NC
0.015560006722807954,0.024591862224042402,-0.015822711400687646,-0.01652187760919331,0.0023045670241117477,decrease,2015,Honolulu - HI
-0.0005514081567525482,-0.04224668070673945,0.007206227630376746,-0.020895274356007597,-0.002292886376380948,decrease,2017,Houston - TX
-0.04224668070673945,0.007206227630376746,-0.020895274356007597,-0.002292886376380948,-0.03345287777483462,decrease,2018,Houston - TX
0.0015731761232018436,0.0048662410117685,-0.00018274597823620016,-0.01848591701127585,-0.02252262458205223,decrease,2012,Huntsville - AL
-0.01848591701127585,-0.02252262458205223,-0.010976390913128846,-0.0027683582156896504,0.01383804529905315,decrease,2015,Huntsville - AL
-0.02252262458205223,-0.010976390913128846,-0.0027683582156896504,0.01383804529905315,0.0180920176208019,decrease,2016,Huntsville - AL
-0.005317626520991249,-0.00869630649685859,-0.003942351788282346,0.0018626358360052508,0.004428949207067448,decrease,2015,Indianapolis - IN
0.0121857402846217,0.028694352135062252,0.032215299084782656,0.021744944155216148,0.0126875042915344,decrease,2016,Inland Empire - CA
0.028694352135062252,0.032215299084782656,0.021744944155216148,0.0126875042915344,0.016183011233806655,decrease,2017,Inland Empire - CA
0.032215299084782656,0.021744944155216148,0.0126875042915344,0.016183011233806655,0.03903635032474995,decrease,2018,Inland Empire - CA
0.00801782123744485,-0.006045028974767774,-0.004835162777453689,-0.0013346048071980997,-0.00511192623525855,decrease,2011,Iowa City - IA
-0.00511192623525855,-0.008659509010612961,-0.014234682545065845,-0.004154250025749149,-0.02096245577558877,decrease,2015,Iowa City - IA
0.007962875068187651,-0.008251484367065135,-0.0032280921004712894,-0.0030477466061712005,-0.00549567956477395,decrease,2011,Jackson - MI
-0.008251484367065135,-0.0032280921004712894,-0.0030477466061712005,-0.00549567956477395,0.003507078625261799,decrease,2012,Jackson - MI
-0.00549567956477395,0.003507078625261799,0.009084498509764755,0.005149638280272453,0.002574566751718549,decrease,2015,Jackson - MI
-0.003445171751081999,-0.003720676526427248,0.008556121028959798,0.0037640277296305535,-0.01185469888150695,decrease,2014,Jackson - MS
0.0037640277296305535,-0.01185469888150695,-0.01926338393241169,-0.0021508987993001973,0.007855847477912854,decrease,2017,Jackson - MS
-0.01185469888150695,-0.01926338393241169,-0.0021508987993001973,0.007855847477912854,0.006064752116799348,decrease,2018,Jackson - MS
0.0028076749294996504,0.00028959987685084343,-0.0016995747573674003,0.0030067209154367013,-0.012885545380413489,decrease,2011,Jackson - TN
-0.0016995747573674003,0.0030067209154367013,-0.012885545380413489,-0.01586232753470539,0.002414459362626152,decrease,2013,Jackson - TN
0.002414459362626152,-0.01609929464757445,0.005465537309646551,0.0013225376605987028,-0.0035692453384399483,decrease,2017,Jackson - TN
0.006472035311162498,0.009863944724202156,0.00923387147486215,0.01400580257177355,0.0086508467793464,decrease,2016,Jacksonville - FL
0.009863944724202156,0.00923387147486215,0.01400580257177355,0.0086508467793464,0.0010615922510623516,decrease,2017,Jacksonville - FL
0.005976599175482981,0.008593045175075552,-0.006055345991626382,-0.0020609251223504925,-0.0049337232485414,decrease,2010,Janesville-Beloit - WI
0.008593045175075552,-0.006055345991626382,-0.0020609251223504925,-0.0049337232485414,-0.0032689534127711486,decrease,2011,Janesville-Beloit - WI
-0.0049337232485414,-0.0032689534127711486,-0.01228741137310862,-0.008762130513787245,-0.00445155240595335,decrease,2014,Janesville-Beloit - WI
0.007776391692459599,0.015344982966780656,0.015774780884385154,0.0034763496369123494,0.010348491370677903,decrease,2016,Kalamazoo - MI
0.015774780884385154,0.0034763496369123494,0.010348491370677903,-0.0008552372455597479,0.013016255572438244,decrease,2018,Kalamazoo - MI
0.010663641616702052,-0.010205894242972136,0.0022816513665020015,-0.0037068743258715006,-0.0037319641560315496,decrease,2011,La Crosse-Onalaska - WI
-0.006005706265568747,-0.006038853898644449,-0.01917127287015321,-0.0169531777501107,-0.02840923005715013,decrease,2017,La Crosse-Onalaska - WI
-0.050901675596833146,-0.03447070252150296,-0.02464148239232602,-0.0199137553572655,-0.01119579188525675,decrease,2017,Lafayette - LA
-0.03447070252150296,-0.02464148239232602,-0.0199137553572655,-0.01119579188525675,0.01261930353939535,decrease,2018,Lafayette - LA
0.014184659346938154,0.010604357346892353,0.012150678783655153,0.0011857785284519022,0.005260389298200552,decrease,2017,Lakeland - FL
0.010604357346892353,0.012150678783655153,0.0011857785284519022,0.005260389298200552,-0.02081207279115915,decrease,2018,Lakeland - FL
-0.001964934170246048,-0.004740007221698801,-0.0018282532691955462,0.004086781293153752,0.002843277528882051,decrease,2015,Lancaster - PA
-0.006872834637761048,-0.0068994918838143,0.003094131126999855,0.005793465301394452,-0.005963144823908851,decrease,2015,Lansing - MI
-0.0068994918838143,0.003094131126999855,0.005793465301394452,-0.005963144823908851,-0.002010356634855298,decrease,2016,Lansing - MI
0.003094131126999855,0.005793465301394452,-0.005963144823908851,-0.002010356634855298,-0.0016790032386779508,decrease,2017,Lansing - MI
0.005793465301394452,-0.005963144823908851,-0.002010356634855298,-0.0016790032386779508,-0.002257984131574648,decrease,2018,Lansing - MI
-0.0028948700055480003,0.005123946815729152,0.0020062858238816,-0.029198868200182877,-0.01593514811247585,decrease,2014,Laredo - TX
0.0020062858238816,-0.029198868200182877,-0.01593514811247585,0.006648097187280648,0.015488989651203103,decrease,2016,Laredo - TX
-0.029198868200182877,-0.01593514811247585,0.006648097187280648,0.015488989651203103,0.023437436670064957,decrease,2017,Laredo - TX
-0.01593514811247585,0.006648097187280648,0.015488989651203103,0.023437436670064957,-0.10600862465798855,decrease,2018,Laredo - TX
0.0016368930228054003,0.005879363045096399,-0.009510312229394849,-0.025484099984169,-0.006203170865774148,decrease,2013,Las Cruces - NM
0.005879363045096399,-0.009510312229394849,-0.025484099984169,-0.006203170865774148,-0.006171729415655148,decrease,2014,Las Cruces - NM
-0.009510312229394849,-0.025484099984169,-0.006203170865774148,-0.006171729415655148,-0.0024852436035871506,decrease,2015,Las Cruces - NM
-0.025484099984169,-0.006203170865774148,-0.006171729415655148,-0.0024852436035871506,-0.02299927826970819,decrease,2016,Las Cruces - NM
-0.006203170865774148,-0.006171729415655148,-0.0024852436035871506,-0.02299927826970819,0.003968074917793253,decrease,2017,Las Cruces - NM
0.002169051673263301,-0.008099846541881502,0.0032715685665607,-0.0017996965907514026,0.0009773131459951505,decrease,2007,Lewiston-Auburn - ME
-0.00046328222379090137,-0.0032974183559418,-0.003636939451098449,-0.0352262193337083,-0.03469645511358972,decrease,2013,Lewiston-Auburn - ME
-0.003636939451098449,-0.0352262193337083,-0.03469645511358972,-0.01180205494165415,-0.0034420210868120506,decrease,2015,Lewiston-Auburn - ME
-0.005653485190123337,-0.019801406189799302,-0.007831541821360598,0.008369989227503583,0.007384579628705951,decrease,2007,Lincoln - NE
-0.0030711647123097506,-0.0015833759680389994,-0.0036605708301067456,-0.0009899996221065504,-0.00628185644745825,decrease,2015,Lincoln - NE
-0.0036605708301067456,-0.0009899996221065504,-0.00628185644745825,-0.007047688588500099,0.0023035593330860485,decrease,2017,Lincoln - NE
-0.014382147230207878,-0.00920022372156381,-0.012365380302071547,-0.006532520055770848,-0.014627572149038351,decrease,2015,Little Rock - AR
-0.012365380302071547,-0.006532520055770848,-0.014627572149038351,-0.008982455357909199,-0.004519645124673847,decrease,2017,Little Rock - AR
-0.006532520055770848,-0.014627572149038351,-0.008982455357909199,-0.004519645124673847,0.005910111591219951,decrease,2018,Little Rock - AR
0.020409470424056053,0.01066138409078125,0.005230311304330847,-0.0003186725080014004,-0.01091959327459335,decrease,2017,Los Angeles - CA
0.01066138409078125,0.005230311304330847,-0.0003186725080014004,-0.01091959327459335,-0.04177712835371493,decrease,2018,Los Angeles - CA
0.0024632234126329526,-0.006732072681188601,-0.004342917352914748,0.00236848182976245,-0.00856126099824905,decrease,2015,Louisville - KY
-0.004342917352914748,0.00236848182976245,-0.00856126099824905,-0.002483157441019998,-0.0028903931379318515,decrease,2017,Louisville - KY
0.00236848182976245,-0.00856126099824905,-0.002483157441019998,-0.0028903931379318515,-0.01054035127162935,decrease,2018,Louisville - KY
-0.003429442644119301,-0.013677285984158447,-0.01811529882252215,-0.02444292220752688,-0.015025513246655499,decrease,2016,Lubbock - TX
-0.005506471614353357,-0.0034489477984607497,-0.003873066976666499,-0.004226423799991549,0.0009040599688887995,decrease,2012,Mansfield - OH
-0.004226423799991549,0.0009040599688887995,-0.0047720056027173476,0.010434674099087753,0.00931164994835855,decrease,2015,Mansfield - OH
-0.01158978091552853,-0.021987209096550907,-0.02011327072978018,-0.03731969837099315,-0.007609903812408499,decrease,2016,McAllen - TX
-0.021987209096550907,-0.02011327072978018,-0.03731969837099315,-0.007609903812408499,-0.01456840708851815,decrease,2017,McAllen - TX
-0.02011327072978018,-0.03731969837099315,-0.007609903812408499,-0.01456840708851815,-0.01176555827260015,decrease,2018,McAllen - TX
0.0003446531482040986,0.0016908254474401006,0.0010444335639477505,0.011078192852437498,-0.009984659031033447,decrease,2013,Medford - OR
0.0016908254474401006,0.0010444335639477505,0.011078192852437498,-0.009984659031033447,0.008374320343136853,decrease,2014,Medford - OR
0.0010444335639477505,0.011078192852437498,-0.009984659031033447,0.008374320343136853,0.008733317255973747,decrease,2015,Medford - OR
0.011078192852437498,-0.009984659031033447,0.008374320343136853,0.008733317255973747,0.0016213878989219006,decrease,2016,Medford - OR
-0.008499507792293949,-0.005768218077719201,-0.0030440930277108452,0.003612928092479751,-0.002447385340929052,decrease,2015,Memphis - TN
0.03981281630694865,0.035395268350839545,0.0224374495446682,0.015013851225376146,0.012977706268429746,decrease,2018,Merced - CA
0.0055554965510963995,0.00044852308928965134,-0.009895203635096548,-0.004807958379387852,-0.008816054090857499,decrease,2016,Miami - FL
0.00044852308928965134,-0.009895203635096548,-0.004807958379387852,-0.008816054090857499,-0.006380924955010449,decrease,2017,Miami - FL
-0.009895203635096548,-0.004807958379387852,-0.008816054090857499,-0.006380924955010449,-0.029957381775602678,decrease,2018,Miami - FL
0.0173839731141925,-0.14635303802788274,-0.04355109669268124,0.20469874888658476,0.0821176432073113,decrease,2016,Midland - TX
-0.14635303802788274,-0.04355109669268124,0.20469874888658476,0.0821176432073113,-0.08943848311901095,decrease,2017,Midland - TX
-0.04355109669268124,0.20469874888658476,0.0821176432073113,-0.08943848311901095,-0.26212893985211866,decrease,2018,Midland - TX
-0.004702569916844351,-0.003632481209933801,-0.009529205039143548,-0.01065498497337105,-0.017961735837161562,decrease,2015,Milwaukee - WI
-5.906261503694707e-05,0.004383176565170347,0.006772406399250051,-0.004144214093685199,-0.0035479478538036485,decrease,2017,Minneapolis - MN
0.004383176565170347,0.006772406399250051,-0.004144214093685199,-0.0035479478538036485,-0.03528939932584761,decrease,2018,Minneapolis - MN
-0.004651177674531999,-0.008127329871058448,0.0056574670597911,0.009726079180836754,-0.00990682654082775,decrease,2014,Mobile - AL
-0.00990682654082775,-0.008878745138645151,0.0063079372048378025,0.0016564168035983484,0.021238410845398948,decrease,2018,Mobile - AL
0.00010367576032879917,-0.014390544965863148,-0.00951158627867695,-0.02513551735319199,-0.02886891737580303,decrease,2016,Monroe - LA
-0.00951158627867695,-0.02513551735319199,-0.02886891737580303,-0.00978311337530615,0.000925997272133848,decrease,2018,Monroe - LA
0.009281346574425652,-0.006596067811187822,-0.0031367065384984294,-0.00705294311046605,0.0030559021979570493,decrease,2011,Monroe - MI
-0.0031367065384984294,-0.00705294311046605,0.0030559021979570493,-0.002437180839478999,0.005762850865721751,decrease,2013,Monroe - MI
-0.002437180839478999,0.005762850865721751,-0.01266565639525655,0.012759346514940248,0.0004523545503616021,decrease,2016,Monroe - MI
0.00547622703015805,-0.01312506897374987,-0.014924945309758148,-0.0022221934050321492,-0.013618811033666151,decrease,2015,Montgomery - AL
-0.0194307621568441,-0.006980944424867599,0.005680002737790384,0.00914789922535415,-0.005128521355800327,decrease,2008,Muskegon - MI
-0.007677834481000848,0.003779335878789399,0.009155629202723552,-0.005904972553253151,0.01970875263214105,decrease,2015,Muskegon - MI
0.013475412502884854,0.027839493006467753,-0.0084632188081742,0.0012382306158542494,-0.01152430474758145,decrease,2018,Napa - CA
-0.0028003416955471074,-0.002535462845116892,0.0081917010247707,0.012568717822432553,0.014751124195754499,decrease,2012,Naples - FL
0.0081917010247707,0.012568717822432553,0.014751124195754499,0.03416821919381625,0.005113022401928954,decrease,2014,Naples - FL
0.014751124195754499,0.03416821919381625,0.005113022401928954,0.0008144751191139499,-0.0186859434470535,decrease,2016,Naples - FL
0.03416821919381625,0.005113022401928954,0.0008144751191139499,-0.0186859434470535,-0.03643043350894005,decrease,2017,Naples - FL
0.005113022401928954,0.0008144751191139499,-0.0186859434470535,-0.03643043350894005,0.0014543626457452496,decrease,2018,Naples - FL
-0.005312377586960749,-0.01897280663251879,0.0012351386249065018,0.01536725088953975,-0.034256647806614623,decrease,2018,Nashville - TN
0.011049160733818952,-0.004651801893487576,-0.0029365080408752277,-0.004980163648724599,0.006515843793749851,decrease,2011,Niles-Benton Harbor - MI
-0.0029365080408752277,-0.004980163648724599,0.006515843793749851,0.013432848267257198,-0.012974783778190547,decrease,2013,Niles-Benton Harbor - MI
-0.011423198506236038,-0.015400832053273911,-0.011573223397135748,-0.005504310131072951,-0.00742386467754845,decrease,2015,Norfolk - VA
-0.015400832053273911,-0.011573223397135748,-0.005504310131072951,-0.00742386467754845,-0.00016420707106589924,decrease,2016,Norfolk - VA
0.001607049722224401,0.004109021276235499,-0.007238932885229549,0.0007772659882902978,-0.005639856681227646,decrease,2013,Northwest Arkansas - AR
-0.015792262740433178,0.0015616090968251003,-0.017936136573553047,0.004690518602728847,-0.01180486194789415,decrease,2015,Norwich - CT
0.0009500645101070508,0.006176146678626501,0.02770215086638935,0.01182773150503635,0.01731091737747195,decrease,2015,Ocala - FL
-0.11860682256519794,-0.07735818810760975,0.25745748728513673,0.0926731340587143,-0.06097365543246275,decrease,2017,Odessa - TX
-0.07735818810760975,0.25745748728513673,0.0926731340587143,-0.06097365543246275,-0.29440352879464665,decrease,2018,Odessa - TX
-0.003786403685808199,-0.00951505545526735,-0.0024394793435931015,0.005881598219275551,-0.00331521965563295,decrease,2014,Ogden - UT
0.005881598219275551,-0.00331521965563295,0.016593530774116447,0.021608278155326798,0.008810158818960148,decrease,2017,Ogden - UT
0.00968451797962195,-0.0006272429600357992,-0.020096526481211147,-0.03011456923559307,-0.01366023067384965,decrease,2015,Oklahoma City - OK
-0.03011456923559307,-0.01366023067384965,-0.0002575814723968957,0.0011256560683250497,-0.0006222520023584505,decrease,2018,Oklahoma City - OK
0.02777225337922575,0.028434077277779555,0.020402878522872953,0.012866094708442698,0.01022654026746745,decrease,2017,Olympia - WA
0.028434077277779555,0.020402878522872953,0.012866094708442698,0.01022654026746745,0.019912807270884545,decrease,2018,Olympia - WA
-0.0037883128970861504,-0.0077575445175171,0.0032819863408804564,-0.006853854283690451,-0.00939070247113705,decrease,2015,Omaha - NE
0.02458633296191695,0.007912958040833449,0.026040684431791254,0.0073339380323887045,-0.0028655342757701457,decrease,2017,Orlando - FL
0.007912958040833449,0.026040684431791254,0.0073339380323887045,-0.0028655342757701457,-0.0355454897508025,decrease,2018,Orlando - FL
0.019573243334889454,-0.008565222844481449,0.0026716981083154505,0.0254593379795551,0.011673554778099053,decrease,2017,Pensacola - FL
-0.00700044538825745,-0.005371150560677001,-0.000737577676773047,-0.005508452653884851,-0.005250342190265652,decrease,2015,Philadelphia - PA
-0.005508452653884851,-0.005250342190265652,0.001879546791314999,0.0011331960558891505,-0.01345944777131075,decrease,2018,Philadelphia - PA
0.0030285920947790493,0.0097278701141477,0.021988352760672653,0.01436619646847245,0.014192063361406347,decrease,2015,Phoenix - AZ
0.0097278701141477,0.021988352760672653,0.01436619646847245,0.014192063361406347,0.0355059914290905,decrease,2016,Phoenix - AZ
0.021988352760672653,0.01436619646847245,0.014192063361406347,0.0355059914290905,0.03552293777465815,decrease,2017,Phoenix - AZ
0.01436619646847245,0.014192063361406347,0.0355059914290905,0.03552293777465815,0.02314050309360025,decrease,2018,Phoenix - AZ
-0.0097628608345986,-0.022753390949219417,-0.0021807793527841464,0.0020907502621412243,0.0007790499366819997,decrease,2009,Port St. Lucie - FL
0.005668855272233498,0.026168705895543154,0.016869818791747152,0.013122521340846946,0.0096337422728538,decrease,2016,Port St. Lucie - FL
0.026168705895543154,0.016869818791747152,0.013122521340846946,0.0096337422728538,0.00034965202212335067,decrease,2017,Port St. Lucie - FL
-0.0053551290184260004,0.0038008540868759502,0.0025938740000129006,0.004000028595328352,-0.009027408435940751,decrease,2014,Portland - ME
0.0038008540868759502,0.0025938740000129006,0.004000028595328352,-0.009027408435940751,-0.01462136395275595,decrease,2015,Portland - ME
0.004000028595328352,-0.009027408435940751,-0.01462136395275595,-0.0025602951645850996,0.00428869202733035,decrease,2017,Portland - ME
-0.00046844221651554975,-0.007711349055171051,-0.003564383834600497,-0.0036886371672153473,-0.01767547335475685,decrease,2018,Portland - OR
0.012870017439127,0.002627936657518183,-0.008122352883219747,-0.005291578825563196,0.0005506002344191005,decrease,2009,Provo - UT
0.0005506002344191005,0.0084896069020032,0.0007147770375013525,-0.01804014248773455,-0.004956163465976646,decrease,2013,Provo - UT
0.0084896069020032,0.0007147770375013525,-0.01804014248773455,-0.004956163465976646,-0.0006923303008079511,decrease,2014,Provo - UT
0.0007147770375013525,-0.01804014248773455,-0.004956163465976646,-0.0006923303008079511,-0.00241350196301935,decrease,2015,Provo - UT
-0.01804014248773455,-0.004956163465976646,-0.0006923303008079511,-0.00241350196301935,-0.0163777582347393,decrease,2016,Provo - UT
-0.004956163465976646,-0.0006923303008079511,-0.00241350196301935,-0.0163777582347393,-0.006143044680356948,decrease,2017,Provo - UT
0.0011673928238450995,-0.00414836127311,-0.006741940975189148,-0.0017213141545653014,0.02482471428811555,decrease,2013,Pueblo - CO
-0.0017213141545653014,0.02482471428811555,0.017184564843773852,0.027188614010810856,0.0016321465373039003,decrease,2016,Pueblo - CO
0.02482471428811555,0.017184564843773852,0.027188614010810856,0.0016321465373039003,-0.002087887376546846,decrease,2017,Pueblo - CO
-0.0063220672309398495,-0.00907385628670453,-0.004679175093769947,-0.0010530073195695513,0.00202017650008195,decrease,2015,Racine - WI
0.002677503973245652,0.002707942388951801,0.02136970497667795,-0.00041740760207174994,-0.008497584611177451,decrease,2015,Raleigh - NC
0.02136970497667795,-0.00041740760207174994,-0.008497584611177451,0.009252749383449502,0.016820825636386847,decrease,2017,Raleigh - NC
-0.00041740760207174994,-0.008497584611177451,0.009252749383449502,0.016820825636386847,-0.00846929661929605,decrease,2018,Raleigh - NC
0.017732245847582855,0.013912733644247048,0.005872935056686398,0.00749851763248445,0.012191960588097548,decrease,2018,Redding - CA
0.0023137643001973004,-0.0008301800116896994,0.010019091889262251,0.0099210729822516,0.020819505676627152,decrease,2013,Reno - NV
-0.0008301800116896994,0.010019091889262251,0.0099210729822516,0.020819505676627152,0.04363781772553925,decrease,2014,Reno - NV
0.010019091889262251,0.0099210729822516,0.020819505676627152,0.04363781772553925,0.03708561509847634,decrease,2015,Reno - NV
0.004086067900061656,-8.353032171725013e-05,0.01635946333408355,0.004324022680521001,0.004003204405307749,decrease,2017,Richmond - VA
-8.353032171725013e-05,0.01635946333408355,0.004324022680521001,0.004003204405307749,0.008020831272006049,decrease,2018,Richmond - VA
-0.0070282351225615,0.005199922714382382,0.010728308930993052,-0.005424457020126287,-0.0022288770414889206,decrease,2009,Saginaw - MI
0.010728308930993052,-0.005424457020126287,-0.0022288770414889206,0.0030825994908808985,-0.005860572680830949,decrease,2011,Saginaw - MI
0.0026403944939375514,0.013004097156226599,0.05027599446475505,0.032887248322367654,0.04000106453895565,decrease,2015,Salinas - CA
0.013004097156226599,0.05027599446475505,0.032887248322367654,0.04000106453895565,0.015187118202447902,decrease,2016,Salinas - CA
0.0003433604724705219,0.0008700452744960507,0.009700589813292054,0.0006287903524935003,0.0004769936203955997,decrease,2010,Salisbury - MD
-0.022688810247927897,-0.005163678899407345,-0.006676647812128051,-0.01139250211417675,0.015144724398851398,decrease,2016,Salisbury - MD
-0.006676647812128051,-0.01139250211417675,0.015144724398851398,-0.009306604042649248,-0.001965725794434551,decrease,2018,Salisbury - MD
0.0074912961572408,0.00455541349947455,-0.0010514864698052007,0.005974648520350456,0.011316126212477653,decrease,2014,Salt Lake City - UT
0.00455541349947455,-0.0010514864698052007,0.005974648520350456,0.011316126212477653,0.0007401574403047492,decrease,2015,Salt Lake City - UT
-0.0010514864698052007,0.005974648520350456,0.011316126212477653,0.0007401574403047492,0.0007784850895404018,decrease,2016,Salt Lake City - UT
0.005974648520350456,0.011316126212477653,0.0007401574403047492,0.0007784850895404018,-0.006570806726813348,decrease,2017,Salt Lake City - UT
0.011316126212477653,0.0007401574403047492,0.0007784850895404018,-0.006570806726813348,-0.007728034630417848,decrease,2018,Salt Lake City - UT
-0.06321092508733264,-0.02278663334436713,0.02421386167407035,0.022456146776676098,0.01997672766447065,decrease,2017,San Angelo - TX
-0.02278663334436713,0.02421386167407035,0.022456146776676098,0.01997672766447065,-0.018688743002712747,decrease,2018,San Angelo - TX
0.0004216618835926507,0.0010773995891212983,0.005451792851090452,-0.01075250934809445,-0.016578271053731462,decrease,2015,San Antonio - TX
0.0010773995891212983,0.005451792851090452,-0.01075250934809445,-0.016578271053731462,-0.0016448609530925994,decrease,2016,San Antonio - TX
0.005451792851090452,-0.01075250934809445,-0.016578271053731462,-0.0016448609530925994,0.0006197318434715549,decrease,2017,San Antonio - TX
-0.01075250934809445,-0.016578271053731462,-0.0016448609530925994,0.0006197318434715549,-0.01739500742405655,decrease,2018,San Antonio - TX
0.03001905046403415,0.013879379257559752,0.009570717811584452,0.0046159885823725995,0.001215025782585151,decrease,2017,San Diego - CA
0.013879379257559752,0.009570717811584452,0.0046159885823725995,0.001215025782585151,-0.00901017524302005,decrease,2018,San Diego - CA
0.03220468573272236,-0.030846416018903238,0.006164435297250748,0.007682222872972499,-0.009472357109189047,decrease,2017,San Jose - CA
0.026011010631918956,0.00386695377528665,0.007670570164918851,0.018343742936849605,0.00435221567749975,decrease,2017,Santa Barbara - CA
0.004447402432560954,0.0063932356424628994,0.0088339280337095,0.0019464809447527522,0.03576650749892,decrease,2012,Santa Cruz - CA
0.0019464809447527522,0.03576650749892,0.03853380493819716,0.022654285654425652,0.025202672928571652,decrease,2015,Santa Cruz - CA
0.022654285654425652,0.025202672928571652,0.0031362287700175996,0.0032097771763801505,-0.021944493986666147,decrease,2018,Santa Cruz - CA
0.0063849366270006015,0.00028160214424139546,0.009932801127433801,-0.006615599035285413,-0.00589999742805955,decrease,2007,Santa Fe - NM
0.009932801127433801,-0.006615599035285413,-0.00589999742805955,-0.0015483130700886267,0.00045671360567210023,decrease,2009,Santa Fe - NM
-0.02103635066305283,0.007428095676004899,0.01608494110405445,-0.01606319099664685,0.012617334723472547,decrease,2015,Santa Fe - NM
0.007428095676004899,0.01608494110405445,-0.01606319099664685,0.012617334723472547,0.0147001072764396,decrease,2016,Santa Fe - NM
0.01608494110405445,-0.01606319099664685,0.012617334723472547,0.0147001072764396,0.00898822396993635,decrease,2017,Santa Fe - NM
-0.01606319099664685,0.012617334723472547,0.0147001072764396,0.00898822396993635,-0.010675569996237751,decrease,2018,Santa Fe - NM
0.034776391461491654,0.0383683843538165,0.04164943657815456,0.016920128837227853,0.02989514172077175,decrease,2015,Santa Rosa - CA
0.04164943657815456,0.016920128837227853,0.02989514172077175,-0.02377970051020387,-0.02157917059957985,decrease,2017,Santa Rosa - CA
0.016920128837227853,0.02989514172077175,-0.02377970051020387,-0.02157917059957985,-0.013307400047779049,decrease,2018,Santa Rosa - CA
0.009179832413792652,0.018176699988544,0.010584356263279956,-0.01140680257230995,0.001449093222618051,decrease,2015,Sarasota - FL
0.018176699988544,0.010584356263279956,-0.01140680257230995,0.001449093222618051,0.0017763078212738002,decrease,2016,Sarasota - FL
0.010584356263279956,-0.01140680257230995,0.001449093222618051,0.0017763078212738002,-0.00819109380245205,decrease,2017,Sarasota - FL
-0.01140680257230995,0.001449093222618051,0.0017763078212738002,-0.00819109380245205,-0.01532312110066415,decrease,2018,Sarasota - FL
-0.021260405890643565,-0.01836111489683388,-0.00846066884696485,-0.009843267500400599,-0.01766366884112355,decrease,2017,Shreveport - LA
-0.005728220567107149,-0.020940680056810358,-0.017046459950506708,-0.02805457310751084,-0.00520292669534685,decrease,2017,Springfield - IL
0.004993267357349451,0.002036276273429399,-0.008224761113524447,0.0032001826912164515,-0.00570326671004295,decrease,2015,Springfield - MA
-0.0063101071864367,-0.007688172161579049,-0.006499327719211601,-0.004328226670622746,0.0031235720962286516,decrease,2014,Springfield - MO
-0.007688172161579049,-0.006499327719211601,-0.004328226670622746,0.0031235720962286516,-0.004581583663821252,decrease,2015,Springfield - MO
-0.006499327719211601,-0.004328226670622746,0.0031235720962286516,-0.004581583663821252,-0.0084275715053082,decrease,2016,Springfield - MO
0.002093807794153699,-0.0062497090548276485,-0.00597136467695235,0.00851478427648545,-0.0054756645113229994,decrease,2016,Springfield - OH
0.002527106553316151,-0.0018487004563211996,-0.007886987179517746,-0.010710380040109149,-0.007853131741285352,decrease,2015,Stamford - CT
-0.007886987179517746,-0.010710380040109149,-0.007853131741285352,-0.0082653872668743,-0.010905828326940547,decrease,2017,Stamford - CT
-0.0023234840482473495,0.021359272301197052,-0.0211383933201433,-0.024523751810193048,-0.01561344414949415,decrease,2018,State College - PA
-0.004068616777658449,-0.006310204043984401,-0.0032114572823047464,0.00099805556237695,-0.01415119506418705,decrease,2015,Syracuse - NY
-0.0032114572823047464,0.00099805556237695,-0.01415119506418705,-0.0087094120681286,-0.006698854267597247,decrease,2017,Syracuse - NY
0.00099805556237695,-0.01415119506418705,-0.0087094120681286,-0.006698854267597247,0.003711214289069148,decrease,2018,Syracuse - NY
0.0018044169992208516,-0.0032258788123727,0.0006491709500551501,-0.008404569700360251,-0.01615609321743255,decrease,2015,Trenton - NJ
-0.0032258788123727,0.0006491709500551501,-0.008404569700360251,-0.01615609321743255,-0.00025165453553200115,decrease,2016,Trenton - NJ
0.0006491709500551501,-0.008404569700360251,-0.01615609321743255,-0.00025165453553200115,0.006081860512495055,decrease,2017,Trenton - NJ
-0.008404569700360251,-0.01615609321743255,-0.00025165453553200115,0.006081860512495055,-0.006616333499550851,decrease,2018,Trenton - NJ
0.02055131085217005,0.01842637360095975,0.0289675444364547,0.02151817083358765,0.02945642732083795,decrease,2018,Tucson - AZ
0.009847011417150501,0.005351130384951781,0.018903987482190153,-0.000927977729588747,0.006198814604431401,decrease,2009,Tyler - TX
-0.0044281296432018,-0.0028253495693206475,-0.027304423274472342,0.0028863884508609494,0.016508147120475703,decrease,2016,Tyler - TX
-0.00036295317113394995,-0.0045093186199665,-0.010373493656516047,-0.0012884177267551509,-0.01016302779316905,decrease,2015,Utica - NY
-0.0045093186199665,-0.010373493656516047,-0.0012884177267551509,-0.01016302779316905,-0.014208272099495,decrease,2016,Utica - NY
-0.010373493656516047,-0.0012884177267551509,-0.01016302779316905,-0.014208272099495,-0.00529292039573195,decrease,2017,Utica - NY
-0.0012884177267551509,-0.01016302779316905,-0.014208272099495,-0.00529292039573195,-0.00853335857391355,decrease,2018,Utica - NY
0.016099428758025253,0.027916352264583104,0.034417426213622156,0.00964055024087435,0.013955209404230048,decrease,2015,Ventura - CA
-0.0011225882917642992,0.00979564897716045,-0.001776826567947901,0.008466975763440153,0.02064603753387925,decrease,2014,Visalia - CA
-0.002041805069893595,0.0006781299598514999,-0.0012880712747573991,-0.0032943617552518498,0.0071069831028580995,decrease,2012,Waco - TX
0.0071069831028580995,-0.008929925039410546,-0.001632209867238948,-0.005607519298791951,-0.0127074699848891,decrease,2016,Waco - TX
0.005816785618662855,-0.01267668046057225,-0.01356027554720645,-0.001767316833138497,-0.00322553887963295,decrease,2017,Washington - DC
-0.01267668046057225,-0.01356027554720645,-0.001767316833138497,-0.00322553887963295,-0.06463496200740336,decrease,2018,Washington - DC
-0.00967105478048325,-0.0144174164161086,-0.016615136526524944,0.0012250822037458507,-0.0066715702414512495,decrease,2015,Wausau - WI
-0.0144174164161086,-0.016615136526524944,0.0012250822037458507,-0.0066715702414512495,-0.0096638966351748,decrease,2016,Wausau - WI
-0.00011675804853434821,-0.01485062367282807,-0.0061358474195003475,-0.0178617564961314,-0.01471422147005795,decrease,2015,Wichita - KS
0.00741984322667125,-0.0017865365371108003,-0.003663558512926046,0.01571323536336425,0.0009017232805490494,decrease,2015,Winston-Salem - NC
-0.003663558512926046,0.01571323536336425,0.0009017232805490494,0.0184542760252952,0.009117715060710851,decrease,2017,Winston-Salem - NC
0.0007323753088713525,0.0113938553258777,0.011893210932612454,0.0017871204763651501,-0.006338659673929249,decrease,2015,Worcester - MA
0.0025590229779482512,-0.0058804973959923,0.01765177212655545,0.009900512173771855,-0.0023253783583641503,decrease,2015,Yakima - WA
0.009900512173771855,-0.0023253783583641503,0.0025822818279266045,-0.018992267549037947,0.00046099908649924887,decrease,2018,Yakima - WA
-0.007233846001326949,-0.005747804418206201,0.0014234688133001536,0.002554442733526247,0.008394654840230949,decrease,2015,York - PA
0.0014234688133001536,0.002554442733526247,0.008394654840230949,0.006798397749662403,-0.018992491066455848,decrease,2017,York - PA
-0.019198099151253756,-0.0004858374595642055,0.0009924662299454004,0.0023963004350662006,-0.002978505566716149,decrease,2011,Yuba City - CA
-0.024865523912012546,0.03514436073601246,0.00018146261572835054,-0.0062843430787324975,0.015949010848999055,decrease,2017,Yuma - AZ
