year,absorption,absorption_delta,msa,occ,occupancy_delta,pop,demolished_pct,rent_growth,real_rentpsf,real_rent_growth,starts_pct,inventory,RDI,real_rent_growth_next_year,real_relative_rent_growth,RDI_growth,supply_growth,real_relative_rg_next_year,supply_5yr_fwd,rrg_5yr_fwd,RDI_growth_5yr,pop_growth,sales_volume_growth,demand,predicted_demand,exog_shock,pct_international_mig_
2002,0.005979,0.001061,Akron - OH,0.902437567710876,-0.0050232410430909,700021.8125,0.0,0.0041862172074616,0.7407687033874997,-0.0118137827925384,0.0007765984985762,31945,21.913345202692128,-0.0238430181769654,0.0004719321150332,-0.0302946703327236,0.0336849598757442,0.0025990103604272,0.0491225634084479,-0.0962917809188366,,0.2369814788413915,0.0006795236862542,False,-0.0484436851341676,0.09,0.09
2017,0.006898,0.0001629999999999,Albany - NY,0.934078991413116,-0.013361096382142,897462.0,0.0007984277115833,0.0101616103202105,0.8490946591145818,-0.0108383896797895,0.0226630635057118,50882,17.63810384811918,-0.0026423109471798,-0.0114367520436644,-0.0359408953440963,0.0416820210457355,-0.0108900163322687,0.0989433176241741,0.0234895589351654,-0.1127908065845832,0.4243036545503953,0.0007165376898824,False,-0.0628591761038672,0.19,0.19
2023,0.000892,0.005596,Albuquerque - NM,0.915763795375824,-0.021958351135254,923984.9375,0.0,0.0143542680889368,0.8423981475258122,-0.0266457319110632,0.0132175861103332,54907,16.828181060702644,-0.0063582997471094,-0.0044349608942866,-0.0211229310265177,0.0250536731074395,0.0058180205523968,,,-0.0275633043977627,0.340153507191232,0.0001120134416129,False,-0.0307720915799166,0.4,0.4
2021,-0.001076,-0.002582,Ann Arbor - MI,0.976505935192108,0.02269583940506,365686.3125,0.0,0.0905896127223969,1.0024408860776115,0.0435896127223969,0.0016734161116503,30649,11.931427208065516,-0.0361977423727512,-0.0017227269709109,-0.0368411186117521,0.0257706081194149,-0.0038548838347196,,,-0.0747795084039157,-1.201992852276157,0.0007363030891261,False,-0.0515746076576863,0.17,0.17
2001,0.004111,0.002962,Atlanta - GA,0.927452325820923,-0.019905745983124,4423546.0,0.000355994089868,0.0284302122890949,1.0630771662314007,0.0004302122890949,0.0358451394205172,332974,13.28495918600251,-0.0447226997315884,0.0028154654428362,-0.0240187696816691,0.0489980184045794,-0.0324369848240167,0.1079965455069022,-0.2328356821257621,,2.3802376603992537,0.0002677831649449,False,-0.053379364246352,0.65,0.65
2001,0.010944,0.008587,Austin - TX,0.879156768321991,-0.047185301780701,1327757.0,0.0,0.0446822270750999,1.1477470290285918,0.0166822270750999,0.0278661385246114,125728,10.560551348943752,-0.0166883642054162,0.0190674802288412,-0.0474056314429871,0.0897523684050861,-0.0044026492978446,0.1168315902287418,-0.1141573844528757,,3.809196926435221,0.0003293664895599,False,-0.118856257342779,0.71,0.71
2007,0.001385,0.000463,Bakersfield - CA,0.945315599441528,-0.002798676490784,807037.1875,0.0,0.0438841804862022,0.8187119364931212,0.0148841804862021,0.0055350553505535,22367,36.08160180176152,-0.0302291375696659,0.0166237792000173,-0.0087561528707028,0.0316881918819188,4.39388677477e-05,0.038517424353564,-0.1095389266237617,0.0732393523765402,2.265457235890156,0.0004151291512915,False,-0.0164282341488999,0.24,0.24
2017,-0.000772,-0.000439,Baltimore - MD,0.926207065582275,-0.004391551017762,2831946.0,0.0004819379200406,0.0162579137831926,0.9713642900270816,-0.0047420862168074,0.0124350575412692,192870,14.68318556540675,0.0047560503929852,-0.0053404485806823,-0.0181250514327728,0.0214435894312602,-0.0034916549921036,0.0663021732709538,0.0514218302965163,-0.0608740034468115,0.2929871837142661,0.0005507861943321,False,-0.0213589274731167,0.25,0.25
2008,0.009871,0.012593,Baton Rouge - LA,0.891712546348572,-0.008361220359802,789833.125,0.0,-0.0171728152781725,0.7500761063870258,-0.0551728152781725,0.0151458255100763,34444,22.93093499593543,-0.0231485801786184,-0.0248997388407588,-0.0626805994687946,0.0778570534484916,0.0030208621174097,0.0355451250517366,-0.0613912301324307,-0.0640226290312948,1.0296327196671615,0.0002190511953936,False,-0.1320370772575886,0.1,0.1
2007,-0.000491,0.000615,Birmingham - AL,0.903037130832672,-0.0110201239585879,1109710.0,0.0,0.0243981126695871,0.7223928851409893,-0.0046018873304129,0.0065846246201178,54882,20.21992638752232,-0.0519562329277396,-0.0028622886165976,-0.0209122862355831,0.0295651521404719,-0.0216831564903259,0.0383086689234515,-0.125837346419692,-0.015111295112413,0.8034590980728895,0.0001688365287209,False,-0.0337950666261931,0.13,0.13
2015,0.003579,8.4e-05,Boston - MA,0.942341804504395,-0.0087227225303649,4822188.0,2.48268328409e-05,0.0481881909072399,1.7282890989611062,0.0471881909072399,0.0489436182626182,210340,22.925682228772462,0.0032294637411832,0.0137126166373491,-0.0349901165896099,0.0444152039524317,-0.0098923482000827,0.1903076473932371,-0.0145813045203685,-0.0526328074038649,0.7870994198174941,0.0013903026390923,False,-0.0604075602335198,0.68,0.68
2021,0.003223,-0.0038259999999999,Buffalo - NY,0.963448226451874,0.002704739570618,1163127.0,0.0,0.0452830418944359,0.8302424516593716,-0.001716958105564,0.0139864895498027,45297,25.677793231339823,-0.0339242163300514,-0.047029297798872,-0.0272831508487388,0.0268168835290384,-0.0015813577920198,,,-0.103252485328309,-0.1197916398316234,0.0013147753547626,False,-0.0355351835309981,0.08,0.08
2017,0.004837,0.00205,Charleston - SC,0.87342494726181,-0.027050435543061,767765.375,0.00281067133576,0.0116347810253501,0.9102294745708318,-0.0093652189746499,0.0688614477261208,47748,16.079529509089387,-0.0010126510411501,-0.0099635813385248,-0.0759734959791312,0.1000322536054923,-0.009260356426239,0.3060830245026673,0.1177936027348038,-0.1987058613410963,1.6458957609280844,0.0008293784269455,False,-0.1649109397311922,0.14,0.14
2023,0.007305,0.008352,Charlotte - NC,0.88229238986969,-0.0276639461517329,2814490.0,0.0,-0.0151385730132461,0.9135096794598092,-0.0561385730132461,0.071297335412301,215166,13.080551760036435,-0.0405879536345601,-0.0339278019964695,-0.0433811797967864,0.0684470310156816,-0.0284116333350539,,,-0.164243754687532,2.20965382598477,0.0003426324100465,False,-0.0964272596948897,0.81,0.81
2023,0.00288,0.002517,Chicago - IL,0.944041907787323,-0.001971900463104,9521547.0,5.26809135233e-05,0.0299650337547064,1.159664982308261,-0.0110349662452936,0.0114263084848969,561297,16.963473882810703,-0.0032946936488152,0.0111758047714829,-0.0152940674814128,0.019642714411318,0.008881626650691,,,-0.0964334696427472,0.4048229930180502,0.0013406384200085,False,-0.0119554693252547,0.85,0.85
2023,4.2e-05,-9.000000000000002e-06,Cincinnati - OH,0.929595708847046,-0.0125958919525149,2270969.0,8.03236312123e-05,0.0352818556129932,0.771286615591815,-0.0057181443870068,0.0171162355965124,141006,16.10547778108733,-0.0051296934187411,0.0164926266297697,-0.0203988701760528,0.0296467220656317,0.007046626880765,,,-0.0517753999366768,0.8643092255016471,0.0003943160077694,False,-0.0320286514058548,0.61,0.61
2015,0.007389,0.0052809999999999,Cleveland - OH,0.937909245491028,0.0019450187683111,2086842.0,0.0004897444198188,0.0305795781314373,0.7517355023936519,0.0295795781314373,0.0148832499107669,123148,16.94580504758502,0.0044660533666611,-0.0038959961384534,-0.0213436715094505,0.0222211154551717,-0.0086557585746049,0.0547774503955929,0.0246895546913147,-0.0281597732770325,0.0403163756872659,0.0009628873338811,False,-0.0247782626635626,0.24,0.24
2023,0.010183,0.01219,Colorado Springs - CO,0.891180515289307,-0.0117772221565239,772976.0625,0.0,-0.0152674093842506,0.973680975711653,-0.0562674093842506,0.0504688067320219,50081,15.434517331922288,-0.0587695300281048,-0.034056638367474,-0.0595547359862349,0.0696268768287734,-0.0465932097285985,,,-0.1252789978694392,0.5925530575454641,0.0004058008158732,False,-0.1203472915896079,0.3,0.3
2007,-0.002058,0.0008619999999999,Columbia - SC,0.890706419944763,-0.014862954616547,734339.75,0.0,0.0229418780654669,0.6742333594649234,-0.0060581219345331,0.0230193087335944,31091,23.619045704544725,-0.0562242412120104,-0.0043185232207178,-0.0437579947238435,0.0681989967704253,-0.0259511647745967,0.1139895922364972,-0.1072398553341628,-0.0649750924268609,2.1456750705730165,0.0001717858860716,False,-0.0975915809287172,0.14,0.14
2023,0.00401,0.005589,Columbus - OH,0.915688455104828,-0.0188768506050109,2202143.0,0.0,0.0227028448134661,0.7603463799096616,-0.0182971551865339,0.0419460042666928,212667,10.35488815848251,-0.0005674905776978,0.0039136158302426,-0.0292624115115041,0.0429709913930506,0.0116088297218083,,,-0.1082165807779207,1.2451145048345769,0.0002403079865623,False,-0.0563777645035501,0.89,0.89
2016,0.005619,-0.000374,Corpus Christi - TX,0.879102945327759,-0.047787487506866,448940.78125,0.0,-0.0103164222091436,0.7559591641456216,-0.0233164222091436,0.0480983480599308,27405,16.381710682357234,-0.0104712809473276,-0.0364382341504096,-0.0491913515951146,0.0528236650019208,-0.0110696433112025,0.1267352884470037,0.0450350786298512,-0.055297198015457,0.103384592915412,0.0003073376872839,False,-0.0928476302998515,0.18,0.18
2017,0.00283,0.000422,Dallas-Fort Worth - TX,0.910569310188293,-0.014877676963807,7410584.0,0.0017881524814537,0.0215349569916725,0.9306077463895818,0.0005349569916724,0.0384594700376154,696295,10.642879813871994,0.0035793932378292,-6.34053722024e-05,-0.0207916475880681,0.0401684478477934,-0.0046683121472597,0.16859357459648,0.0819914898425346,-0.0381934341736666,1.8541632047914147,0.0003286495788803,False,-0.0413292471401486,0.42,0.42
2023,0.00266,0.007859,Dayton - OH,0.927721917629242,-0.0115098953247069,817668.8125,0.0006919047148364,0.0403534211218357,0.6728244944524343,-0.0006465788781643,0.0031629929821093,51871,15.763505860692872,0.0018622666895389,0.0215641921386122,-0.0209671253053631,0.0254225560937036,0.0140385869890451,,,-0.0471129806308102,0.39223928691412,0.00043491153504,False,-0.0292969742161629,0.37,0.37
2002,0.00174,0.007178,Denver - CO,0.902423620223999,-0.021724939346314,2271588.0,0.0,-0.0115340398624539,1.2593067957587494,-0.0275340398624539,0.0241003591966946,175257,12.961468015542888,-0.0638535227179527,-0.0152483249548822,-0.0382437403739726,0.0509471639052296,-0.03741149418056,0.0639676615815283,-0.1544175473786891,,1.07550134220753,0.0011213653072361,False,-0.0715714074052326,0.56,0.56
2017,0.011452,0.013403,Des Moines - IA,0.885755479335785,-0.032553136348724,649105.5,0.0003139717425431,-0.0073019312694668,0.7336177854749988,-0.0283019312694668,0.0482619421394931,49335,13.157099422316811,-0.0110604816824198,-0.0289002936333418,-0.0817715101459006,0.1064139941690962,-0.0193081870675087,0.1384021824049528,-0.0454733531400562,-0.1804893052426009,1.5940851019331514,0.0014801525005606,False,-0.1747991963376402,0.22,0.22
2021,-0.001186,-0.002539,Detroit - MI,0.952011525630951,0.004667103290558,4366169.0,0.0001267576303566,0.0798381492495537,0.8056426753139087,0.0328381492495536,0.0073519425606852,224249,19.470182698696537,-0.0460954065620899,-0.0124741904437542,-0.0183965269383714,0.0151882803516618,-0.0137525480240583,,,-0.0497605737609182,-0.3487658195346244,0.0005794634530589,False,-0.0166125759342873,0.09,0.09
2001,0.009896,0.004201,Durham - NC,0.908263444900513,-0.0048010945320129,436805.78125,0.0,0.018732700496912,0.9407762533021246,-0.009267299503088,0.0259137614126013,35670,12.245746600784974,-0.0294772732853889,-0.0068820463493466,-0.0513382180121012,0.0748184530087082,-0.0171915583778172,0.1073425389129125,-0.0934578983746467,,1.9639188944717836,0.0,False,-0.1144650052542432,0.79,0.79
2022,-0.001183,-0.005226,East Bay - CA,0.924423933029175,-0.017122983932495,2796566.0,0.0,0.0156823098659515,1.7140121944408149,-0.0643176901340485,0.0166165376460726,187647,14.90333445245594,-0.0473910689204931,-0.0319748315960169,-0.0298971108030344,0.028039380043719,-0.0251802979037165,,,-0.1104339079227661,-0.2696027211330776,0.0015668743049049,False,-0.0391580379981615,0.99,0.99
2011,0.005599,0.003162,El Paso - TX,0.905617117881775,-0.0084785223007199,829669.375,0.0,0.0088445274159312,0.6516036756818038,-0.0231554725840687,0.0191067777952508,39828,20.83130900371598,-0.0113286844491958,-0.0030254824087023,-0.0214917829682495,0.0438748230853907,-0.0059275277890264,0.0946887198813709,-0.0376073097661137,-0.0054904348034534,2.1440091941619555,0.0001310478586779,False,-0.0462569421474872,0.24,0.24
2015,0.006747,0.001651,Fargo - ND,0.901271641254425,-0.0085987448692319,235233.703125,0.0041729374743466,0.0134942112490535,0.6393264553067507,0.0124942112490535,0.0307497605691613,31123,7.558195004498281,-0.0045943620726466,-0.0209813630208372,-0.0397208130798518,0.064543713230264,-0.0177161740139126,0.1103093239742128,-0.0430120944622903,-0.0745534176832019,2.2259171381713294,0.0001368176221097,False,-0.0890727674791798,0.48,0.48
2023,0.005353,0.00018,Fort Lauderdale - FL,0.93068939447403,-0.0190438032150259,2011025.0,0.0,0.001476049888879,1.2964179283351784,-0.0395239501111209,0.0221896857788769,137107,14.667558913841017,-0.0319253445421345,-0.0173131790943443,-0.0210472715400955,0.0401235036186256,-0.0197490242426283,,,-0.1050200663465201,1.8231741802728685,0.0010317255610007,False,-0.0383151154126945,2.86,2.86
2022,-0.000827,-0.00226,Fresno - CA,0.960398018360138,-0.0160058736801149,1017621.0,0.0,0.0493094362318516,0.8541589008841269,-0.0306905637681484,0.0106590215753298,55622,18.295296824997305,-0.0122855499237776,0.0016522947698831,-0.0179446790698696,0.0222001690741353,0.0099252210929989,,,-0.0280807176627049,0.3857115094933361,0.0010291469107215,False,-0.0194173199216604,0.34,0.34
2007,0.00452,0.0097749999999999,Gainesville - FL,0.890103280544281,-0.0335041284561159,259890.8125,0.0070931077212323,0.0247601047158241,0.7625258232043776,-0.0042398952841759,0.0017946417126009,24112,10.778484260948906,-0.052739703387022,-0.0025002965703607,-0.0169797958010414,0.0302952612912874,-0.0224666269496083,0.0231034895908657,-0.1141978859640658,-0.0209219915496507,1.2801058139780608,8.54591291714e-05,False,-0.0289845790386573,0.29,0.29
2018,0.006712,0.009519,Grand Rapids - MI,0.926140666007996,-0.0159093141555779,1073972.0,0.0,0.0352134518325329,0.7694920348225898,0.0112134518325328,0.0344668906170907,45439,23.635467329826803,0.0256209999024868,0.0029657464474439,-0.0366260485202251,0.0454880125166812,0.007349956780672,0.1496006889677546,0.0836305011510848,-0.0622690242322632,0.7195917842931498,0.0002761032626202,False,-0.0689545754723783,0.13,0.13
2001,0.004155,0.0035499999999999,Greensboro - NC,0.900868356227875,-0.0034431219100949,653928.3125,0.0,0.0218326430767775,0.7055821899765934,-0.0061673569232225,0.0177392989041593,34175,19.13469824433065,-0.0294988017380238,-0.0037821037694811,-0.0233974535260332,0.0345401707331839,-0.0172130868304521,0.0849694226875641,-0.0903074717666022,,1.0334565167639864,0.0,False,-0.0422270034796492,0.45,0.45
2017,0.004067,-0.0011249999999999,Greenville - SC,0.901040136814117,-0.020451784133912,897496.25,0.0,0.0066661378368735,0.7064467563833321,-0.0143338621631264,0.0377550487919428,40816,21.988834035672287,0.0167743901014328,-0.0149322245270014,-0.0493790674233699,0.0649689505818504,0.0085266847163438,0.1954294372365319,0.1060016675442461,-0.1427641209898051,1.2381776967273606,0.0007566664927203,False,-0.1004009581679162,0.21,0.21
2023,-0.000567,-0.004474,Harrisburg - PA,0.94223415851593,-0.0095799565315249,610313.625,0.0,0.0263657886534929,0.7384659085453549,-0.0146342113465071,0.024716686205549,31710,19.24672421948912,0.0067430191040038,0.0075765596702694,-0.0232456045000895,0.0326299335677999,0.0189193394035101,,,-0.057123303394849,0.8625826537129067,0.0002279536277191,False,-0.0393940906683919,0.54,0.54
2019,0.001175,-0.002419,Hartford - CT,0.941419243812561,-0.008158802986145,1214215.0,0.0,0.0288573484867811,0.9904714221007525,0.0108573484867811,0.0115641262052476,65524,18.5308436603382,0.0170774591267109,-0.0074136946350336,-0.0241402300895933,0.0239564938819521,0.0001399535685777,0.0759570133816133,0.0165125069320202,-0.0962203137772008,-0.0762051482091408,0.0018596365113844,False,,,
2015,0.001939,0.000882,Honolulu - HI,0.947700321674347,-0.0107069611549379,1019147.0,0.0,0.0153816780075431,1.6018289209883425,0.0143816780075431,0.0019745425055534,28879,35.2902455071159,-0.0032847902849316,-0.0190938962623476,-0.0101728889423123,0.0182645181763689,-0.0164066022261977,0.0374907886353036,0.0258564376160503,0.0382460420409758,0.7905826319063447,0.0017277246923592,False,-0.0014096317159191,0.6,0.6
2008,0.006278,0.003267,Houston - TX,0.90101557970047,-0.000995337963104,5714056.0,0.0012177480650882,0.0265302509069443,0.850601770129617,-0.0114697490930557,0.0145455511331595,510760,11.187360012530348,-0.0145954514890908,0.0188033273443579,-0.017814843397928,0.0435855733631913,0.0115739908069372,0.0401390071354478,-0.0196921561565249,-0.001562572086958,2.499425980138903,0.0001879745335371,False,-0.0403792346590121,0.48,0.48
2023,0.003642,0.009562,Indianapolis - IN,0.902254939079285,-0.020623624324798,2176702.0,0.0,0.0254559498280287,0.7548762620685848,-0.0155440501719713,0.0294418192740492,167197,13.018786222240829,-0.0072786494791508,0.0066667208448052,-0.0238908705337977,0.0354614760545237,0.0048976708203554,,,-0.0393088464864809,1.072339998736993,0.0003715837518811,False,-0.0419140242198228,0.58,0.58
2006,0.006258,0.0014279999999999,Inland Empire - CA,0.936246454715729,-0.0009407997131349,4006493.0,0.0,0.0463862828910351,1.1150134182151168,0.0143862828910351,0.0197811095289946,146848,27.283265689692744,-0.0108693045526743,0.0128081999719142,0.0014375121261536,0.0249881341262528,-0.0091297058388591,0.052388705133384,-0.1551220812499522,0.0700714612699673,2.6461566998223107,0.0007608119049613,True,0.0056972181171481,0.26,0.26
2005,0.00052,-0.000511,Jackson - MS,0.927660763263702,0.0069211125373839,549773.9375,0.0,0.0114809684455395,0.6307507016463114,-0.0225190315544605,0.0,26907,20.432375868733043,0.0298619062006474,-0.0028269668109714,-0.0155650423012148,0.0276122823098075,0.0282838232815266,0.0134666058023057,-0.0636101928204297,-0.043544889622413,1.1617453666407318,0.0,False,-0.0251529026477778,0.07,0.07
2023,0.007995,0.006725,Jacksonville - FL,0.866534888744354,-0.0348297953605649,1732163.0,0.0,-0.0298055279999971,0.8314579118436587,-0.0708055279999971,0.0570681361789567,114943,15.069756313999113,-0.053038457751274,-0.0485947569832205,-0.0461480353518054,0.0735814692009527,-0.0408621374517678,,,-0.1412086151790676,2.40377936072238,0.0002988838556017,False,-0.1046216595126893,0.74,0.74
2001,0.000626,-0.001893,Kansas City - MO,0.889882028102875,-0.0152290463447569,1842601.0,0.0,0.0293998457491398,0.8561063905049333,0.0013998457491397,0.01727664972352,116435,15.825147077768712,-0.0149048924762755,0.0037850989028811,-0.0281499893699935,0.0401275649214332,-0.0026191775687038,0.0742984094131791,-0.1308738300744444,,1.0847985025457696,8.93311774742503e-06,False,-0.0535989439188816,0.25,0.25
2023,0.00318,0.003982,Knoxville - TN,0.92841649055481,-0.0251585841178889,949657.25,0.0,0.0364710129797459,0.8205176761615053,-0.0045289870202541,0.0680508618803335,43396,21.883520370541063,-0.0185331947803497,0.0176817839965224,-0.0392569122792495,0.0550679536116311,-0.0063568744808434,,,-0.1074836624801816,1.3649243508051967,0.0007293768690282,False,-0.0781468300059854,0.22,0.22
2004,0.02112,0.021082,Lansing - MI,0.859082341194153,-0.0100893378257749,461971.3125,0.0,-0.0036519519053399,0.7315173880633747,-0.0306519519053399,0.0090100586430541,27177,16.998613257533943,-0.0235450370386243,-0.0050245970487594,-0.0469731583550245,0.0554584644063847,-0.0038529722951352,0.0335437619196718,-0.0830503965690732,,0.5880246820672674,0.0,False,-0.0931365516289743,0.22,0.22
2023,0.004988,0.007927,Las Vegas - NV,0.894879996776581,-0.0187826752662659,2364923.0,0.0002329089215207,-0.0094463862478733,0.8752188545722724,-0.0504463862478733,0.0268898895346257,186843,12.657273753900334,-0.0348257567901164,-0.0282356152310967,-0.020243275086349,0.0361286100882835,-0.0226494364906102,,,-0.0351731444954412,1.5153973609429938,0.0001940907679339,False,-0.0379373228214629,0.98,0.98
2022,0.000815,-0.001992,Lehigh Valley - PA,0.960363149642944,-0.021217167377472,873024.3125,0.0002659338711107,0.0545813925564289,0.9737411470079048,-0.0254186074435711,0.0173152498300978,35572,24.542457902282692,-0.0176054227948189,0.0069242510944605,-0.045576144141439,0.0510888514611588,0.0046053482219576,,,-0.0949737079566525,0.3184274461505598,0.0013887657713559,False,-0.0810817305706015,0.41,0.41
2023,-0.005382,0.001707,Lexington - KY,0.932196199893951,0.00452721118927,527588.625,0.0,0.0464558973908424,0.7056452014988946,0.0054558973908424,0.0175109112551249,39012,13.523752306982466,0.013203112065792,0.0276666684076189,-0.0187351391962431,0.031926993783891,0.0253794323652983,,,-0.0484663854305203,1.259369791498921,0.0006083851342415,False,-0.030382939245212,1.11,1.11
2023,0.009888,0.007795,Lincoln - NE,0.926362931728363,-0.0311407446861269,347411.8125,0.0,0.0405138768255711,0.6782946122935111,-0.0004861231744288,0.0266566363576895,32159,10.802942022450948,-0.0033645521551371,0.0217246478423476,-0.0390302428996599,0.0518414338980833,0.0088117681443691,,,-0.0910253825173911,1.07878072411145,0.0006214430561915,False,-0.0758017174237661,0.75,0.75
2006,0.002536,-0.006059,Little Rock - AR,0.91500335931778,0.0005897879600529,664112.125,0.0,0.0619126595556736,0.6690080509290701,0.0299126595556736,0.0375498709223187,36671,18.110008589893923,-0.0002282903492451,0.0283345766365527,-0.0531456084291875,0.0757744660877728,0.0015113083645701,0.1340122637951729,-0.1149308667182922,-0.1330638533060925,1.8601777554953625,8.80075099741e-05,False,-0.1173802472528177,0.11,0.11
2023,0.003937,0.002929,Long Island - NY,0.94008195400238,-0.0186759233474739,2917771.0,0.0,0.0120742414146662,1.7012066485748545,-0.0289257585853338,0.0156137444172309,57398,50.8340186069201,-0.0158155787438154,-0.0067149875685572,-0.0318375923440948,0.0336767036450079,-0.0036392584443092,,,-0.118396659461815,0.0766926138770385,0.0002701339864572,False,-0.0526573796717064,1.21,1.21
2021,0.004629,0.001105,Los Angeles - CA,0.959320306777954,0.019067823886871,9791866.0,0.0004950051293288,0.0626779273152351,1.7281342882687658,0.015677927315235,0.0123721402746929,1015297,9.64433658328548,-0.0475515703856945,-0.0296344123780728,-0.0267621953729487,0.0112217762417457,-0.0152087118476628,,,-0.0799210677539527,-1.584073849941603,0.002101530830752,False,-0.018627446730806,0.12,0.12
2018,0.008591,0.010279,Louisville - KY,0.919737935066223,-0.0040040612220769,1310495.0,0.0001309191835879,0.0300476904958487,0.6633552024332671,0.0060476904958487,0.0324810494481756,79264,16.533293802987483,0.0142512239217757,-0.0022000148892402,-0.0331390107288131,0.0377178167916944,-0.0040198192000389,0.135965037508229,0.0210466057509182,-0.0924244742447273,0.3328874927554182,0.0011259049788565,False,-0.0536785412990337,0.07,0.07
2023,0.008508,0.0050279999999999,Madison - WI,0.958974897861481,-0.0103128552436829,700628.1875,0.0002030132973709,0.0383069850504398,0.9572706221884228,-0.0026930149495602,0.0419947506561679,73455,9.538196004356408,-0.0099179263859987,0.0195177560672163,-0.0495052223300301,0.0651672684560838,0.0022583939135074,,,-0.151577768598049,1.2435926012494436,0.0005075332434274,False,-0.1019250205197103,0.73,0.73
2001,3.5e-05,-0.0050659999999999,Memphis - TN,0.887121379375458,-0.020966708660125,1227080.0,0.0,0.0289982799440622,0.8372908654388909,0.0009982799440621,0.0008235713495507,84060,14.597668332143709,-0.049400971442461,0.0033835330978035,-0.0252645089651232,0.0332747409437881,-0.0371152565348893,0.0536416817773585,-0.2129760894626378,,0.7169561987778517,1.22921096947e-05,False,-0.0439048947183203,0.19,0.19
2019,0.00674,-0.0008449999999999,Miami - FL,0.93474543094635,-0.01135641336441,2702903.0,0.0005022860454633,0.0287606921046972,1.4009957615240904,0.0107606921046972,0.0431579625217335,163203,16.561601196056444,-0.009909597819671,-0.0075103510171175,-0.0484377492637712,0.0509562753557859,-0.0268471033778041,0.2068165776541471,0.0367453336361798,-0.1473555165078391,0.0050318802915727,0.0017515615944362,False,-0.0834145784719407,0.94,0.94
2017,0.005237,-0.0016699999999999,Milwaukee - WI,0.938925623893738,-0.0066537857055659,1572737.0,0.0003097669519964,0.0084257246926426,0.8490946591145818,-0.0125742753073573,0.0287257220151372,100052,15.719196018070605,0.0030115341991186,-0.0131726376712322,-0.0327768698785831,0.0330934360382872,-0.0052361711859703,0.1115933464982065,-0.0115000159889461,-0.0860912930753482,-0.0768133087158062,0.0011048354621206,False,-0.0495973705328043,0.23,0.23
2023,0.007084,0.006191,Minneapolis - MN,0.919836223125458,-0.0076969265937799,3745687.0,0.0002099845756784,0.0079850731417536,0.9408602686651928,-0.0330149268582463,0.0303255906293428,273838,13.678477786136328,-0.0175154976248741,-0.0108041558414697,-0.0362901103373592,0.0454864769933263,-0.0053391773253679,,,-0.1707451113474968,0.754565738702162,0.0006566790366671,False,-0.066648006440957,0.48,0.48
2023,0.011196,0.009138,Nashville - TN,0.887415051460266,-0.0225427746772769,2122672.0,0.0001563375327331,-0.0250276569277048,0.9682108578705764,-0.0660276569277048,0.0441588389332569,165764,12.805385970415772,-0.0372806064486503,-0.0438168859109282,-0.0578722769235455,0.079797282332556,-0.0251042861491441,,,-0.1851954917760774,1.730695498811441,0.0003517594486496,False,-0.126001429746282,0.56,0.56
2022,0.003656,0.003656,New Haven - CT,0.953173875808716,-0.0175507068634029,868888.9375,0.0002428494333513,0.0386004336178303,1.1616561052024128,-0.0413995663821697,0.0533998920669185,38292,22.691134897628743,-0.0098486009836197,-0.0090567078441381,-0.0284220343461543,0.0332433890987587,0.0123621700331568,,,-0.0905476365572998,0.387651000585687,0.0017539125742039,False,-0.0402175951006382,0.58,0.58
2017,0.004113,0.001029,New York - NY,0.967708826065063,-0.001664280891419,14838010.0,0.000812558136514,0.0113236838951707,2.282366443699996,-0.0096763161048293,0.016436622269433,1414903,10.486945041462208,-0.0001796351522207,-0.0102746784687042,-0.0168395017460654,0.0210377507582552,-0.0084273405373096,0.0772752537418095,-0.0554256291538475,-0.022203599644174,0.3846112213114594,0.0010413156225487,False,-0.016793365274205,0.5,0.5
2014,-0.001568,-0.001055,Norfolk - VA,0.912801086902618,-0.009487986564637,1725993.0,0.0,0.0032344344072043,0.7595198289044198,-0.0127655655927956,0.013929760706265,106455,16.213357756798647,0.0186311660110949,-0.0156685938127339,-0.0233005864563285,0.0301150003872066,-0.0148444082587958,0.0789360004749876,0.0585758681893348,-0.0521964980218921,0.6490901308676689,0.0003775265236583,False,-0.0370656295932302,0.3,0.3
2023,0.005314,0.00259,Northern New Jersey - NJ,0.942922353744507,-0.011600911617279,2664845.0,0.0,0.033430602401495,1.301888046176255,-0.007569397598505,0.0333945884291236,164846,16.165663710372105,-0.0082110468000174,0.0146413734182715,-0.0308786584144048,0.044585260756606,0.0039652734994888,,,-0.1151516287842903,1.2329869304980925,0.0007033774792471,False,-0.0578099946244,1.21,1.21
2015,0.00123,-0.0009419999999999,Oklahoma City - OK,0.893981337547302,-0.0217829942703249,1363382.0,0.0030701288273288,0.0111078629270196,0.6182497589779568,0.0101078629270195,0.0182790747104041,87800,15.528268792710708,-0.0168774819113314,-0.0233677113428712,-0.0211065684616747,0.0367588886133645,-0.0299992938525974,0.060371889608808,0.0208158194907008,-0.0192515689464527,1.4876466152596637,0.0009092304604012,False,-0.0362980037624682,0.31,0.31
2023,0.002743,0.000518,Omaha - NE,0.930111706256866,-0.0177476406097419,991688.875,0.0009629523598839,0.0285360049456358,0.7056452014988946,-0.0124639950543642,0.0168907049071531,79832,12.422197552359956,0.0042937636673449,0.0097467759624123,-0.0267353614701347,0.038843416138561,0.0164700839668512,,,-0.1024972365410546,1.1069561897226965,0.0005075019193982,False,-0.0481294570907343,0.55,0.55
2001,0.003735,0.002392,Orange County - CA,0.952816903591156,-0.017710089683533,2890751.0,0.0,0.0257459580898285,1.4299799050192292,-0.0022540419101714,0.0056054429954524,204238,14.153835231445669,-0.003472677603364,0.0001312112435698,-0.0137199341645918,0.0240111507202342,0.0088130373042076,0.0328159566216829,0.0377166748344897,,0.9961785148544512,0.001338688085676,False,-0.013149211662987,0.93,0.93
2023,0.012198,0.009379,Orlando - FL,0.895502626895905,-0.025187492370605,2882917.0,4.95547505661e-05,-0.0309707410633564,1.0010315649170365,-0.0719707410633564,0.059525166380075,214952,13.41191056607987,-0.0423583540767431,-0.0497599700465798,-0.034589718075196,0.0651892743697874,-0.0301820337772368,,,-0.1435484732123091,2.834467767261395,0.0001783971020381,False,-0.0819698581199478,2.01,2.01
2002,0.003384,0.002112,Palm Beach - FL,0.916602313518524,-0.008379817008972,1198179.0,0.0,0.0055435253307223,1.1018934462889056,-0.0104564746692776,0.0334655271138633,49639,24.13785531537702,-0.0138022573217749,0.001829240238294,-0.0255607813460185,0.0527219901172777,0.0126397712156176,0.0878799015542761,0.023176488019526,,2.581359350974455,0.0014421139694187,False,-0.0529886258365603,1.21,1.21
2023,0.002899,0.003959,Philadelphia - PA,0.925793468952179,-0.020789861679077,6291930.0,0.0,0.0213593896478415,1.1049638038974938,-0.0196406103521585,0.0218775938393433,360701,17.44361673519064,-0.012595987290144,0.002570160664618,-0.0328525076801118,0.0395560499861661,-0.0004196669906378,,,-0.1080056877879608,0.5404026870089007,0.0003631375080697,False,-0.058346595661168,0.69,0.69
2023,0.008098,0.0047859999999999,Phoenix - AZ,0.891651570796967,-0.015748977661132,5122154.0,4.92803697122e-05,-0.0222814437001944,1.0010315649170365,-0.0632814437001944,0.063631908491829,383897,13.34252156177308,-0.0532501771748065,-0.0410706726834178,-0.0343949192242605,0.0510325606353882,-0.0410738568753003,,,-0.0958050859795482,1.4882380610266477,0.0003750783694768,False,-0.0695939871084847,0.79,0.79
2015,0.004215,0.005986,Pittsburgh - PA,0.922917366027832,-0.0131878256797789,2378913.0,0.0002214373498377,0.0204212814569473,0.8641445494805531,0.0194212814569472,0.0298054672881674,93226,25.517698925192544,0.0028323217183352,-0.0140542928129435,-0.0321375736534276,0.0321859187989238,-0.0102894902229308,0.07672470948948,0.0101568868737667,-0.0567759208287156,-0.0986032190507413,0.0008857493993511,False,-0.0489851648835408,0.16,0.16
2018,0.006368,0.00069,Portland - OR,0.939479231834412,0.0026630759239198,2484526.0,0.0,0.0289664641022682,1.1011696360392234,0.0049664641022682,0.0346940391059978,196447,12.647309452422284,0.0134529798924923,-0.0032812412828207,-0.0282740357787627,0.0367416945932395,-0.0048180632293224,0.1561922806656021,-0.0363079674094916,-0.0769057598770963,0.742882282697499,0.001298255798612,False,-0.0449472236120575,0.13,0.13
2018,0.000191,-0.0049629999999999,Providence - RI,0.957821130752563,0.000679433345794,1668074.0,0.0001070090957731,0.0350609198212624,1.087902531990558,0.0110609198212624,0.0212769752095594,57316,29.103112568916185,0.0142385877370834,0.0028132144361734,-0.0161239720026417,0.0222222222222222,-0.0040324553847313,0.0672751647562649,0.05003751334548,-0.051252255863393,0.5739939730632804,0.0016764758337792,False,-0.0136547938368274,0.4,0.4
2023,0.005324,0.0078099999999999,Raleigh - NC,0.876737952232361,-0.037885308265686,1532306.0,0.0003274046544553,-0.0272785294800997,0.864278618890119,-0.0682785294800997,0.0695425183612069,122642,12.494137408065752,-0.0475150275677443,-0.0460677584633231,-0.0541750583047508,0.0852313954517299,-0.035338707268238,,,-0.1096317199169866,2.64389213289864,0.0002566144588974,False,-0.1253543019046267,0.78,0.78
2023,0.007394,0.004369,Reno - NV,0.899586081504822,-0.020072042942047,505986.78125,0.0003781969460596,-0.0162533596158028,0.973680975711653,-0.0572533596158028,0.0206826454876376,44896,11.270197372817178,-0.0058416951149702,-0.0350425885990262,-0.0491805510432487,0.0612206306434075,0.006334625184536,,,-0.1452935677334201,0.9029215249900746,0.0006618446556044,False,-0.0976576220566597,0.7,0.7
2023,0.004108,0.006201,Richmond - VA,0.902969002723694,-0.023239254951477,1383465.0,0.0,0.0155564425513148,0.9135096794598092,-0.0254435574486852,0.0542573805995668,101982,13.565776313467085,-0.0062137789726257,-0.0032327864319086,-0.0430507805158837,0.0567754370330456,0.0059625413268805,,,-0.1221219636526588,1.1280429638758749,0.0003212335367812,False,-0.0869372773164156,0.46,0.46
2019,0.007791,0.005968,Rochester - NY,0.948106944561005,-0.007062911987304,1090230.0,0.0,0.0246965009719133,0.7754348633551943,0.0066965009719133,0.0060172860216622,56216,19.3935890138039,0.0292578843533992,-0.0115745421499014,-0.0248502011163298,0.0250537908901936,0.0123203787952661,0.0607077700335881,0.0477262039780616,-0.0737704961971422,-0.04190019684841,0.0007293680026257,False,-0.0333335266823716,0.08,0.08
2023,0.004953,0.008573,Sacramento - CA,0.931654155254364,-0.0053272843360899,2441105.0,0.0,0.0040599531494081,1.159664982308261,-0.0369400468505919,0.0153572126767599,141125,17.29746678476528,-0.0148678239136934,-0.0147292758338153,-0.0152108583268198,0.0218230264062963,-0.0026915036141871,,,-0.0391843921168171,0.6280221116547802,0.0005720036782008,False,-0.0172498493334291,0.79,0.79
2022,0.000818,0.001549,Saint Louis - MO,0.907668590545654,-0.024918556213379,2803398.0,0.0,0.0506028160452843,0.7687430107957144,-0.0293971839547157,0.0302997712818968,144179,19.443871853737367,-0.0218240197598934,0.0029456745833158,-0.0350466878062077,0.0337412975988184,0.0003867512568831,,,-0.0980626253607581,-0.2487910930511372,0.0005735877194869,False,-0.0559785000067304,0.2,0.2
2018,0.010063,0.008707,Salt Lake City - UT,0.91746062040329,-0.0051366686820979,1238612.0,0.0,0.0333093330264091,0.96849859555257,0.0093093330264091,0.0891309916670433,70551,17.556264262731926,0.0105708103328943,0.0010616276413201,-0.0474503277936833,0.0631074544550427,-0.0077002327889204,0.2809977145980075,0.0235522984042762,-0.1482262004130531,1.2662657261242494,0.000482196404623,False,-0.0974766651655345,0.33,0.33
2014,0.004642,-0.00115,San Antonio - TX,0.914701044559479,-0.0014458298683159,2330823.0,0.0003628399150294,0.0197126660495996,0.794682783946291,0.0037126660495995,0.0462719848003061,158097,14.742993225677909,0.0356561822593212,0.0008096378296612,-0.0214422742619638,0.0428744837777572,0.0021806079894304,0.1738397875977213,0.0515972855985164,-0.0282465109394194,2.0616173200025845,0.0002045097702893,False,-0.0451196498010756,0.27,0.27
2018,0.001469,0.000865,San Diego - CA,0.948731064796448,-0.00400573015213,3301613.0,5.53040537871e-05,0.0371468365192413,1.532350517620847,0.0131468365192412,0.0154969859290686,257884,12.802705867754494,0.0183566428422928,0.0048991311341523,-0.0166048444057401,0.0187164719173915,8.5599720478e-05,0.0730837436789098,0.0512830008268355,-0.0402858992338371,0.1800843407638641,0.0013154464222227,False,-0.013274009553256,0.14,0.14
2017,0.002179,-0.0015379999999999,San Francisco - CA,0.946111440658569,-0.0024525523185729,1652028.0,0.0002263845200648,0.0146290129050612,2.655968093710412,-0.0063709870949388,0.0183669335621008,171638,9.625071371141589,0.0113054963052273,-0.0069693494588137,-0.018295777649427,0.0225312172338194,0.0030577909201383,0.0695351074253629,-0.1372552552670239,-0.0437593750176727,0.3823213443711504,0.0017634162615575,False,-0.0167005822728368,0.56,0.56
2014,0.005646,0.005614,San Jose - CA,0.949709177017212,-0.00305438041687,1966071.0,0.0008964661624044,0.0532431155443192,1.9902232553699148,0.0372431155443192,0.0344018889822707,130341,15.0840564365779,0.0624090751409531,0.0343400873243809,-0.0275629554940963,0.043262496498179,0.0289335008710623,0.124891635466548,0.0802339730337262,-0.0175851184958154,1.451488228233866,0.0011445951894985,False,-0.0498181093508919,1.0,1.0
2014,0.003926,-0.001768,Seattle - WA,0.936789155006409,-0.007071673870086,3696714.0,0.0001503151249226,0.0289264116436243,1.2939967455408634,0.0129264116436242,0.0499547265159459,290083,12.74364233684842,0.062517726957798,0.0100233834236859,-0.0195978222338706,0.0381478313464298,0.0290421526879072,0.1720550701472416,0.1364310118854046,-0.0184106000121342,1.784099141032125,0.0012526260410217,False,-0.0335893774155398,0.7,0.7
2005,0.010018,0.008956,Spokane - WA,0.937651991844177,-0.001031458377838,496421.375,0.0,0.0389831066131592,0.7756528898623559,0.0049831066131591,0.0104240421682007,26751,18.55711468730141,0.0289113126993178,0.0246751713566482,-0.0372159701393103,0.0522775548737314,0.027333229780197,0.119797635300497,-0.0491379066035151,-0.0724967355219463,1.3116024813284,0.0,False,-0.0764677434836908,0.12,0.12
2018,-0.000171,0.0009099999999999,Springfield - MA,0.972758650779724,-0.0002972483634949,630351.0,0.0,0.0477387122809887,0.9950328036499008,0.0237387122809887,0.0072269343950147,23349,26.996916356160863,0.006613693356514,0.0154910068958997,-0.0100956014624713,0.0104292885580751,-0.0116573497653007,0.0233154245701624,0.0395457175076009,-0.0242181812756287,0.0228397154784287,0.0013848018002423,False,0.0033999120302136,0.69,0.69
2018,-0.001007,-9.5e-05,Stockton - CA,0.95880526304245,0.0011914968490599,765204.25,0.0001984599507819,0.0396643318235874,1.0746354279418928,0.0156643318235873,0.0270302452964991,25809,29.64873687473362,0.0425576932430267,0.0074166264384984,-0.0103495596408084,0.0244105739461776,0.0242866501212119,0.1018110805801798,0.0175005745589733,0.041244201154946,1.3808375614446922,0.0030165912518853,False,-0.0004897890298505,0.11,0.11
2017,-0.001039,0.0018119999999999,Syracuse - NY,0.933423519134521,-0.0169076919555669,662416.3125,0.0019427210628564,0.0122362654656172,0.7743743291124986,-0.0087637345343828,0.0077082158300432,32703,20.255521282451152,-0.0001785641312599,-0.0093620968982577,-0.0257208454128579,0.0247226922353825,-0.0084262695163488,0.0418043425353584,0.0239619741737842,-0.0458276766062327,-0.1634041722651247,0.000407344738986,False,-0.0358917699301112,0.22,0.22
2018,0.007012,0.000421,Tampa - FL,0.926075160503387,-0.0081654191017159,3118283.0,0.0001967589429672,0.0427542142570019,0.9419643874552392,0.0187542142570018,0.0250211789139999,190517,16.367479017620475,0.0252160794734955,0.0105065088719129,-0.0269675178425615,0.0412756538135709,0.0069450363516807,0.1581785042773174,0.1190950133353477,-0.0435409453744501,1.3195034040328624,0.0011313639220615,False,-0.0474263938615003,0.44,0.44
2003,0.008695,0.008784,Toledo - OH,0.877375364303589,-0.003087520599365,618877.5,0.0,-0.0035647046752274,0.6788569495853185,-0.0265647046752274,0.0002387133351236,34502,17.937438409367573,-0.0251295235920697,-0.0001226761378347,-0.0286522524835948,0.0295109360546653,0.0004978312645107,0.0289470491913361,-0.0954310904163867,,0.0013128780204985,0.0,False,-0.0459606724772157,0.09,0.09
2021,0.000159,-0.0013809999999999,Tucson - AZ,0.947020590305328,-0.0023544430732729,1051432.0,0.0,0.159343421459198,0.8917418925230286,0.112343421459198,0.0109724936119044,81301,12.932583855057134,-0.039776047617197,0.0670310817658901,-0.0130689376408413,0.0183501177413698,-0.0074331890791654,,,0.0090337136441532,0.5041363556064438,0.0022796733303271,False,-0.0031401384540762,0.11,0.11
2017,-0.000132,0.004524,Tulsa - OK,0.877041161060333,-0.0150685310363769,1000074.0,0.0009587727708533,0.0024172374978661,0.590969882743749,-0.0185827625021338,0.0073962470894398,60499,16.530421990446122,0.0048348011672497,-0.0191811248660088,-0.0311225070034037,0.035799890425969,-0.0034129042178392,0.0412573949899926,0.0852390284240245,-0.0416372837653554,0.3563201082062095,0.0005992329817833,False,-0.0517158294264862,0.13,0.13
2001,0.000281,0.000644,Ventura - CA,0.953860461711884,-0.0128461122512809,769781.625,0.0,0.0507011860609055,1.420572142486208,0.0227011860609054,0.0053790797412226,28463,27.044992622000493,-0.0184093978572636,0.0250864392146468,-0.0196731557343401,0.0344915315839209,-0.006123682949692,0.072448367455333,-0.0230582663957029,,1.4139818577214358,0.0009813186014392,False,-0.0320366764945569,0.49,0.49
2014,-0.000307,-0.002908,Washington - DC,0.92696225643158,-0.0073206424713129,6067520.0,0.0005609703170521,0.0095167215913534,1.37135524663298,-0.0064832784086465,0.0321923089353568,448452,13.529920705002988,0.0360211750268936,-0.0093863066285848,-0.0219667932996605,0.0347109040625331,0.0025456007570028,0.1255152864400118,0.0490883761569857,-0.0143603960603428,1.2518982060909511,0.0003301183347261,False,-0.0391256618847615,0.73,0.73
2019,-0.003901,-0.009911,Wichita - KS,0.909026920795441,0.001730442047119,653167.8125,0.0,0.033392671495676,0.5864633420333403,0.015392671495676,0.0063389546704939,34606,18.874409423221408,0.0151180719137192,-0.0028783716261387,-0.0286529815204782,0.0347446477694055,-0.0018194336444139,0.0561859216089075,-0.0104827905893326,-0.1018677085557019,0.5096128498454977,0.0005382131324004,False,-0.0475443922181008,0.09,0.09
2008,0.009721,0.013147,Winston-Salem - NC,0.855118334293365,-0.0147935748100289,633588.375,0.0,-0.0181810222566128,0.6108867258203613,-0.0561810222566128,0.0104690117252931,27466,23.06809783004442,-0.0261313865929842,-0.0259079458191991,-0.0310078941835646,0.0456068219887315,3.80557030439e-05,0.0373157301680108,-0.0612569785863161,-0.0329665621400556,1.3184756294891686,0.0001903456677326,False,-0.0612531141314282,0.21,0.21
2018,0.002331,0.002966,Worcester - MA,0.958261072635651,-0.0070914626121519,973308.6875,0.0,0.0405217781662941,1.1011696360392234,0.016521778166294,0.0053626869884278,29166,33.371346345059315,0.0259818166196346,0.0082740727812051,-0.0220949463058377,0.0290008467400508,0.0077107734978198,0.0707267688941956,0.0458703905791043,-0.019048120283926,0.6265128282667787,0.0011289867344058,False,-0.0305086361771504,0.47,0.47
