year,absorption,absorption_delta,msa,occ,occupancy_delta,pop,demolished_pct,rent_growth,real_rentpsf,real_rent_growth,starts_pct,inventory,RDI,real_rent_growth_next_year,real_relative_rent_growth,RDI_growth,supply_growth,real_relative_rg_next_year,supply_5yr_fwd,rrg_5yr_fwd,rrrg_5yr_fwd,RDI_growth_5yr,pop_growth,sales_volume_growth,demand,predicted_demand,exog_shock,pct_international_mig_
2007,0.001162,-0.0021469999999999,Akron - OH,0.945658266544342,0.003484189510345,703387.5625,0.0,0.0207107029855251,0.6742333594649234,-0.0082892970144749,0.0074148972025615,33537,2.1731905261622733,-0.0239686754643917,-0.0073675410822034,-0.0023041447833813,0.0275760639764684,0.0055421288125217,0.020394125753789,-0.0898760965764522,0.0022978999186306,,0.1062598206498677,0.0004596010662744,False,-0.0038951223414512,0.0,0.07
2017,0.006898,0.0001629999999999,Albany - NY,0.934078991413116,-0.013361096382142,897462.0,0.0007984277115833,0.0101616103202105,0.8490946591145818,-0.0108383896797895,0.0226630635057118,50882,2.0846769354022765,-0.0026423109471798,-0.0136279631406067,-0.0240145037137297,0.0416820210457355,-0.0117773339152335,0.0989433176241741,0.0234895589351654,-0.0333032514899969,0.0096035500779344,0.4243036545503953,0.0007165376898824,False,0.0350511512453118,0.0,0.19
2015,0.011358,0.013445,Albuquerque - NM,0.932698965072632,0.0012507438659669,903531.125,0.0,0.0169170815497637,0.7025565442931326,0.0159170815497637,0.0052199263300963,52031,2.450375529554526,0.0151172394752502,-0.0143463704735039,-0.0119058858578713,0.024898063702799,0.0019636824727057,0.0238999042506949,0.1224717325419187,0.0607431940734387,-0.0136088761850401,0.1399528161452057,0.0002954675281186,False,0.0124195949366807,0.0,0.16
2008,-0.000896,-0.0014559999999999,Amarillo - TX,0.906619906425476,-0.007994890213013,247197.296875,0.0,0.0083322618156671,0.6340849559148053,-0.0296677381843328,0.00064,13386,2.465640949165832,-0.0253155536055565,-0.0001569339074194,0.0053692795618903,0.07088,0.0012511480599641,0.026540171373302,-0.0634482632577419,-0.006911842385307,,0.8684930366199994,0.00016,True,,,
2006,0.001271,-0.001983,Anchorage - AK,0.953004598617554,0.0044030547142029,359066.8125,0.0,0.0612115226686001,1.1150134182151168,0.0292115226686001,0.0023596419853539,12584,2.509337295276536,0.0197331487238406,0.0228484831750393,0.0192055524507017,0.0239218877135882,0.0206549046561122,0.0085172311562645,-0.099769054878503,-0.0120259097311645,,1.7652020683683878,0.0,True,,,
2021,-0.001076,-0.002582,Ann Arbor - MI,0.976505935192108,0.02269583940506,365686.3125,0.0,0.0905896127223969,1.0024408860776115,0.0435896127223969,0.0016734161116503,30649,2.0928062476210023,-0.0361977423727512,0.0,-0.018836785524605,0.0257706081194149,-0.0040942355990409,,,,0.06164451819455,-1.201992852276157,0.0007363030891261,False,0.0141108032797542,0.0,0.17
2007,0.000889,-0.0003209999999999,Athens - GA,0.897022128105164,-0.0224459767341609,187571.5,0.0,0.0259238611906767,0.6662067718522456,-0.0030761388093233,0.0006050216799435,10113,2.4853764975438506,-0.0531044335216284,-0.0021543828770518,-0.0428494747007656,0.019764041544822,-0.0235936292447149,,,,,1.9060889277267237,0.0,False,,,
2022,-0.000563,0.0014819999999999,Atlanta - GA,0.906238317489624,-0.0323408842086789,6257506.0,0.0001722411120396,0.0170904751867056,0.9452691836451004,-0.0629095248132944,0.0570033023511975,484755,2.550570799508646,-0.0674086034148932,-0.0303273145109415,0.0536150956962588,0.0307992625528684,-0.0478496756404639,,,,-0.0368687313165438,1.4527797143274013,0.0007017230490504,True,-0.0875525079075338,0.0,0.58
2019,-0.001947,-0.0371079999999999,Atlantic City - NJ,0.894610643386841,-0.0265604853630059,274183.1875,0.0,0.0229453593492508,0.8340811975585283,0.0049453593492508,0.0434648898001025,10271,2.493821662024696,0.0643897150754929,-0.0128558352589607,-0.010635665779428,0.0528959507944643,0.0455405246466399,,,,-0.089604131343295,0.2752756184843941,0.0007175807278318,False,,,
2022,0.001936,0.006244,Augusta - GA,0.871727824211121,-0.0389267802238459,626112.4375,0.0,0.0350026488304138,0.6776327280347407,-0.0449973511695862,0.0313754373043638,28912,2.718697493606163,-0.0369100112318992,-0.0124151408672333,0.1127675776417033,0.0647026330325906,-0.0173510834574699,,,,0.0547762940737198,1.2710387020225422,0.0009942920272509,True,-0.1881351222667601,0.0,0.15
2008,0.006957,0.0053469999999999,Austin - TX,0.907851934432983,-0.0263117551803589,1646057.0,0.0042347877399423,0.0049430574290454,1.0052566374259109,-0.0330569425709545,0.0230691797702107,153927,2.472648321381859,-0.0394193983674049,-0.0035461382940411,0.0180792570993121,0.0686035613870665,-0.0128526967018842,0.1026598680868132,-0.0259730582311749,0.03056336264126,,3.405348120330509,0.0002846332743239,True,-0.0133281940337329,0.0,0.39
2007,0.001385,0.000463,Bakersfield - CA,0.945315599441528,-0.002798676490784,807037.1875,0.0,0.0438841804862022,0.8187119364931212,0.0148841804862021,0.0055350553505535,22367,3.241059877541592,-0.0302291375696659,0.0158059364184737,-0.0048092327243396,0.0316881918819188,-0.0007183332927525,0.038517424353564,-0.1095389266237617,-0.0173649301286788,,2.265457235890156,0.0004151291512915,False,0.0165636977965184,0.0,0.24
2017,-0.000772,-0.000439,Baltimore - MD,0.926207065582275,-0.004391551017762,2831946.0,0.0004819379200406,0.0162579137831926,0.9713642900270816,-0.0047420862168074,0.0124350575412692,192870,2.415966483728241,0.0047560503929852,-0.0075316596776246,0.000326945357955,0.0214435894312602,-0.0043789725750684,0.0663021732709538,0.0514218302965163,-0.0053709801286459,0.0140984329723647,0.2929871837142661,0.0005507861943321,True,-0.0068719087780284,0.0,0.25
2008,0.009871,0.012593,Baton Rouge - LA,0.891712546348572,-0.008361220359802,789833.125,0.0,-0.0171728152781725,0.7500761063870258,-0.0551728152781725,0.0151458255100763,34444,2.668660063283536,-0.0231485801786184,-0.025662011001259,0.1192504675160511,0.0778570534484916,0.0034181214869022,0.0355451250517366,-0.0613912301324307,-0.0048548092599958,,1.0296327196671615,0.0002190511953936,True,-0.2011294374259298,0.0,0.1
2010,0.008927,0.0055179999999999,Beaumont - TX,0.899690806865692,-0.0048913359642029,404398.0,0.0,-0.0058663645759224,0.6571719252739937,-0.0218663645759224,0.0136390987497492,16578,2.56205052539968,-0.0234731467142701,-0.0124062558170408,0.0220493402197196,0.108377348398743,-0.0021893722005188,0.0272816997568298,-0.0232604318670928,-0.0350222969427704,0.0487244290273096,0.5527131992561607,6.68583272046e-05,True,,,
2019,0.005759,0.006275,Binghamton - NY,0.967458963394165,0.008275091648102,247385.296875,0.0,0.0210684332996607,0.6711747136603783,0.0030684332996607,0.0072379475248804,7987,2.0538141764620854,0.0058741756826639,-0.0147327613085508,0.0237243457425571,0.0323122657360734,-0.0129750147461891,,,,-0.0756976887595866,-0.3083625158925684,0.0024557321959415,True,,,
2007,-0.000491,0.000615,Birmingham - AL,0.903037130832672,-0.0110201239585879,1109710.0,0.0,0.0243981126695871,0.7223928851409893,-0.0046018873304129,0.0065846246201178,54882,2.446919815029585,-0.0519562329277396,-0.0036801313981413,0.0131018235680147,0.0295651521404719,-0.0224454286508261,0.0383086689234515,-0.125837346419692,-0.0336633499246091,,0.8034590980728895,0.0001688365287209,True,-0.0246186973870831,0.0,0.13
2007,0.009384,0.00735,Bloomington - IL,0.888901352882385,-0.0003474950790409,182362.0,0.0,0.0205083154141903,0.6581801842395679,-0.0084916845858097,0.0,9484,2.292704397617928,-0.0235974745005368,-0.0075699286535382,-0.0452934800902668,0.0154175588865096,0.0059133297763765,0.0128204675965364,-0.0837130566914566,0.0084609398036263,,1.1611566512264693,0.0002141327623126,False,,,
2016,-0.000181,-0.0052,Bloomington - IN,0.952448129653931,-0.001699566841125,161783.09375,0.0,0.0340782441198826,0.7767653796725653,0.0210782441198826,0.0220301171221416,11048,2.19364693850837,-5.21040558815e-05,0.0079246871173382,0.0326266797390961,0.0269566833984011,-0.0028416775166987,0.0287167624064964,0.0147489974945784,-0.0774155966937541,0.121895361731084,0.3606019822786077,0.0003718163227365,True,,,
2019,0.004052,-0.01334,Boise - ID,0.935913264751434,-0.017877340316773,754370.8125,0.0,0.0393890328705311,0.9187925691855664,0.0213890328705311,0.0983149331783846,28132,2.589351362230418,0.0459678639769554,0.0035878382623195,0.0430375095995939,0.0897540189812124,0.0271186735481024,,,,0.0179504867054142,2.777616699011576,0.0004261088514429,True,-0.0599124092931379,0.0,0.02
2015,0.003579,8.4e-05,Boston - MA,0.942341804504395,-0.0087227225303649,4822188.0,2.48268328409e-05,0.0481881909072399,1.7282890989611062,0.0471881909072399,0.0489436182626182,210340,2.316716514751182,0.0032294637411832,0.0169247388839722,0.0116233428415937,0.0444152039524317,-0.0099240932613611,0.1903076473932371,-0.0145813045203685,-0.0763098429888485,0.0440623473059305,0.7870994198174941,0.0013903026390923,True,-0.0218025744425972,0.0,0.68
2022,-0.000362,-0.005082,Bremerton - WA,0.886034548282623,-0.054024279117585,277769.1875,0.0,-0.0187969375401735,1.184433675892656,-0.0987969375401735,0.1208939408534823,11034,2.6552798254185,-0.0327245330289006,-0.0662147272378206,0.1127250989589346,0.0629033811771505,-0.0131656052544713,,,,0.1171075193335136,0.3213945426132181,0.0013486176668914,True,,,
2006,0.0051,0.001472,Brownsville-Harlingen - TX,0.932421028614044,0.0039246678352349,381681.78125,0.0,0.0381831303238869,0.6194518990083983,0.0061831303238868,0.0129797627355198,7647,3.2794320914920503,0.0145559079051017,-0.0001799091696738,-0.058221831783382,0.0672714584787159,0.0154776638373732,0.081789536251522,-0.086417312933132,0.0013258322142065,,1.7561403469308123,0.0002791346824842,False,,,
2021,0.003223,-0.0038259999999999,Buffalo - NY,0.963448226451874,0.002704739570618,1163127.0,0.0,0.0452830418944359,0.8302424516593716,-0.001716958105564,0.0139864895498027,45297,2.031584687996056,-0.0339242163300514,-0.045306570827961,0.0569175849409001,0.0268168835290384,-0.0018207095563411,,,,-0.0477325388592172,-0.1197916398316234,0.0013147753547626,True,-0.1047174435577154,0.0,0.08
2016,-0.006313,-0.006232,Canton - OH,0.930489122867584,-0.0117636919021609,403683.0,0.0013026133680696,0.0058623529039323,0.5617678192274803,-0.0071376470960676,0.0078156802084181,12512,2.314978433342564,2.65014320611e-05,-0.020291204098612,-0.0213527284844409,0.0186436538304974,-0.0027630720287561,0.021711339854856,0.0236456352025271,-0.0685189589858054,-0.0421056963184055,-0.2392184870419256,0.0017910933810958,False,,,
2011,0.007614,0.006962,Champaign-Urbana - IL,0.901417315006256,-0.000714719295502,233696.203125,0.0,0.0054145725443959,0.6590082629054607,-0.026585427455604,0.005801726013489,14709,2.4929742825790067,-0.0082275963425636,-0.0053016529418527,0.1019873036617322,0.0667198491551236,-0.0027893902733922,0.0557891698543276,0.0025897660441696,-0.0436094305478036,0.1544561992479592,0.4784101731206247,7.25215751686e-05,True,,,
2017,0.004837,0.00205,Charleston - SC,0.87342494726181,-0.027050435543061,767765.375,0.00281067133576,0.0116347810253501,0.9102294745708318,-0.0093652189746499,0.0688614477261208,47748,2.397123334708368,-0.0010126510411501,-0.0121547924354671,0.0199546316363511,0.1000322536054923,-0.0101476740092038,0.3060830245026673,0.1177936027348038,0.0610007923096414,-0.0335662197606742,1.6458957609280844,0.0008293784269455,True,-0.0295305332084068,0.0,0.14
2017,0.005926,-0.00046,Charlotte - NC,0.909132540225983,-0.018620133399963,2529668.0,0.0009851886602774,0.0192716438323259,0.8558874163874985,-0.0017283561676741,0.0679378057770926,158092,2.534627549461444,0.0213357100486755,-0.0045179296284913,-0.0011624516763293,0.0595268413645198,0.0122006870806217,0.2481469664311451,0.1255427206456658,0.0687499102205035,0.0105721334968756,1.935949226817102,0.0006701963675356,False,0.0080530255047896,0.0,0.31
2015,0.016974,0.013614,Chattanooga - TN,0.915640473365784,0.024612426757813,545311.6875,0.0002471088267272,0.0258892141282558,0.7376843715077893,0.0248892141282557,0.0235741820697835,21503,2.4652219471925374,0.0111092070937157,-0.0053742378950118,-0.0288285948705074,0.0627162202233863,-0.0020443499088287,0.1681595401559424,0.0683880573958158,0.0066595189273358,-0.0198374384507426,0.5224062185039013,0.0009390135415637,False,0.0439568705709439,0.0,0.08
2018,0.002511,0.001047,Chicago - IL,0.930727779865265,0.0017815232276919,9642400.0,0.001167725720789,0.0280697401612997,1.187405812355548,0.0040697401612996,0.0198256512392513,515656,2.430269824173405,0.0095832079350948,-0.005065282806754,-0.0155518711762306,0.0188515585483055,-0.0082179866731167,0.0860575552916855,-0.0247328375950455,-0.0528316972777247,-0.040394440482151,-0.1043566762631731,0.0018869341173495,False,0.0172959989718547,0.0,0.18
2021,0.002268,-0.0005449999999999,Chico - CA,0.956398844718933,-0.0159920454025269,206563.40625,0.0,0.0298806838691235,0.8609921720912,-0.0171193161308765,0.0488834183224898,11904,2.360437793202952,-0.0284501220285892,-0.0607089288532734,-0.0401217137237909,0.0465975030771936,0.003653384745121,,,,-0.0378765013191999,-1.2828321816256485,0.0010550378055213,False,,,
2016,-0.000133,-0.002774,Cincinnati - OH,0.92516702413559,-0.004441559314727,2189974.0,0.000112383903414,0.0243887882679701,0.72821754344303,0.0113887882679701,0.0239538262705401,127647,2.349628862041216,0.0021550838798285,-0.0017647687345743,0.0157145573939402,0.0246762942210591,-0.0006344895809887,0.0541273470021898,0.0770707777440549,-0.0150938164442776,-0.0286969672950749,0.6238754344338071,0.0012683326242444,True,-0.0299476000004183,0.0,0.22
2011,0.007387,-0.0022429999999999,Clarksville - TN,0.889889299869537,-0.0016649365425109,267925.125,0.0,0.008221685886383,0.6219853267871763,-0.0237783141136169,0.0412435884015492,10152,3.027788101774063,-0.0100825487673283,-0.0024945395998656,0.0279145994939055,0.0627028158693604,-0.0046443426981569,0.1514760445324748,-0.0310705168023705,-0.0772697133943438,0.1125985100544958,1.98854734906746,0.0002093583167591,True,,,
2015,0.007389,0.0052809999999999,Cleveland - OH,0.937909245491028,0.0019450187683111,2086842.0,0.0004897444198188,0.0305795781314373,0.7517355023936519,0.0295795781314373,0.0148832499107669,123148,2.246876334681388,0.0044660533666611,-0.0006838738918303,0.0222832718879136,0.0222211154551717,-0.0086875036358833,0.0547774503955929,0.0246895546913147,-0.0370389837771652,-0.053987968264401,0.0403163756872659,0.0009628873338811,True,-0.0454883627280096,0.0,0.24
2013,0.003732,-0.0008419999999999,College Station-Bryan - TX,0.926084876060486,0.0155696868896489,239325.703125,0.0,0.0190746393054724,0.6859307965927915,0.0040746393054724,0.0369409354728576,15806,2.508249844615413,0.0150463756322861,-0.0020521320402621,-0.0137253713208309,0.0792762034824172,0.0130383521318435,0.1293271314761771,0.0190273962914943,-0.0383222326636313,0.0866374492922726,1.7176693488163863,6.82826903379e-05,False,,,
2013,0.004833,-0.003918,Colorado Springs - CO,0.934968590736389,0.002135694026947,681393.3125,0.0,0.03357944637537,0.8145428209539398,0.01857944637537,0.007408937191832,39932,2.6950929074814027,0.0186691198647021,0.0124526750296353,-0.0178885660623063,0.0308490590391615,0.0166610963642596,0.0586999663015294,0.1618062175810337,0.104456588625908,0.0529103071245678,1.3436268126352455,0.0008777138136665,False,0.0317523424849599,0.0,0.25
2016,0.002189,0.001788,Columbia - MO,0.923708438873291,-0.028924465179443,177643.40625,0.0,0.0025940181221813,0.5548324140518324,-0.0104059818778187,0.0,10960,2.473587387140133,-0.0063895073756576,-0.0235595388803631,0.2735379374178982,0.1008437123342708,-0.0091790808364748,0.0447332523447232,0.0293386226724833,-0.0628259715158491,0.1192435906328857,1.16683965044464,0.0003013258336681,True,,,
2021,0.005504,0.000761,Columbus - OH,0.944758594036102,0.0144635438919059,2152443.0,0.0,0.0720692276954651,0.7871928430548115,0.0250692276954651,0.0335748429496972,199301,2.424406741928261,-0.0234908591210842,-0.0185203850269318,0.0277553742960806,0.0321610018074379,0.0086126476526261,,,,0.0095036644120942,0.4244298400724933,0.0004246702332061,True,-0.0519836333404472,0.0,0.15
2016,0.005619,-0.000374,Corpus Christi - TX,0.879102945327759,-0.047787487506866,448940.78125,0.0,-0.0103164222091436,0.7559591641456216,-0.0233164222091436,0.0480983480599308,27405,2.8711142869230506,-0.0104712809473276,-0.036469979211688,0.0776778176638159,0.0528236650019208,-0.0132608544081448,0.1267352884470037,0.0450350786298512,-0.0471295155584812,0.0726155716080124,0.103384592915412,0.0003073376872839,True,-0.1382710857212871,0.0,0.18
2017,0.00283,0.000422,Dallas-Fort Worth - TX,0.910569310188293,-0.014877676963807,7410584.0,0.0017881524814537,0.0215349569916725,0.9306077463895818,0.0005349569916724,0.0384594700376154,696295,2.6415496716359432,0.0035793932378292,-0.0022546164691448,0.0021718573953975,0.0401684478477934,-0.0055556297302245,0.1685935745964799,0.0819914898425346,0.0251986794173722,0.0006978520308024,1.8541632047914147,0.0003286495788803,True,0.001710406189771,0.0,0.42
2010,0.006276,0.007497,Davenport - IA,0.927870631217957,-0.0051192641258239,380340.90625,0.0,0.0010756420670077,0.6724549933036215,-0.0149243579329922,0.0355979146301726,12427,2.336642672448885,-0.0262713198252022,-0.0054642491741105,0.1050285393248164,0.0123004235907461,-0.0049875453114509,,,,0.067599935292397,0.4634096170888391,0.0004887585532746,True,,,
2019,-0.003828,-0.000157,Dayton - OH,0.926391005516052,0.0005193352699279,813162.5,0.0023867809057527,0.0476076900959015,0.6451096762366743,0.0296076900959015,0.0158710730314157,49890,2.307412062367408,0.019138613820076,0.01180649548769,0.0060907625973731,0.0177478580171358,0.0002894233912229,,,,-0.0124245082183495,0.3543324152993632,0.0020807833537331,True,-0.0155153986045859,0.0,0.17
2022,-0.005333,-0.007911,Daytona Beach - FL,0.922721207141876,-0.0393605828285219,711591.0,0.0,0.0695264339447021,0.9509635763176614,-0.0104735660552978,0.0976114986260832,24936,2.379337402282567,-0.0703168742209673,0.022108644247055,-0.0134519511731928,0.054153455928979,-0.050757946446538,,,,-0.0290118608490969,2.783882724359832,0.0017755231452124,False,0.0354907365282343,0.0,0.34
2018,0.002584,-0.002793,Denver - CO,0.924900650978088,0.004356384277343,2922716.0,0.0001416369801279,0.0366117879748344,1.2006729164042134,0.0126117879748344,0.0388299927035495,243781,2.385463699745012,0.0105271015018225,0.0034767650067806,-0.0203411090708734,0.0463152925018241,-0.007274093106389,0.1808067766456262,-0.0047223550751807,-0.0328212147578599,-0.012495264415956,1.2346072422163346,0.001137387870724,False,0.0351460819939763,0.0,0.26
2021,-0.001186,-0.002539,Detroit - MI,0.952011525630951,0.004667103290558,4366169.0,0.0001267576303566,0.0798381492495537,0.8056426753139087,0.0328381492495536,0.0073519425606852,224249,2.240254730876387,-0.0460954065620899,-0.0107514634728432,0.052553675259948,0.0151882803516618,-0.0139918997883796,,,,-0.026565829222523,-0.3487658195346244,0.0005794634530589,True,-0.0993903408040132,0.0,0.09
2006,0.004463,-0.003294,Durham - NC,0.913361310958862,-0.008250832557679,470826.6875,0.0,0.059070460498333,0.8507139413048669,0.0270704604983329,0.0246797875663855,39655,2.294060764190399,-0.0016116769015789,0.0207074210047722,0.0425047787931305,0.0323596792668957,-0.0006899209693074,0.0628194820439341,-0.1017030640169977,-0.0139599188696592,,2.18682438747404,0.000312402374258,True,-0.0635119506602875,0.0,0.58
2011,0.005599,0.003162,El Paso - TX,0.905617117881775,-0.0084785223007199,829669.375,0.0,0.0088445274159312,0.6516036756818038,-0.0231554725840687,0.0191067777952508,39828,3.103032036790104,-0.0113286844491958,-0.0018716980703174,0.0128936035672693,0.0438748230853907,-0.0058904783800244,0.0946887198813709,-0.0376073097661137,-0.083806506358087,0.005415300016124,2.1440091941619555,0.0001310478586779,True,-0.0141824014495166,0.0,0.24
2009,-0.001361,-0.0029189999999999,Elkhart - IN,0.903307974338531,-0.0011607408523559,197516.90625,0.0,-0.0225636214017868,0.558993496251665,-0.0185636214017868,0.0,7344,2.892968366285937,-0.0153294260930269,0.0080030802637338,0.101355796358958,0.0408163265306122,-0.0058693173341453,0.0,-0.0589435204397887,-0.0309818247333169,,-0.0968598167534917,0.000141723356009,True,,,
2022,0.003517,0.003794,Eugene - OR,0.946199119091034,-0.0348920822143549,385108.3125,0.0,0.0710953176021576,0.968046754335344,-0.0089046823978423,0.0234863575299949,22457,2.1210784661067588,-0.0247770834565163,0.0236775279045105,-0.0720004581521603,0.0403020336313522,-0.005218155682087,,,,-0.0423499292257569,-0.2368223354856313,0.0008338351785797,False,,,
2008,0.001747,-0.0003099999999999,Evansville - IN,0.926803350448608,0.0102598667144769,309016.125,0.0,0.0133566819131374,0.5722230089962878,-0.0246433180868625,0.002986263189329,15451,2.123624280428378,-0.0164620566219091,0.0048674861900508,-0.0572975932415347,0.0253500564071935,0.0101046450436115,,,,,0.4105978018050127,6.63614042073e-05,False,,,
2007,0.003205,0.001009,Fayetteville - NC,0.831050157546997,-0.026882886886597,352010.71875,0.0,0.0260504279285669,0.6260738337888574,-0.0029495720714331,0.039467904875447,17472,3.0665998872333087,-0.0508225637599826,-0.0020278161391615,0.0196922858562911,0.0963167471920687,-0.0213117594830691,0.2411000360135065,-0.1250423153368756,-0.0328683188417926,,0.7993907120091404,0.0001882411997239,True,,,
2007,-0.002132,-0.007105,Flint - MI,0.904213666915894,-0.0088149905204769,436849.40625,0.0,0.0180290322750807,0.5458079576620808,-0.0109709677249193,0.0,19697,2.453384634249074,-0.025533014267683,-0.0100492117926477,-0.0310750246815776,0.0098436298385029,0.0039777900092304,,,,,-0.8007016171426407,0.0004101512432709,False,,,
2019,0.025855,0.022979,Fort Collins - CO,0.883402645587921,-0.0211990475654599,357434.21875,0.0,0.0197510495781898,1.0165364595244564,0.0017510495781898,0.0035767047663478,15045,2.454470321490902,-0.0038432859703898,-0.0160501450300217,-0.0383976696345647,0.1698157219500816,-0.0226924763992428,,,,0.0896753977194023,1.54961807120364,0.0011663167716351,False,,,
2021,0.02839,-0.0147,Fort Myers - FL,0.934782862663269,0.101033508777618,799723.875,0.0,0.228970468044281,1.1377396559776574,0.181970468044281,0.0823275014743463,28143,2.4904595970988948,0.0020868909358977,0.1383808553218841,-0.1527622319939253,0.1064674660900334,0.0341903977096081,,,,-0.007137531447798,3.604142811268307,0.0018085315510123,False,0.2755988517974216,0.0,0.16
2022,0.0057,0.0051,Fort Wayne - IN,0.936355948448181,-0.0224724411964419,455849.21875,0.0,0.0593279153108597,0.6662439426896191,-0.0206720846891403,0.0490797546012269,24032,2.214387162428212,-0.0315743692070245,0.0119101256132126,-0.0190649804136404,0.0310180616929083,-0.0120154414325952,,,,-0.0987503728705139,0.7260238066039371,0.0004719207173194,False,,,
2022,-0.000827,-0.00226,Fresno - CA,0.960398018360138,-0.0160058736801149,1017621.0,0.0,0.0493094362318516,0.8541589008841269,-0.0306905637681484,0.0106590215753298,55622,2.9768655230670094,-0.0122855499237776,0.0018916465342044,0.0071154939055896,0.0222001690741353,0.0072733778506516,,,,-0.0191159268854679,0.3857115094933361,0.0010291469107215,True,-0.0173929408392252,0.0,0.34
2007,0.00452,0.0097749999999999,Gainesville - FL,0.890103280544281,-0.0335041284561159,259890.8125,0.0070931077212323,0.0247601047158241,0.7625258232043776,-0.0042398952841759,0.0017946417126009,24112,2.1629635488128103,-0.052739703387022,-0.0033181393519044,-0.028697305597928,0.0302952612912874,-0.0232288991101085,0.0231034895908657,-0.1141978859640658,-0.0220238894689828,,1.2801058139780608,8.54591291714e-05,False,0.0491262910855231,0.0,0.29
2018,0.006712,0.009519,Grand Rapids - MI,0.926140666007996,-0.0159093141555779,1073972.0,0.0,0.0352134518325329,0.7694920348225898,0.0112134518325328,0.0344668906170907,45439,2.438373511218209,0.0256209999024868,0.002078428864479,-0.0003509252739799,0.0454880125166812,0.0078198052942752,0.1496006889677546,0.0836305011510848,0.0555316414684056,0.0143326391740325,0.7195917842931498,0.0002761032626202,False,-0.0026220517055979,0.0,0.13
2022,-0.009833,-0.010102,Greeley - CO,0.906556844711304,-0.022080779075622,352947.59375,0.0,0.0365746542811394,0.9737411470079048,-0.0434253457188606,0.137135922330097,12610,2.5584619956072854,-0.0421100072879344,-0.0108431354165077,-0.0896723130579939,0.0428802588996763,-0.0225510795135051,,,,-0.0277952101684619,35.89264379073565,0.0024271844660194,False,,,
2012,0.005868,0.005123,Greensboro - NC,0.911282002925873,0.002169013023377,737147.25,0.0,0.0100086582824588,0.5729308429665936,-0.0109913417175412,0.0172906367227287,41577,2.475825821096417,0.0063609766215085,-0.0056387344375253,-0.048430860485003,0.0328919583633518,0.0002342052757739,0.0755760109096147,0.0614033803492785,0.007062003016472,0.0205745589341526,0.7552916288155131,0.0004223287705264,False,0.0784324334421065,0.0,0.2
2006,-0.00573,-0.008032,Greenville - NC,0.915541470050812,-0.018678724765777,154061.59375,0.0,0.0591668337583542,0.6029331817015076,0.0271668337583542,0.020549158547387,12390,2.205632934186687,-0.0035003450661898,0.0208037942647934,-0.0336935136948061,0.0974313551815766,-0.0025785891339183,0.0764139654218316,-0.1098494482822716,-0.0221063031349331,,3.27747657912818,0.0,False,,,
2017,0.004067,-0.0011249999999999,Greenville - SC,0.901040136814117,-0.020451784133912,897496.25,0.0,0.0066661378368735,0.7064467563833321,-0.0143338621631264,0.0377550487919428,40816,2.5474618948735253,0.0167743901014328,-0.0171234356239437,0.0161249617671522,0.0649689505818504,0.007639367133379,0.1954294372365319,0.1060016675442461,0.0492088571190837,0.0615154702741482,1.2381776967273606,0.0007566664927203,True,-0.0261994333688102,0.0,0.21
2008,0.01825,0.023371,Gulfport-Biloxi-Pascagoula - MS,0.85572224855423,-0.02556711435318,364377.1875,0.0,-0.0200915690511465,0.5722230089962878,-0.0580915690511465,0.0359183137435156,16876,2.7986747460703003,-0.0266072812527418,-0.028580764774233,0.0383200290006681,0.1081489263904393,-4.05795872211e-05,0.0506341397192843,-0.0849502134788781,-0.0284137926064432,,1.664364700496046,0.0003283209665769,True,,,
2008,0.00184,0.003821,Harrisburg - PA,0.931686103343964,-0.011076271533966,543467.3125,0.0,0.0054663373157382,0.7268778762925817,-0.0325336626842618,0.0111037728060761,24991,2.24860554363144,-0.0218103534579277,-0.0030228584073483,0.0253304456446167,0.0315776438537108,0.0047563482075929,0.0658080453631421,-0.0451944190263748,0.0113420018460601,,0.918183228817071,0.0004953355898621,True,-0.0441651699720623,0.0,0.14
2019,0.001175,-0.002419,Hartford - CT,0.941419243812561,-0.008158802986145,1214215.0,0.0,0.0288573484867811,0.9904714221007525,0.0108573484867811,0.0115641262052476,65524,2.135077295108503,0.0170774591267109,-0.0069438461214304,-0.0633369173677187,0.0239564938819521,-0.0017717313021421,,,,-0.091704499974528,-0.0762051482091408,0.0018596365113844,False,,,
2015,0.001939,0.000882,Honolulu - HI,0.947700321674347,-0.0107069611549379,1019147.0,0.0,0.0153816780075431,1.6018289209883425,0.0143816780075431,0.0019745425055534,28879,2.8944458354032285,-0.0032847902849316,-0.0158817740157245,0.0188605891047616,0.0182645181763689,-0.016438347287476,0.0374907886353036,0.0258564376160503,-0.0358721008524296,0.0638600979471296,0.7905826319063447,0.0017277246923592,True,-0.0338021459055262,0.0,0.6
2008,0.006278,0.003267,Houston - TX,0.90101557970047,-0.000995337963104,5714056.0,0.0012177480650882,0.0265302509069443,0.850601770129617,-0.0114697490930557,0.0145455511331595,510760,2.6993064904935062,-0.0145954514890908,0.0180410551838577,-0.0016359374303713,0.0435855733631913,0.0119712501764297,0.0401390071354478,-0.0196921561565249,0.03684426471591,,2.499425980138903,0.0001879745335371,False,0.0129133801336861,0.0,0.48
2022,0.014547,0.0093199999999999,Huntsville - AL,0.869333565235138,-0.0385336279869079,518390.375,0.0,0.0279357563704252,0.7516598327780318,-0.0520642436295748,0.2226013460635467,35332,2.373475881469916,-0.0689810037463903,-0.0194820333272219,0.0722148874449989,0.106025982156832,-0.0494220759719609,,,,0.008998710967426,2.323573096360243,0.0005008608545938,True,,,
2014,-0.000769,0.002943,Indianapolis - IN,0.901212871074677,-0.005955934524536,1986103.0,0.0,0.0099389599636197,0.654030963778806,-0.0060610400363802,0.0275393702203581,143009,2.491384966865938,0.0262620376199484,-0.0080690635368227,-0.002202029930823,0.0288343249329141,-0.0040014144033192,0.0754882768763752,0.0862185969501733,0.0130757968872787,-0.0081084682335688,0.992944081489866,0.0003453212566816,False,0.0025716815823074,0.0,0.21
2006,0.006258,0.0014279999999999,Inland Empire - CA,0.936246454715729,-0.0009407997131349,4006493.0,0.0,0.0463862828910351,1.1150134182151168,0.0143862828910351,0.0197811095289946,146848,3.1796193983325445,-0.0108693045526743,0.0080232433974743,0.0053160601977305,0.0249881341262528,-0.0099475486204028,0.052388705133384,-0.1551220812499522,-0.0673789361026137,,2.6461566998223107,0.0007608119049613,True,0.0025601684222002,0.0,0.26
2014,0.006734,0.005299,Jackson - MS,0.913055062294006,-0.005572617053986,579676.375,0.0,0.0271913874894381,0.576672462686689,0.011191387489438,0.0017671096712439,27471,2.6927747632598207,0.0339684171378613,0.0091833639889955,-0.0217328028370496,0.0113389537238154,0.0037049651145936,0.0150959903959912,0.0528522958531975,-0.0202905042096971,0.0113444737555601,0.2363028381089371,0.0001104443544527,False,0.0295767001117402,0.0,0.12
2022,0.00127,0.001339,Jacksonville - FL,0.901364684104919,-0.043361246585846,1691503.0,0.0,0.0231606066226959,0.8940196495920529,-0.0568393933773041,0.1071968686059959,107065,2.486234893775236,-0.0708055279999971,-0.0242571830749512,0.0239755669525809,0.0582787217428263,-0.0512466002255678,,,,-0.015021045577992,2.439838276760886,0.0008994850201148,True,-0.0302736271606846,0.0,0.59
2018,0.03259,0.031669,Kalamazoo - MI,0.949050962924957,-0.0037060976028449,337065.71875,0.0,0.0428793393075466,0.6832558585062651,0.0188793393075466,0.0218881400840965,18073,2.181996950439573,0.0162863798141479,0.0097443163394928,-0.0126135124822032,0.0410114624733598,-0.0015148147940636,0.0802937673378093,0.0612831216752534,0.0331842619925741,-0.0232759575321772,0.3305593398524209,0.0005184033177812,False,,,
2017,0.004602,0.000716,Kansas City - MO,0.916455745697021,0.003996133804321,2149511.0,0.0036021904649532,0.0166093111038208,0.7404105427479154,-0.0043906888961792,0.0220920467243664,148627,2.360920828964673,0.000400558322668,-0.0071802623569964,-0.0207024866617713,0.0315660158662955,-0.0087344646453856,0.1326257940057912,0.0319127345979214,-0.0248800758272409,-0.0044637860823785,1.0354969092555957,0.000513607118317,False,0.0340192876894758,0.0,0.13
2006,0.012423,-0.0007919999999999,Kennewick-Richland - WA,0.914210021495819,0.006418943405151,225412.796875,0.0,0.0511849485337734,0.825935865344531,0.0191849485337734,0.0,9659,2.7630910723568314,0.0220306917130946,0.0128219090402126,-0.0344522471624453,0.0549366535605067,0.0229524476453662,0.0313697070090071,-0.0723470272161066,0.0153961179312319,,2.302077361128396,0.0003276539973787,False,,,
2007,0.005799,0.002873,Killeen - TX,0.930721461772919,-0.0075975060462949,383659.6875,0.0,0.0353417992591858,0.7304194727536669,0.0063417992591857,0.0029262939706151,17071,2.713061487020883,-0.0223972362577914,0.0072635551914572,0.0073993758745864,0.0407242577577272,0.0071135680191219,,,,,3.895324684578494,0.0002438578308845,True,,,
2021,0.010029,0.0032179999999999,Knoxville - TN,0.9609335064888,-0.0023615360260009,920661.8125,0.0001577950767936,0.117017902433872,0.8117926194002744,0.070017902433872,0.0198821796759941,40082,2.2468170721051504,0.0099292826652526,0.026428289711475,0.0184930981787363,0.0541237113402061,0.042032789438963,,,,-0.0717096371131837,1.317828817545097,0.0016568483063328,True,-0.0292388970492221,0.0,0.03
2008,0.060671,0.065035,Lafayette - LA,0.878610730171204,-0.035046935081482,460352.28125,0.0,-0.0264500267803669,0.719145132927767,-0.0644500267803669,0.0375488680789162,12477,2.632083780741205,-0.02070812946558,-0.0349392225034535,0.0616084971659567,0.1343758523502136,0.0058585721999406,0.0951819286070716,-0.040595999378711,0.0159404214937239,,1.0628242237838317,0.0001818347122465,True,,,
2021,0.019758,-0.0010159999999999,Lakeland - FL,0.945622205734253,0.0360941886901859,764246.8125,0.0,0.129172995686531,0.9101917247821258,0.082172995686531,0.1226628502839204,23180,2.9017169243606404,-0.0347682739794254,0.0385833829641341,-0.0332357967140843,0.0701260329624671,-0.0026647672057151,,,,0.068517656601609,3.761875854184926,0.0012003139282581,False,0.0758635544470554,0.0,0.11
2019,0.004126,-0.0091849999999999,Lancaster - PA,0.96684193611145,0.0106462240219109,552077.5,0.0,0.028752401471138,0.7819511227111202,0.010752401471138,0.0269292111397374,16965,2.2863701356151527,0.0353757460713387,-0.0070487931370735,0.0115361491681626,0.0406698564593301,0.0165265556424857,,,,-0.0915045361230147,0.3739632491054356,0.0006747638326585,True,-0.0250367181550379,0.0,0.09
2018,0.000701,0.00443,Lansing - MI,0.931774735450745,-0.008576810359954,473832.5,0.0,0.0305204913020134,0.6766223064819324,0.0065204913020134,0.0172118806460443,29928,2.278738507904126,0.0154626138210297,-0.0026145316660403,0.0271352478858999,0.0240897892143443,-0.0023385807871818,0.0526968538351577,0.0336079679876566,0.0055091083049773,-0.0331937010948738,-0.0398123000691086,0.0009581166164796,True,-0.0542408332920061,0.0,0.28
2007,0.004775,0.006234,Las Vegas - NV,0.914455533027649,-0.0198829770088199,1878938.0,0.0033963482239344,0.0260413493961096,0.8267385241057988,-0.0029586506038904,0.0234867303832821,147008,2.776042059155151,-0.051833861798048,-0.0020368946716189,0.0389091317990259,0.0315916522813074,-0.0223230575211345,0.0566186192402053,-0.2067108567543327,-0.1145368602592498,,3.256393150011916,0.0004631383941728,True,-0.0493591220867902,0.0,0.5
2022,0.000815,-0.001992,Lehigh Valley - PA,0.960363149642944,-0.021217167377472,873024.3125,0.0002659338711107,0.0545813925564289,0.9737411470079048,-0.0254186074435711,0.0173152498300978,35572,2.246105439264466,-0.0176054227948189,0.0071636028587818,-0.0249592282643783,0.0510888514611588,0.0019535049796104,,,,-0.0720704235937257,0.3184274461505598,0.0013887657713559,False,0.0360911170535524,0.0,0.41
2015,0.004074,-0.006622,Lincoln - NE,0.951892673969269,-0.0031283497810359,325922.5,0.0,0.027543818578124,0.6533775861926134,0.026543818578124,0.031381493570333,26506,2.2487901760149343,0.0122470877021551,-0.0037196334451436,0.0012812403544902,0.0423532187659758,-0.0009064693003893,0.1110594317888557,0.0336437658295036,-0.0280847726389764,-0.0413367140304052,1.2342999534669552,0.0026741122340634,True,-0.0005874210891352,0.0,0.34
2006,0.002536,-0.006059,Little Rock - AR,0.91500335931778,0.0005897879600529,664112.125,0.0,0.0619126595556736,0.6690080509290701,0.0299126595556736,0.0375498709223187,36671,2.453397520983051,-0.0002282903492451,0.0235496200621128,0.0189786625852222,0.0757744660877728,0.0006934655830264,0.1340122637951729,-0.1149308667182922,-0.0271877215709536,,1.8601777554953625,8.80075099741e-05,True,-0.0265545150154469,0.0,0.11
2021,0.004629,0.001105,Los Angeles - CA,0.959320306777954,0.019067823886871,9791866.0,0.0004950051293288,0.0626779273152351,1.7281342882687658,0.015677927315235,0.0123721402746929,1015297,2.7193008620429917,-0.0475515703856945,-0.0279116854071618,-0.0151172818709233,0.0112217762417457,-0.0154480636119841,,,,-0.0307615860260474,-1.584073849941603,0.002101530830752,False,0.0054971416093405,0.0,0.12
2018,0.008591,0.010279,Louisville - KY,0.919737935066223,-0.0040040612220769,1310495.0,0.0001309191835879,0.0300476904958487,0.6633552024332671,0.0060476904958487,0.0324810494481756,79264,2.366718544506367,0.0142512239217757,-0.003087332472205,0.0069493581296161,0.0377178167916944,-0.0035499706864357,0.135965037508229,0.0210466057509182,-0.0070522539317609,0.0081296372248874,0.3328874927554182,0.0011259049788565,True,-0.0174758110836799,0.0,0.07
2015,0.003911,0.002594,Lubbock - TX,0.919539928436279,0.00971245765686,308768.71875,0.0018244475978106,0.0175271034240723,0.6182497589779568,0.0165271034240723,0.0136326778836407,20707,2.591608610046938,-0.0048782114982604,-0.0137363485991953,0.021455563170217,0.0494121224407054,-0.0180317685008049,0.1112741122409846,-0.0086096323905513,-0.0703381708590313,-0.0250635627916737,1.139283381540479,0.0002027163997567,True,,,
2014,0.002389,0.001036,Manchester - NH,0.944752991199493,0.0008795261383049,409814.78125,0.0,0.0152100073173642,0.9915953321807702,-0.0007899926826358,0.0082197273456295,20921,2.4087727219234583,0.0614695867300034,-0.0027980161830783,0.0270115331750351,0.0485665597433841,0.0312061347067357,0.0625455932142645,0.1407307438105345,0.0675879437476398,0.0193880991386146,0.5982856809715775,0.0006515637530072,True,,,
2017,0.015099,0.0124149999999999,McAllen - TX,0.904929459095001,-0.0132788419723509,853909.75,0.0071377120031432,-0.0109322378411889,0.6249336691083323,-0.0319322378411889,0.0610307118066924,16358,3.373316917196937,0.0009209441244601,-0.0347218113020061,-0.0057261127756149,0.0711151856459956,-0.0082140788435935,0.171659332708502,-0.0332475492209196,-0.0900403596460819,0.0247231041053506,0.7549752289423894,0.000589352367232,False,0.0067871774220857,0.0,0.03
2006,0.005305,0.0062229999999999,Melbourne - FL,0.87858772277832,-0.046732723712921,536253.125,0.0,0.0495716482400894,0.8424545826514216,0.0175716482400894,0.0094106845699202,18661,2.380116105490909,-0.004450286641717,0.0112086087465286,0.0738080228270677,0.070809663166351,-0.0035285307094454,0.0508470635570132,-0.1163545082919301,-0.0286113631445915,,0.9536772397966464,0.0012050266827336,True,-0.1250307516994229,0.0,0.12
2008,-7.6e-05,0.001262,Memphis - TN,0.858323276042938,-0.0043838024139409,1312607.0,0.0,-0.00504707172513,0.64181769927962,-0.04304707172513,0.0119801891843655,91545,2.849963041253029,-0.0352160415649414,-0.0135362674482166,0.0439572711488327,0.0211605389969659,-0.0086493398994207,0.0077959893498842,-0.0946074076183139,-0.038070986745879,,0.6289467288866923,0.0002900232018561,True,-0.0776975288880505,0.0,0.15
2019,-0.00268,-0.000415,Merced - CA,0.954770922660828,-0.004957556724548,279912.90625,0.0,0.0501554682850838,0.7624023446433422,0.0321554682850837,0.0,8582,3.615103761926,0.0330254902243613,0.0143542736768722,0.059739510681191,0.023372287145242,0.0141762997955083,,,,0.0273186779571733,1.231829957173303,0.0019079418077748,True,,,
2019,0.00674,-0.0008449999999999,Miami - FL,0.93474543094635,-0.01135641336441,2702903.0,0.0005022860454633,0.0287606921046972,1.4009957615240904,0.0107606921046972,0.0431579625217335,163203,2.5950203086725545,-0.009909597819671,-0.0070405025035143,0.0196570616656638,0.0509562753557859,-0.028758788248524,,,,0.0033915849289752,0.0050318802915727,0.0017515615944362,True,-0.0410495700993635,1.0,0.94
2014,0.046308,0.035514,Midland - TX,0.89648699760437,-0.024000585079193,160009.703125,0.0,0.0360192395746708,0.9915953321807702,0.0200192395746707,0.1358684888096653,11920,2.7669703762400544,-0.116148648619652,0.0180112160742282,0.0269990188229792,0.1804317686670628,-0.1464121006429197,0.1635586854283259,0.0819751765131941,0.0088323764502993,0.0469411547850015,2.614990459589084,0.0006932065755595,True,,,
2017,0.005237,-0.0016699999999999,Milwaukee - WI,0.938925623893738,-0.0066537857055659,1572737.0,0.0003097669519964,0.0084257246926426,0.8490946591145818,-0.0125742753073573,0.0287257220151372,100052,2.188479754537753,0.0030115341991186,-0.0153638487681746,-0.0188147913036992,0.0330934360382872,-0.0061234887689351,0.1115933464982065,-0.0115000159889461,-0.0682928264141084,-0.0398435264849627,-0.0768133087158062,0.0011048354621206,False,0.0226897496048379,0.0,0.23
2021,0.006763,0.003977,Minneapolis - MN,0.938607215881348,0.010276019573212,3710896.0,0.0004033498831532,0.0366670079529285,1.0208907183367086,-0.0103329920470714,0.0463187046231381,251214,2.184326472935435,-0.0535944401472807,-0.0539226047694684,0.0150163330723737,0.0446096654275092,-0.0214909333735704,,,,-0.0295875950310589,0.0350442474059242,0.0013181640511297,True,-0.0331933151373726,0.0,0.11
2009,-0.005107,-0.014213,Mobile - AL,0.877208709716797,0.007381618022919,412365.5,0.0,-0.0303182452917099,0.5667572948107158,-0.0263182452917099,0.021066491112574,18991,2.690115842556472,-0.0102737976089119,0.0002484563738107,0.0081445837146122,0.0418586789554531,-0.0008136888500303,0.0949339166973916,-0.0356132186949253,-0.0076515229884536,,0.5983206951049702,5.48606539389e-05,True,,,
2009,0.003077,0.0076419999999999,Modesto - CA,0.912072062492371,-0.0169406533241269,512486.03125,0.0,-0.0527780055999756,0.7453246616688866,-0.0487780055999755,0.0,16245,3.3839624443836867,-0.0097233952805399,-0.0222113039344549,0.1313510886105721,0.0299898554400202,-0.0002632865216583,-0.0004309018159433,-0.0002142604440449,0.0277474352624267,,0.5506092981192312,0.0002536139994927,True,-0.2250439640719496,0.0,0.19
2008,0.013416,0.018944,Montgomery - AL,0.851338267326355,-0.01562774181366,370667.5,0.0,-0.0155180208384991,0.5412920355370289,-0.0535180208384991,0.0294324895658301,19453,2.762143954534251,-0.023293749153614,-0.0240072165615857,0.0342424967547576,0.0544202937828608,0.0032729525119066,0.0399959464569157,-0.0485133313760161,0.0080230894964187,,0.2882067573818592,0.0002168139194536,True,,,
2018,0.013255,0.0006569999999999,Naples - FL,0.889935076236725,-0.057505786418915,367017.3125,0.0,0.0138449044898152,1.107803188063556,-0.0101550955101848,0.0687593423019432,10260,2.665014897175893,-0.0192888164492323,-0.0192901184782385,-0.0164902149229901,0.0954516335682255,-0.0370900110574439,0.300253880036874,0.1841165262488646,0.1560176665661853,0.1190286449280705,1.172081509632639,0.0004270766602605,False,,,
2017,0.007186,0.0024619999999999,Nashville - TN,0.906829595565796,-0.0063481330871579,1934555.0,8.84760008847e-05,0.0074146538972854,0.9577787754812483,-0.0135853461027145,0.0531386861313868,121196,2.527431250100244,0.0097659865617752,-0.0163749195635318,-0.0182954194872951,0.0722937403229374,0.0006309635937214,0.2423016042194475,0.0791688937284052,0.0223760833032429,0.0702708787274457,1.907665693360672,0.0006104844061048,False,0.0365854668770892,0.0,0.25
2022,0.003656,0.003656,New Haven - CT,0.953173875808716,-0.0175507068634029,868888.9375,0.0002428494333513,0.0386004336178303,1.1616561052024128,-0.0413995663821697,0.0533998920669185,38292,2.192642271341707,-0.0098486009836197,-0.0088173560798168,0.0267647918755963,0.0332433890987587,0.0097103267908096,,,,0.0215390876299842,0.387651000585687,0.0017539125742039,True,-0.0501002801184195,0.0,0.58
2017,0.004113,0.001029,New York - NY,0.967708826065063,-0.001664280891419,14838010.0,0.000812558136514,0.0113236838951707,2.282366443699996,-0.0096763161048293,0.016436622269433,1414903,2.4889681297759143,-0.0001796351522207,-0.0124658895656465,-0.0067558595976062,0.0210377507582552,-0.0093146581202744,0.0772752537418095,-0.0554256291538475,-0.1122184395790099,-0.0045245356296868,0.3846112213114594,0.0010413156225487,False,0.0058946463054082,0.0,0.5
2014,-0.001568,-0.001055,Norfolk - VA,0.912801086902618,-0.009487986564637,1725993.0,0.0,0.0032344344072043,0.7595198289044198,-0.0127655655927956,0.013929760706265,106455,2.622507382548545,0.0186311660110949,-0.0147735890932381,0.0337036804294015,0.0301150003872066,-0.0116322860121726,0.0789360004749875,0.0585758681893348,-0.0145669318735598,0.0504304876418628,0.6490901308676689,0.0003775265236583,True,-0.0602962648274896,0.0,0.3
2006,-0.001322,-0.020012,Northwest Arkansas - AR,0.949519753456116,0.0025464892387389,427122.71875,0.0,0.0667625069618225,0.7433422788100779,0.0347625069618224,0.0647468734136323,23441,2.5225323786687683,-0.0027011753022671,0.0283994674682616,-0.0120850233293291,0.0817758087590567,-0.0017794193699955,0.1591140160456444,-0.111850054435432,-0.0241069092880934,,3.677357193311215,0.0,False,,,
2015,0.00301,0.004192,Norwich - CT,0.927836120128632,-0.0156373381614679,271293.625,0.0,0.0132682528346777,0.9203490730240038,0.0122682528346776,0.0062352182326381,9632,2.322949981991264,0.0179276059269904,-0.0179951991885899,0.0176781550835875,0.0354762416684584,0.004774048924446,0.1225803357715127,0.0767413577884436,0.0150128193199635,0.0829996402609005,-0.4846694805412888,0.0007525263384218,True,,,
2013,-0.005952,-0.006718,Odessa - TX,0.920289874076843,-0.0171852707862859,150061.59375,0.0,0.0219359397888184,0.8574134957409894,0.0069359397888184,0.0275862068965517,8232,2.9596337055916915,0.0204553108811378,0.0008091684430838,0.286906940754201,0.0513409961685823,0.0184472873806952,0.0997009394064453,0.2319807067513465,0.1746310777962207,0.1535431462335271,3.342444539183953,0.0003831417624521,True,,,
2022,0.014411,0.0036699999999999,Ogden - UT,0.891979098320007,-0.045002281665802,716642.5625,0.0,0.0358251929283142,0.8712420789018095,-0.0441748070716858,0.0634441087613293,23246,2.940862142185849,-0.0491201316788792,-0.0115925967693329,0.0762622469401415,0.1147556706469093,-0.0295612039044499,,,,0.0568334911857851,1.1642604055646988,0.0003836378458734,True,-0.1278721552212324,0.0,0.18
2015,0.00123,-0.0009419999999999,Oklahoma City - OK,0.893981337547302,-0.0217829942703249,1363382.0,0.0030701288273288,0.0111078629270196,0.6182497589779568,0.0101078629270195,0.0182790747104041,87800,2.6589368507740323,-0.0168774819113314,-0.020155589096248,0.0421243311847938,0.0367588886133645,-0.0300310389138758,0.060371889608808,0.0208158194907008,-0.0409127189777791,0.0381937099281968,1.4876466152596637,0.0009092304604012,True,-0.067918085424423,0.0,0.31
2019,0.019963,0.020633,Olympia - WA,0.94228059053421,-0.011879622936249,292440.78125,0.0,0.0453681573271751,1.0621502750159384,0.0273681573271751,0.0151187904967602,14176,2.380842619289704,0.0399605912268161,0.0095669627189635,-0.0661657069805803,0.0557831235570119,0.0211114007979631,,,,-0.0463385285076721,1.5032684488363923,0.0003723840023832,False,,,
2017,-0.000563,0.001205,Omaha - NE,0.931075870990753,-0.0076600313186649,945558.0,0.0001076376608798,0.0169967580586672,0.6928612418374989,-0.0040032419413328,0.0232651115587471,67407,2.4183205647589903,0.004792580589652,-0.00679281540215,0.0157084622808532,0.03650454384697,-0.0043424423784016,0.13286582094419,0.0270049365758896,-0.0297878738492727,-0.0052388172112017,1.0802253026074071,0.0006919563913705,True,-0.0267144388258357,0.0,0.24
2018,0.009588,-0.003242,Orlando - FL,0.923231601715088,-0.014273166656494,2618401.0,0.0006831842654515,0.0398647859692574,0.9618650435282372,0.0158647859692574,0.0535892244918425,168743,2.6459816931579088,0.0142760827839375,0.0067297630012036,-0.0100255893516677,0.057638188120115,-0.003525111824274,0.2481404836085265,0.0545688586756591,0.0264699989929799,0.0106648175273733,2.1143162001508564,0.0005515616088049,False,0.0242346686584703,1.0,1.18
2021,0.00599,0.0069159999999999,Pensacola - FL,0.910980403423309,-0.039940595626831,518446.59375,0.0,0.102635085582733,0.8794420043502972,0.055635085582733,0.1163020640217525,17362,2.358865612825981,-0.0491496025770903,0.012045472860336,0.1135028109651527,0.0729205289828204,-0.01704609580338,,,,0.0158623384733897,1.0589377691926138,0.0011123470522803,True,,,
2006,0.004066,-0.000773,Peoria - IL,0.906842589378357,0.012959957122803,372289.0,0.0,0.0204580742865801,0.6690080509290701,-0.0115419257134199,0.0,11312,2.2790444414658078,-0.0062269614040852,-0.0179049652069807,0.0151577135304517,0.0328707085463842,-0.0053052054718137,0.0300089856564855,-0.085196579772979,0.0025465653743594,,0.5557079095171114,0.0,True,,,
2021,0.003622,-0.001765,Philadelphia - PA,0.959461867809296,0.018751680850983,6252441.0,0.0003957154805694,0.0906500518321991,1.1746393204958514,0.0436500518321991,0.0316632341346571,340694,2.1804113724895378,-0.0425570140779018,6.04391098021e-05,-0.0275063057939416,0.021347651038903,-0.0104535073041915,,,,-0.0608141631994676,0.1171313437070775,0.0010072757687222,False,0.0387084790955259,0.0,0.1
2022,0.003312,0.004469,Phoenix - AZ,0.907400548458099,-0.0319636464118959,5047042.0,0.0001428608164209,0.003711290191859,1.0648514297688785,-0.076288709808141,0.0645273735610344,365257,2.688396737974364,-0.0632814437001944,-0.043706499505788,0.0269575887216149,0.0436182644696577,-0.043722515925765,,,,0.0028330307170815,1.5847859581889612,0.0011686014783237,True,-0.0416227341470912,0.0,0.5
2015,0.004215,0.005986,Pittsburgh - PA,0.922917366027832,-0.0131878256797789,2378913.0,0.0002214373498377,0.0204212814569473,0.8641445494805531,0.0194212814569472,0.0298054672881674,93226,2.089693333429944,0.0028323217183352,-0.0108421705663203,0.0136157158106525,0.0321859187989238,-0.0103212352842092,0.07672470948948,0.0101568868737667,-0.0515716515947132,0.0253474871898075,-0.0986032190507413,0.0008857493993511,True,-0.0320102966678395,0.0,0.16
2017,0.005671,0.002371,Portland - ME,0.94879549741745,0.0012165307998659,540335.875,0.0,0.0117660965770483,1.2498673382166643,-0.0092339034229517,0.007865720907367,14810,2.073103056196941,0.0059705527722835,-0.0120234768837689,0.0599683412875102,0.0401011306973804,-0.0031644701957701,0.1103379481734975,0.0262683572769164,-0.0305244531482458,-0.0299866026792707,0.7686056606078351,0.0009832151134208,True,-0.1032700546635067,0.0,0.08
2018,0.006368,0.00069,Portland - OR,0.939479231834412,0.0026630759239198,2484526.0,0.0,0.0289664641022682,1.1011696360392234,0.0049664641022682,0.0346940391059978,196447,2.425669948573767,0.0134529798924923,-0.0041685588657855,-0.0008172331827517,0.0367416945932395,-0.0043482147157192,0.1561922806656021,-0.0363079674094916,-0.0644068270921708,-0.0156580014747819,0.742882282697499,0.001298255798612,False,-0.0012812581006489,0.0,0.13
2018,0.000191,-0.0049629999999999,Providence - RI,0.957821130752563,0.000679433345794,1668074.0,0.0001070090957731,0.0350609198212624,1.087902531990558,0.0110609198212624,0.0212769752095594,57316,2.198121627980806,0.0142385877370834,0.0019258968532086,-0.015621722018799,0.0222222222222222,-0.0035626068711281,0.0672751647562649,0.05003751334548,0.0219386536628007,-0.0296529176138065,0.5739939730632804,0.0016764758337792,False,0.0224458177542877,0.0,0.4
2022,0.015328,0.008003,Racine - WI,0.945048749446869,-0.0175226926803589,196848.609375,0.0006208095356344,0.033635251224041,0.6947159060524233,-0.046364748775959,0.0373727340451949,8481,1.9992027634668288,0.0001375164985656,-0.0137825384736061,-0.147509666309403,0.0530171343431835,0.019696444272995,,,,-0.1872719620902541,0.0472747042293386,0.0013657809783958,False,,,
2013,-0.000669,-0.004025,Raleigh - NC,0.91875022649765,-0.0239113569259649,1220689.0,0.0,0.0233826134353876,0.7573819212378741,0.0083826134353876,0.0630872305842242,80716,2.5283724697917065,0.0053432088494301,0.002255842089653,0.0229944370525856,0.0666419991278263,0.0033351853489876,0.1986766897276711,0.0844104561954736,0.027060827240348,0.0314418725862673,2.185878348570247,0.0006078786357089,True,-0.0306488329849545,0.0,0.32
2019,0.009298,0.010349,Reading - PA,0.941516995429993,0.006539046764374,427951.0,0.0,0.0417531058192253,0.8014999007788983,0.0237531058192253,0.0,10755,2.3845962004568837,0.0441305060982704,0.0059519112110137,-0.0445388813860495,0.0279078658128643,0.0252813156694174,,,,-0.0788129847358898,0.2331844814296602,0.0014336232438115,False,,,
2019,0.013055,0.016298,Reno - NV,0.929294109344482,-0.010395348072052,487582.0,0.0003271091726863,0.0342145003378391,1.0360852375922345,0.0162145003378391,0.0548725637181409,38298,2.4990703966036665,0.0444747825264931,-0.0015866942703724,0.033295622816277,0.0439689246285947,0.0256255920976401,,,,0.010017793149223,1.7318632160849168,0.0012811775930216,True,-0.0511145885996085,0.0,0.04
2018,-0.001721,0.0006899999999999,Richmond - VA,0.923520684242249,-0.0055994391441339,1320107.0,0.0,0.0368548706173897,0.8756288672119126,0.0128548706173897,0.0283281677741464,85965,2.4227794195358467,0.0211448214650154,0.0037198476493359,-0.0340904798421007,0.0367096392952328,0.0033436268568038,0.1741880255157237,0.0429901013597845,0.0148912416771053,-0.0022766724326326,1.0055357258993205,0.0008924156727487,False,0.0564149437881925,0.0,0.16
2019,0.007791,0.005968,Rochester - NY,0.948106944561005,-0.007062911987304,1090230.0,0.0,0.0246965009719133,0.7754348633551943,0.0066965009719133,0.0060172860216622,56216,2.1198218237739312,0.0292578843533992,-0.0111046936362982,0.0194749959460232,0.0250537908901936,0.0104086939245462,,,,-0.0118644954828934,-0.04190019684841,0.0007293680026257,True,-0.0414798330156083,0.0,0.08
2017,0.000442,-0.0004489999999999,Rockford - IL,0.94898134469986,0.0077082514762879,340925.90625,0.0,0.0225838925689459,0.5773843681979156,0.0015838925689458,0.0,9036,2.4671241313316945,0.014421582430601,-0.0012056808918714,-0.0378469217096279,0.0069088477824827,0.0052865594625473,0.0028773793714032,0.0390688347220419,-0.0177239757031203,-0.047533804196327,-0.3187897065188516,0.0008914642299977,False,,,
2022,-0.00362,-0.003355,Sacramento - CA,0.936981439590454,-0.026075005531311,2425870.0,0.0,0.015371760353446,1.2015168539103385,-0.064628239646554,0.0206174168153204,138111,2.6536502031238585,-0.0369400468505919,-0.0320460293442011,0.0201059285576204,0.0180522180124132,-0.0173811190761625,,,,-0.0030512339113911,0.5684536419256148,0.0010024914861936,True,-0.0378381604708378,0.0,0.64
2022,0.000818,0.001549,Saint Louis - MO,0.907668590545654,-0.024918556213379,2803398.0,0.0,0.0506028160452843,0.7687430107957144,-0.0293971839547157,0.0302997712818968,144179,2.228520168562656,-0.0218240197598934,0.0031850263476371,0.0144604261087776,0.0337412975988184,-0.002265091985464,,,,-0.0403793799090801,-0.2487910930511372,0.0005735877194869,True,-0.0346770467593664,0.0,0.2
2008,-0.00245,-0.003276,Salinas - CA,0.96312540769577,-0.0069220066070559,407099.5,0.0,0.0207803044468164,1.237238938370352,-0.0172196955531836,0.0,19584,3.001823717718657,-0.0473752363622188,0.0122911087237298,0.0410505210464763,0.0120930232558139,-0.0208085346966982,0.0007148692810457,-0.0704883299022913,-0.0139519090298564,,0.9459119032898088,0.0004134366925064,True,,,
2018,0.010063,0.008707,Salt Lake City - UT,0.91746062040329,-0.0051366686820979,1238612.0,0.0,0.0333093330264091,0.96849859555257,0.0093093330264091,0.0891309916670433,70551,2.7341169519349804,0.0105708103328943,0.0001743100583553,0.0172367286592936,0.0631074544550427,-0.0072303842753172,0.2809977145980075,0.0235522984042762,-0.0045465612784029,-0.0400441354922752,1.2662657261242494,0.000482196404623,True,-0.0279572211264861,0.0,0.33
2014,0.004642,-0.00115,San Antonio - TX,0.914701044559479,-0.0014458298683159,2330823.0,0.0003628399150294,0.0197126660495996,0.794682783946291,0.0037126660495995,0.0462719848003061,158097,2.708839111050976,0.0356561822593212,0.001704642549157,0.0073113019074257,0.0428744837777572,0.0053927302360535,0.1738397875977213,0.0515972855985164,-0.0215455144643782,-0.0067057586753713,2.0616173200025845,0.0002045097702893,True,-0.0054025147694323,0.0,0.27
2018,0.001469,0.000865,San Diego - CA,0.948731064796448,-0.00400573015213,3301613.0,5.53040537871e-05,0.0371468365192413,1.532350517620847,0.0131468365192412,0.0154969859290686,257884,2.736787611018288,0.0183566428422928,0.0040118135511875,-0.0072949063280705,0.0187164719173915,0.0005554482340812,0.0730837436789098,0.0512830008268355,0.0231841411441563,-0.0068303849469658,0.1800843407638641,0.0013154464222227,False,0.005361219641184,0.0,0.14
2017,0.002179,-0.0015379999999999,San Francisco - CA,0.946111440658569,-0.0024525523185729,1652028.0,0.0002263845200648,0.0146290129050612,2.655968093710412,-0.0063709870949388,0.0183669335621008,171638,2.547200998845218,0.0113054963052273,-0.009160560555756,-0.0107856744884539,0.0225312172338194,0.0021704733371735,0.0695351074253629,-0.137255255267024,-0.1940480656921863,0.0313741424714943,0.3823213443711504,0.0017634162615575,False,0.0129139323869094,0.0,0.56
2014,0.005646,0.005614,San Jose - CA,0.949709177017212,-0.00305438041687,1966071.0,0.0008964661624044,0.0532431155443192,1.9902232553699148,0.0372431155443192,0.0344018889822707,130341,2.82374503384747,0.0624090751409531,0.0352350920438767,-0.0241171361952962,0.043262496498179,0.0321456231176854,0.124891635466548,0.0802339730337263,0.0070911729708316,0.0360127101624697,1.451488228233866,0.0011445951894985,False,0.0431232477455266,1.0,1.0
2015,0.011744,0.01228,Santa Barbara - CA,0.964423418045044,-0.001207649707794,444187.40625,0.0,0.0572154000401497,1.510496570230235,0.0562154000401497,0.0248457204185672,19158,3.1178246134593683,0.0171040410995483,0.025951948016882,0.0134516902031036,0.0280654682049906,0.0039504840970039,0.0689905759156737,0.0820741034001112,0.0203455649316312,0.0425578737064636,0.7094298522963394,0.0012878991145693,True,,,
2019,0.00316,0.004633,Santa Rosa - CA,0.943642854690552,-0.00971257686615,490070.1875,0.0,0.0135624464601278,1.5052559112189066,-0.0044375535398721,0.0023938863824693,22149,2.6508460037000576,0.0067403839081526,-0.0222387481480837,0.0204267131868889,0.0196574901022005,-0.0121088065207004,,,,0.0353308301797736,-0.8761470615377465,0.0012429794678206,True,,,
2016,0.008995,0.0072569999999999,Sarasota - FL,0.925207734107971,-0.021029114723206,781765.375,0.0,0.0148302847519517,1.0264399659958898,0.0018302847519517,0.074296357615894,26235,2.4376561939444303,0.0068365537524223,-0.0113232722505927,-0.0093429768515219,0.0858857615894039,0.004046980291605,0.3040689053465776,0.2260662833899258,0.1339016892015933,-0.017865060422255,2.384761701452631,0.0013245033112582,False,0.0254153693615844,0.0,0.35
2006,0.002448,0.001384,Scranton - PA,0.948987185955048,0.00297212600708,558196.0,0.0,0.0303513985127211,0.7433422788100779,-0.0016486014872789,0.0,8575,2.1117296345350134,0.0013369648754596,-0.0080116409808396,-0.0287997262917704,0.0138330574603925,0.0022587208077311,0.003843809112337,-0.0712695070207118,0.0164736381266267,,0.2387128786546455,0.0,False,0.0414195872203094,0.0,0.03
2014,0.003926,-0.001768,Seattle - WA,0.936789155006409,-0.007071673870086,3696714.0,0.0001503151249226,0.0289264116436243,1.2939967455408634,0.0129264116436242,0.0499547265159459,290083,2.384612122271487,0.062517726957798,0.0109183881431817,-0.0165503995678423,0.0381478313464298,0.0322542749345303,0.1720550701472416,0.1364310118854046,0.0632882118225099,0.0103895290262684,1.784099141032125,0.0012526260410217,False,0.0329645478536055,0.0,0.7
2009,0.003216,0.001932,Shreveport - LA,0.909303724765778,0.0064284801483159,437294.71875,0.0,-0.0319005139172077,0.6133400861650213,-0.0279005139172076,0.0,23314,2.314833414912297,-0.0083153356648981,-0.001333812251687,-0.08090675906174,0.0325523716727933,0.0011447730939835,0.0302538791051715,-0.0542918060906232,-0.0263301103841514,,0.7086306862045699,0.0,False,,,
2009,0.013048,0.015671,Spokane - WA,0.919065117835999,-0.024205148220062,525860.125,0.0,-0.0699942484498024,0.7453246616688866,-0.0659942484498024,0.0005595970900951,30042,2.447439136603168,-0.0063707029297947,-0.0394275467842817,0.0627900745016229,0.0507134862898712,0.0030894058290868,0.0720854512489007,-0.0264128133654593,0.0015488823410123,,1.085528777932221,0.0006645215444879,True,-0.1057392588803551,0.0,0.08
2018,-0.000171,0.0009099999999999,Springfield - MA,0.972758650779724,-0.0002972483634949,630351.0,0.0,0.0477387122809887,0.9950328036499008,0.0237387122809887,0.0072269343950147,23349,2.2216452549938506,0.006613693356514,0.0146036893129349,-0.0441042357574817,0.0104292885580751,-0.0111875012516975,0.0233154245701624,0.0395457175076009,0.0114468578249216,-0.0785312744142995,0.0228397154784287,0.0013848018002423,False,0.0660087270078262,0.0,0.69
2007,0.014382,0.009146,Springfield - MO,0.92825585603714,-0.0091973543167109,424664.71875,0.0,0.0194041710346937,0.5939674833381468,-0.0095958289653063,0.0152243157155968,19885,2.224672294779709,-0.0229045164883137,-0.0086740730330348,-0.0360833953238313,0.0735302056902229,0.0066062877885997,0.0977827787140828,-0.0903241439927369,0.0018498525023459,,2.062723950133938,0.000161960805485,False,,,
2009,0.002743,0.000425,St. Cloud - MN,0.92325234413147,-0.0051797628402709,188386.796875,0.0,-0.0234813503921032,0.6288676832831231,-0.0194813503921032,0.0161483731713166,12757,2.423350986704756,-0.0149519744412973,0.0070853512734174,0.0786847901189741,0.019825725477656,-0.0054918656824156,,,,,0.7864967257724897,0.0,True,,,
2014,0.009457,-0.017197,Stamford - CT,0.899602830410004,-0.0243757963180539,951034.1875,0.0,0.0167865660041571,1.575300385875834,0.0007865660041571,0.0396006092401421,25799,2.716611693211361,0.022317402228713,-0.0012214574962854,0.0392294911902844,0.0915129463530208,-0.0079460497945546,0.2603573356026037,0.0288796877041459,-0.0442631123587487,0.1222423106137003,0.5227045581008172,0.001057708580132,True,,,
2018,-0.001007,-9.5e-05,Stockton - CA,0.95880526304245,0.0011914968490599,765204.25,0.0001984599507819,0.0396643318235874,1.0746354279418928,0.0156643318235873,0.0270302452964991,25809,3.2040599444279683,0.0425576932430267,0.0065293088555336,0.0255245664457768,0.0244105739461776,0.0247564986348152,0.1018110805801798,0.0175005745589732,-0.0105982851237059,-0.0233530484750111,1.3808375614446922,0.0030165912518853,True,-0.0400620419103569,0.0,0.11
2017,-0.001039,0.0018119999999999,Syracuse - NY,0.933423519134521,-0.0169076919555669,662416.3125,0.0019427210628564,0.0122362654656172,0.7743743291124986,-0.0087637345343828,0.0077082158300432,32703,2.297831035100559,-0.0001785641312599,-0.0115533079952,0.0445458413376582,0.0247226922353825,-0.0093135870993136,0.0418043425353584,0.0239619741737842,-0.0328308362513781,0.0505458609059401,-0.1634041722651247,0.000407344738986,True,-0.0846121358825201,0.0,0.22
2006,-0.006083,-0.006027,Tallahassee - FL,0.899030685424805,-0.0109904408454889,352254.40625,0.0,0.0543640144169331,0.6855267682359607,0.0223640144169331,0.0352199842466524,18738,2.369565982810661,-0.0025799673944712,0.0160009749233723,-0.0090627828889085,0.054236525261618,-0.0016582114621997,0.0681582012444396,-0.0987850525081157,-0.0110419073607772,,1.860659758205041,0.0,False,,,
2018,0.007012,0.000421,Tampa - FL,0.926075160503387,-0.0081654191017159,3118283.0,0.0001967589429672,0.0427542142570019,0.9419643874552392,0.0187542142570018,0.0250211789139999,190517,2.4117497815858746,0.0252160794734955,0.0096191912889481,-0.0067480192693736,0.0412756538135709,0.0074148848652839,0.1581785042773174,0.1190950133353477,0.0909961536526684,0.0030721041528704,1.3195034040328624,0.0011313639220615,False,0.0129594117286604,0.0,0.44
2017,0.018015,0.02114,Toledo - OH,0.929467499256134,0.0042508244514459,607230.3125,0.0002989699127551,0.0281171277165413,0.6045553972895823,0.0071171277165412,0.0029353409615959,37690,2.306053519676589,0.008222144305706,0.004327554255724,-0.0196447331097118,0.024379637431033,-0.0009128786623477,0.0570994322605218,0.0390366333127021,-0.0177561771124602,8.7696264077e-05,-0.1262648067921312,0.0013045959829315,False,0.0237854116324992,0.0,0.12
2021,0.004906,0.0007739999999999,Trenton - NJ,0.929160058498383,-0.041411817073822,382129.59375,0.0,0.0727455839514732,1.1992390968413145,0.0257455839514731,0.0003178471155374,20176,2.449318109332697,-0.0047584789991379,-0.0178440287709237,0.1052378539088417,0.0688139005138528,0.0273450277745723,,,,-0.0251063094203627,-0.8523369475146425,0.0015362610584308,True,,,
2021,0.000159,-0.0013809999999999,Tucson - AZ,0.947020590305328,-0.0023544430732729,1051432.0,0.0,0.159343421459198,0.8917418925230286,0.112343421459198,0.0109724936119044,81301,2.3540066944610167,-0.039776047617197,0.068753808736801,0.0621487380792769,0.0183501177413698,-0.0076725408434867,,,,-0.0378160165206657,0.5041363556064438,0.0022796733303271,True,-0.1084389483557285,0.0,0.11
2008,0.000929,-0.033723,Tyler - TX,0.905060648918152,-0.014042258262634,204233.703125,0.0,0.0137268034741282,0.6804814161036935,-0.0242731965258718,0.0473954840152023,9681,2.6259153531483848,-0.0076627141833304,0.0052376077510416,0.0105757079048968,0.0821596244131455,0.0189039874821901,0.1109162139800935,-0.0392902795411645,0.0172461413312703,,1.7205467230833271,0.0001117818019226,True,,,
2006,0.000593,-0.00389,Vallejo-Fairfield - CA,0.93856155872345,-0.0019410252571099,408339.28125,0.0,0.0323731899261475,1.1563102114823434,0.0003731899261475,0.0,16847,2.934819770141147,0.0004325985014438,-0.0059898495674132,0.0768730339591067,0.0346373518393416,0.0013543544337154,1.267951681913071e-07,-0.1064523514024913,-0.0187092062551528,,0.0304220745144911,0.0007983786771479,True,,,
2018,0.001939,0.0020599999999999,Ventura - CA,0.948946177959442,-0.0127323269844059,847462.8125,0.0,0.0385844446718693,1.4991827574991834,0.0145844446718692,0.0124590760276464,34033,3.057045071122956,0.0132288030982018,0.0054494217038155,0.0172344544434331,0.0316781860070328,-0.0045723915100097,0.0718039673304032,0.0491848390996456,0.0210859794169664,-0.0630372181426796,-0.1698879733303515,0.0007275372862859,True,-0.0386828002167502,0.0,-0.02
2017,0.010056,0.01021,Waco - TX,0.907439708709717,-0.0014913082122799,270387.09375,0.0,0.0207799412310123,0.6996539991104155,-0.0002200587689877,0.0259448574969021,13523,2.538624453269674,-0.0041766220480204,-0.0030096322298049,-0.0848956577933652,0.0473203221809169,-0.0133116450160741,0.0920500369487776,0.0920804402381186,0.0352876298129562,-0.047965478641319,1.4268639752160084,0.0001548946716232,False,,,
2014,-0.000307,-0.002908,Washington - DC,0.92696225643158,-0.0073206424713129,6067520.0,0.0005609703170521,0.0095167215913534,1.37135524663298,-0.0064832784086465,0.0321923089353568,448452,2.5549763049405727,0.0360211750268936,-0.008491301909089,-0.0154592534108221,0.0347109040625331,0.0057577230036259,0.1255152864400118,0.0490883761569857,-0.0240544239059089,0.0457224581185241,1.2518982060909511,0.0003301183347261,False,0.0267773119459086,0.0,0.73
2019,-0.003901,-0.009911,Wichita - KS,0.909026920795441,0.001730442047119,653167.8125,0.0,0.033392671495676,0.5864633420333403,0.015392671495676,0.0063389546704939,34606,2.493232969291491,0.0151180719137192,-0.0024085231125355,-0.0061583652380458,0.0347446477694055,-0.0037311185151337,,,,-0.0396218334757398,0.5096128498454977,0.0005382131324004,False,0.0056450799269681,0.0,0.09
2008,0.009721,0.013147,Winston-Salem - NC,0.855118334293365,-0.0147935748100289,633588.375,0.0,-0.0181810222566128,0.6108867258203613,-0.0561810222566128,0.0104690117252931,27466,2.646474684945076,-0.0261313865929842,-0.0266702179796993,-0.0350663742633298,0.0456068219887315,0.0004353150725364,0.0373157301680108,-0.0612569785863161,-0.0047205577138811,,1.3184756294891686,0.0001903456677326,False,0.0601489068719859,0.0,0.21
2018,0.002331,0.002966,Worcester - MA,0.958261072635651,-0.0070914626121519,973308.6875,0.0,0.0405217781662941,1.1011696360392234,0.016521778166294,0.0053626869884278,29166,2.2349697043751604,0.0259818166196346,0.0073867551982403,0.0238075272527708,0.0290008467400508,0.008180622011423,0.0707267688941956,0.0458703905791043,0.017771530896425,-0.0777013262438197,0.6265128282667787,0.0011289867344058,True,-0.0435687175141121,0.0,0.47
2006,0.029582,0.028205,York - PA,0.920195639133453,-0.021581292152405,419738.40625,0.0,0.0257162973284721,0.776379713423859,-0.0062837026715279,0.001377726750861,9499,2.5225626242447707,0.0060409485399722,-0.0126467421650886,0.0711866823462231,0.0905855338691159,0.0069627044722437,0.0311275199232662,-0.0763172441758215,0.0114259009715169,,2.054372047392472,0.0003444316877152,True,,,
2008,-0.000166,-0.005258,Youngstown - OH,0.92082417011261,0.008342266082764,570277.25,0.0,0.0148678347468376,0.5490247789018436,-0.0231321652531623,0.0022383883603805,18018,2.1238761036667144,-0.017644426509738,0.006378639023751,-0.1000949838836385,0.0082820369334079,0.0089222751557826,-0.005149479865972,-0.0796930732158944,-0.0231566523434594,,-0.7162689468190431,0.0006715165081141,False,,,
