year,msa,y_hat,real_rent_growth_next_year
2006,Akron - OH,-0.0928173670284448,-0.0082892970144749
2006,Albany - NY,-0.0566299047525973,0.0030079065859317
2006,Albuquerque - NM,-0.0856947389869019,0.0082498296201229
2006,Ann Arbor - MI,-0.0923646024633197,-0.0055077605843544
2006,Atlanta - GA,-0.21777793273516002,-0.0146215734034777
2006,Austin - TX,-0.1025519807911477,0.0167437261939048
2006,Bakersfield - CA,-0.0504888747557999,0.0148841804862021
2006,Baltimore - MD,-0.043328229777514604,-0.0009847459346056
2006,Baton Rouge - LA,-0.1238588134031742,-0.0059567865878344
2006,Birmingham - AL,-0.1248578979896847,-0.0046018873304129
2006,Boston - MA,-0.0741756523232901,0.0028106859922408
2006,Buffalo - NY,-0.0578250542487949,0.0035344949960709
2006,Charleston - SC,-0.128025428191293,0.0004881705194711
2006,Charlotte - NC,-0.2711671592872588,-0.0009744734466076
2006,Chicago - IL,-0.07663612786866711,0.0253225705623626
2006,Cincinnati - OH,-0.0836110113626345,-0.0118298110514879
2006,Cleveland - OH,-0.0901238030958919,-0.0161419267728925
2006,Colorado Springs - CO,-0.1088050303909112,0.0043382748067378
2006,Columbia - SC,-0.1214795683948323,-0.0060581219345331
2006,Columbus - OH,-0.1308403601609167,-0.0018675205260515
2006,Corpus Christi - TX,-0.09691121473163339,0.0129040620326995
2006,Dallas-Fort Worth - TX,-0.11441046900593191,-0.0053227291405201
2006,Dayton - OH,-0.0913338906569405,-0.007704521432519
2006,Denver - CO,-0.1804473502300677,0.0071772738397121
2006,Des Moines - IA,-0.09404943112470181,-0.0071397599726915
2006,Detroit - MI,-0.10724880194477711,-0.0354887194894254
2006,Durham - NC,-0.12979565837606769,-0.0016116769015789
2006,East Bay - CA,-0.1648907935917376,0.0189452349245547
2006,El Paso - TX,-0.0940661339294165,0.0096177338659762
2006,Fargo - ND,-0.0947927231639622,-0.0054502700418234
2006,Fort Lauderdale - FL,0.007386209003627301,-0.026351712314412
2006,Fresno - CA,-0.0498939039856194,0.0117808721065521
2006,Gainesville - FL,-0.1260315127759238,-0.0042398952841759
2006,Grand Rapids - MI,-0.0890703950202149,-0.0043683172166348
2006,Greensboro - NC,-0.12741175308777009,-0.0060294055342674
2006,Greenville - SC,-0.124784513350576,-0.002716476932168
2006,Harrisburg - PA,-0.0554962074123323,0.0028220816552638
2006,Hartford - CT,-0.07382163089944499,-0.0223602064847946
2006,Honolulu - HI,0.056247612021863506,0.0311114965975284
2006,Houston - TX,-0.066187299761921,0.0086036167144774
2006,Indianapolis - IN,-0.11555692155100389,-0.0116705157756805
2006,Inland Empire - CA,0.1223191493451595,-0.0108693045526743
2006,Jackson - MS,-0.1219861584862227,-0.0039981034547091
2006,Jacksonville - FL,-0.0292192357331512,-0.0170374781787395
2006,Kansas City - MO,-0.1114283462259917,0.0016906439363955
2006,Knoxville - TN,-0.1265720594413577,-0.0009794020056725
2006,Lansing - MI,-0.0945946017485112,-0.0092114609628916
2006,Las Vegas - NV,-0.025826121770776693,-0.0029586506038904
2006,Lehigh Valley - PA,-0.056488449193537196,0.0031694426238536
2006,Lexington - KY,-0.1246397414100357,-0.004565517321229
2006,Lincoln - NE,-0.0920658879652617,-0.0080677297860384
2006,Little Rock - AR,-0.12401273145526631,-0.0002282903492451
2006,Long Island - NY,-0.0650565623976289,0.0001445311158894
2006,Los Angeles - CA,0.027505952658131896,0.0131293564140797
2006,Louisville - KY,-0.1264544032195116,-0.0044420667886734
2006,Madison - WI,-0.09330927903950201,-0.004821178406477
2006,Memphis - TN,-0.1844201963134109,-0.0177975985184312
2006,Miami - FL,-0.015253002787474601,-0.0058847171217203
2006,Milwaukee - WI,-0.0358002166934312,-0.0144015419259667
2006,Minneapolis - MN,-0.0828362586647272,-0.0041366283744574
2006,Nashville - TN,-0.09987529108487041,-8.30133408308e-05
2006,New Haven - CT,-0.05226692694425569,0.0008529062420129
2006,New York - NY,-0.062340458130463905,0.0506602740883826
2006,Norfolk - VA,0.1096788742840289,0.0025493941307067
2006,Northern New Jersey - NJ,-0.0553358639329673,-0.0048433904498816
2006,Oklahoma City - OK,-0.0656464504166505,0.007318626254797
2006,Omaha - NE,-0.092378802163992,-0.0052058462947607
2006,Orange County - CA,0.008087108403444298,0.0081483899652957
2006,Orlando - FL,-0.0854564872309565,-0.0220552099831402
2006,Palm Beach - FL,-0.0091739999800921,-0.0102410529702902
2006,Philadelphia - PA,-0.13630427138134832,0.0053701131641864
2006,Phoenix - AZ,-0.09744536804221529,-0.0082214762419462
2006,Pittsburgh - PA,-0.0421048737801612,-0.0056380377113819
2006,Portland - OR,-0.0954805058166384,0.021990991294384
2006,Providence - RI,-0.0586958811357615,0.0011762744784354
2006,Raleigh - NC,-0.2073387140147387,-0.0002440855801105
2006,Reno - NV,-0.060140699587762504,0.0075050584077835
2006,Richmond - VA,-0.041555601146072194,-0.0045905605852604
2006,Rochester - NY,-0.0586759496685117,0.0026645354032515
2006,Sacramento - CA,-0.009290722871199097,-0.0053796553015709
2006,Saint Louis - MO,-0.0765845763701944,-0.0100296595096588
2006,Salt Lake City - UT,-0.1089696964221074,0.0619091755747795
2006,San Antonio - TX,-0.05644757810235031,-0.0030885980427265
2006,San Diego - CA,0.0128821847289802,-0.0046092131137848
2006,San Francisco - CA,-0.24207753988169078,0.0391030601263046
2006,San Jose - CA,-0.3633273648768661,0.0486284337043762
2006,Seattle - WA,-0.1219364874735474,0.0384768760800362
2006,Spokane - WA,-0.06733921353891491,0.0237564249932766
2006,Springfield - MA,-0.05895271429046969,0.0025202437341213
2006,Stockton - CA,-0.0525076887309553,0.0011770195364951
2006,Syracuse - NY,-0.057922827053815004,0.0024501523971558
2006,Tampa - FL,-0.048070711781818404,-0.0070819416046143
2006,Toledo - OH,-0.09042625755257891,-0.0069676161706448
2006,Tucson - AZ,-0.08037665012245981,0.0019349372982978
2006,Tulsa - OK,-0.09767323182616361,-0.003564328789711
2006,Ventura - CA,-0.026302424931898705,0.0028674482405185
2006,Washington - DC,-0.09606859294883889,0.0146605885624885
2006,Wichita - KS,-0.09210550695145481,-0.0029886447787285
2006,Winston-Salem - NC,-0.1261994028494228,-0.0042006363123655
2006,Worcester - MA,-0.058759149137884395,0.0017907108217477
2007,Akron - OH,-0.0998162666969001,-0.0239686754643917
2007,Albany - NY,-0.06801668602786949,-0.0302094666399061
2007,Albuquerque - NM,-0.0777957631675527,-0.0221255657374859
2007,Ann Arbor - MI,-0.1019061412829904,-0.025840917892754
2007,Atlanta - GA,-0.2328356821257621,-0.0555194647163153
2007,Austin - TX,-0.1141573844528757,-0.0330569425709545
2007,Bakersfield - CA,-0.054079156152904095,-0.0302291375696659
2007,Baltimore - MD,-0.0563068760260936,-0.0282367768809199
2007,Baton Rouge - LA,-0.08954979620687659,-0.0551728152781725
2007,Birmingham - AL,-0.08992806675308379,-0.0519562329277396
2007,Boston - MA,-0.1741629433985798,-0.0209187747091054
2007,Buffalo - NY,-0.0654285387303679,-0.0303774637281894
2007,Charleston - SC,-0.08219327785121289,-0.0611481455266476
2007,Charlotte - NC,-0.2529404200781135,-0.0523105424940586
2007,Chicago - IL,-0.0724249733779579,-0.0169969753473997
2007,Cincinnati - OH,-0.0994905607243999,-0.0236777377426624
2007,Cleveland - OH,-0.0781781063582747,-0.028743800997734
2007,Colorado Springs - CO,-0.1122270944419433,-0.0343667928241193
2007,Columbia - SC,-0.0876458293227479,-0.0562242412120104
2007,Columbus - OH,-0.11687605084665079,-0.0180307434052229
2007,Corpus Christi - TX,-0.08519504011422381,-0.0269950715005398
2007,Dallas-Fort Worth - TX,-0.11831328922056111,-0.0194667757600545
2007,Dayton - OH,-0.099227478395216,-0.0246927750408649
2007,Denver - CO,-0.189128861080855,-0.021552223071456
2007,Des Moines - IA,-0.10192327296175041,-0.0233739412501454
2007,Detroit - MI,-0.1308809240749103,-0.0385656779394485
2007,Durham - NC,-0.0934578983746468,-0.050947715818882
2007,East Bay - CA,-0.1428990604057908,-0.0282615007013082
2007,El Paso - TX,-0.0921255308371037,-0.0238062984421849
2007,Fargo - ND,-0.1016823153644799,-0.0234449266567826
2007,Fort Lauderdale - FL,0.05123033023625599,-0.0766295169591904
2007,Fresno - CA,-0.0571410458236932,-0.0281408646255731
2007,Gainesville - FL,-0.09169316264381619,-0.052739703387022
2007,Grand Rapids - MI,-0.103210108084051,-0.0264783625602722
2007,Greensboro - NC,-0.09030747176660221,-0.0516408498510718
2007,Greenville - SC,-0.0892765822522343,-0.0562156283408403
2007,Harrisburg - PA,-0.0660837853960692,-0.0325336626842618
2007,Hartford - CT,-0.0899238399310269,-0.0304644515849649
2007,Honolulu - HI,0.1125477461442352,-0.0388424302213825
2007,Houston - TX,-0.06082084893062681,-0.0114697490930557
2007,Indianapolis - IN,-0.1229860168118028,-0.018425463989377
2007,Inland Empire - CA,0.0904548831582069,-0.0650994715392589
2007,Jackson - MS,-0.091703125845408,-0.0524471805542706
2007,Jacksonville - FL,-0.0110194690227506,-0.0614928224235773
2007,Kansas City - MO,-0.1308738300744442,-0.020879338786006
2007,Knoxville - TN,-0.0892360017336904,-0.0534039114713669
2007,Lansing - MI,-0.0995471398513764,-0.022905494377017
2007,Las Vegas - NV,-0.0002551622623576961,-0.051833861798048
2007,Lehigh Valley - PA,-0.0651577913835644,-0.0320201356075704
2007,Lexington - KY,-0.08982392268301931,-0.0511282638758421
2007,Lincoln - NE,-0.1019516547843812,-0.02125433768332
2007,Little Rock - AR,-0.090938100375235,-0.0553546466976404
2007,Long Island - NY,-0.0653800342865287,-0.0336825356930494
2007,Los Angeles - CA,0.026833150984719598,-0.0256495087519288
2007,Louisville - KY,-0.09073760440736073,-0.0508999287262559
2007,Madison - WI,-0.10129404325783233,-0.0274088171422482
2007,Memphis - TN,-0.21297608946263757,-0.04304707172513
2007,Miami - FL,0.019342316006776,-0.0791275774240494
2007,Milwaukee - WI,-0.050655485380441,-0.0261922174245119
2007,Minneapolis - MN,-0.10662918423116201,-0.0235564488098024
2007,Nashville - TN,-0.1002807566132394,-0.0276139455959201
2007,New Haven - CT,-0.06201932278275469,-0.0305238378345966
2007,New York - NY,-0.023054568579420405,-0.0503422183096409
2007,Norfolk - VA,0.08106266263127308,-0.0247221219465137
2007,Northern New Jersey - NJ,-0.0764587379693986,-0.0464102563560009
2007,Oklahoma City - OK,-0.09614187172194921,-0.0077502125054597
2007,Omaha - NE,-0.099499509511981,-0.0242761264666915
2007,Orange County - CA,0.0377166748344897,-0.0408032946866005
2007,Orlando - FL,-0.04601263047009689,-0.0575838082581758
2007,Palm Beach - FL,0.0229610663205385,-0.0687864043861627
2007,Philadelphia - PA,-0.126056424126029,-0.0156784963905811
2007,Phoenix - AZ,-0.0712590874340383,-0.0730752323865891
2007,Pittsburgh - PA,-0.0424242329485715,-0.02873426425457
2007,Portland - OR,-0.1007179876491427,-0.0203436010628938
2007,Providence - RI,-0.07015295118838531,-0.0321991423256695
2007,Raleigh - NC,-0.18638390793278803,-0.034575990691781
2007,Reno - NV,-0.0557963957712055,-0.0354400710780173
2007,Richmond - VA,-0.0400272181890905,-0.0280107895955443
2007,Rochester - NY,-0.068033455422148,-0.0305565184094011
2007,Sacramento - CA,-0.047510110789909805,-0.0364407172305509
2007,Saint Louis - MO,-0.0953527782279996,-0.0341242184508591
2007,Salt Lake City - UT,-0.0879333204524591,-0.0006737162470817
2007,San Antonio - TX,-0.0613068572878837,-0.024368853598833
2007,San Diego - CA,0.0279920224398377,-0.0343139877654612
2007,San Francisco - CA,-0.19645539160631537,-0.0050717418193816
2007,San Jose - CA,-0.26456011717021455,-0.0285622908845543
2007,Seattle - WA,-0.08419049695879219,-0.0117963546067475
2007,Spokane - WA,-0.06884465112164631,-0.0294406929165124
2007,Springfield - MA,-0.06821288565918769,-0.0295809156373143
2007,Stockton - CA,-0.0687030672729016,-0.0282839167043566
2007,Syracuse - NY,-0.06525619632378189,-0.0311695754639804
2007,Tampa - FL,-0.013495854144532304,-0.0503753435909748
2007,Toledo - OH,-0.1003052964974194,-0.0256779280602931
2007,Tucson - AZ,-0.0727028904533945,-0.0347953742016106
2007,Tulsa - OK,-0.1091791534731162,-0.0180986666232347
2007,Ventura - CA,-0.023058266395703,-0.045925889454782
2007,Washington - DC,-0.0925401388835161,-0.0160090022832154
2007,Wichita - KS,-0.10549050227785461,-0.0209055424779654
2007,Winston-Salem - NC,-0.08824845058773652,-0.0561810222566128
2007,Worcester - MA,-0.0735875920094549,-0.0303170153051614
2008,Akron - OH,-0.0962917809188366,-0.0180893416553736
2008,Albany - NY,-0.0549694273900241,-0.0261161017268896
2008,Albuquerque - NM,-0.05523201681673541,-0.0228614292144775
2008,Ann Arbor - MI,-0.09696196879260228,-0.0200634307265282
2008,Atlanta - GA,-0.2027345557976514,-0.0297496437132358
2008,Austin - TX,-0.0807252940535547,-0.0394193983674049
2008,Bakersfield - CA,-0.0047914474084974935,-0.0566259219348431
2008,Baltimore - MD,-0.05347421251237369,-0.0015487109348177
2008,Baton Rouge - LA,-0.06686462203972039,-0.0231485801786184
2008,Birmingham - AL,-0.0658584731968585,-0.0279386832416058
2008,Boston - MA,-0.163374286359176,-0.0367273732125758
2008,Buffalo - NY,-0.054605900524184,-0.0262871521562338
2008,Charleston - SC,-0.056272310942877296,-0.0271871264129877
2008,Charlotte - NC,-0.19358566750772277,-0.0598187453150749
2008,Chicago - IL,-0.0410490033496172,-0.0188067021816969
2008,Cincinnati - OH,-0.0942263799766078,-0.0134553021788597
2008,Cleveland - OH,-0.0819576117023825,-0.0149589690417051
2008,Colorado Springs - CO,-0.091938928023883,-0.0294197618067264
2008,Columbia - SC,-0.0661773973656818,-0.0271091393232346
2008,Columbus - OH,-0.09246614550240309,0.001162870131433
2008,Corpus Christi - TX,-0.06044417059049011,-0.0295894711315632
2008,Dallas-Fort Worth - TX,-0.10744475804269299,-0.0182607832401991
2008,Dayton - OH,-0.0963088645180686,-0.0165156039446592
2008,Denver - CO,-0.154417547378689,-0.0385913371145724
2008,Des Moines - IA,-0.09685402454808331,-0.0175538032352924
2008,Detroit - MI,-0.1560913621028883,-0.0192571698725224
2008,Durham - NC,-0.0655923019908368,-0.0284721001088619
2008,East Bay - CA,-0.08582168396562348,-0.0650791979432106
2008,El Paso - TX,-0.0675257521029563,-0.0301678634285927
2008,Fargo - ND,-0.0970831299014389,-0.0217472898811101
2008,Fort Lauderdale - FL,0.0170403213892131,-0.0409271947145462
2008,Fresno - CA,-0.015132441632449601,-0.0469878061711788
2008,Gainesville - FL,-0.0659938523708843,-0.0272355123460293
2008,Grand Rapids - MI,-0.0968412756187899,-0.0156065884083509
2008,Greensboro - NC,-0.0668380755628458,-0.0236644248515368
2008,Greenville - SC,-0.06278009990230211,-0.0245748280584812
2008,Harrisburg - PA,-0.0544279082491994,-0.0218103534579277
2008,Hartford - CT,-0.11153762286587139,-0.0301518186032772
2008,Honolulu - HI,0.1443451917916536,-0.0497526421248913
2008,Houston - TX,-0.0526841161586343,-0.0145954514890908
2008,Indianapolis - IN,-0.1135829684603958,-0.0085702153891325
2008,Inland Empire - CA,0.0454177833348512,-0.041042160898447
2008,Jackson - MS,-0.0655212312226649,-0.0274974747598171
2008,Jacksonville - FL,-0.0187148111686108,-0.0322059324979781
2008,Kansas City - MO,-0.11427829366177321,-0.0135986345857382
2008,Knoxville - TN,-0.06033116484060882,-0.0294097631275653
2008,Lansing - MI,-0.09918869634158911,-0.0159155211448669
2008,Las Vegas - NV,0.014732461324893,-0.0753985053896904
2008,Lehigh Valley - PA,-0.0543329450115562,-0.0236073403656483
2008,Lexington - KY,-0.0647037655976602,-0.026133618041873
2008,Lincoln - NE,-0.0980851463787256,-0.0191821220368147
2008,Little Rock - AR,-0.060729706175625287,-0.026859587714076
2008,Long Island - NY,-0.060153882000595404,-0.0561819604635239
2008,Los Angeles - CA,0.0401451855618508,-0.0658988810181618
2008,Louisville - KY,-0.0660453751438762,-0.0278278558552265
2008,Madison - WI,-0.09537409802898751,-0.0161444029808044
2008,Memphis - TN,-0.18137271653860781,-0.0352160415649414
2008,Miami - FL,0.013175655116792797,-0.034366187363863
2008,Milwaukee - WI,-0.0684160124324261,-0.0279221280515194
2008,Minneapolis - MN,-0.110518020093441,-0.0238144106268883
2008,Nashville - TN,-0.086523613873869,-0.0217423929870129
2008,New Haven - CT,-0.05182991361245509,-0.0242682273536921
2008,New York - NY,0.042639905023388394,-0.0808597064614295
2008,Norfolk - VA,0.0517380158603189,0.0108316855467855
2008,Northern New Jersey - NJ,-0.08375600956380369,-0.028325904816389
2008,Oklahoma City - OK,-0.0874029029323717,-0.0240506741255522
2008,Omaha - NE,-0.094786788842175,-0.0208026810586452
2008,Orange County - CA,0.04933774240314939,-0.0480255006849766
2008,Orlando - FL,-0.0371012026257812,-0.0370136245191096
2008,Palm Beach - FL,0.0231764880195259,-0.0211256991177797
2008,Philadelphia - PA,-0.0766990934312344,0.0020610000202432
2008,Phoenix - AZ,-0.0538343696203081,-0.0644971436858177
2008,Pittsburgh - PA,-0.0600024452246726,-0.010485134743154
2008,Portland - OR,-0.056663014441728596,-0.0403444475531578
2008,Providence - RI,-0.0598491858504712,-0.0248293641060591
2008,Raleigh - NC,-0.11437996940687281,-0.0305364287495613
2008,Reno - NV,-0.014913824833929602,-0.0613796568512916
2008,Richmond - VA,-0.0345189384929836,-0.0071103821545839
2008,Rochester - NY,-0.055934922518208696,-0.0240844122171402
2008,Sacramento - CA,-0.0626755400840192,-0.0410065284967422
2008,Saint Louis - MO,-0.0991399350855498,-0.015431296736002
2008,Salt Lake City - UT,-0.011852344945073104,-0.0339684418439864
2008,San Antonio - TX,-0.0567227764800191,-0.0165863025039434
2008,San Diego - CA,0.0241661747172476,-0.0191408514082432
2008,San Francisco - CA,-0.02474920286796979,-0.0623603022694587
2008,San Jose - CA,-0.07147497169673431,-0.0791669345498085
2008,Seattle - WA,-0.011867811419069701,-0.0795714563727379
2008,Spokane - WA,-0.005856345389038491,-0.0659942484498024
2008,Springfield - MA,-0.056324293352663306,-0.0238908666223288
2008,Stockton - CA,-0.0429379301890733,-0.0508412688076495
2008,Syracuse - NY,-0.0547683201543984,-0.0235017917156219
2008,Tampa - FL,-0.006971130853135297,-0.0243443219959736
2008,Toledo - OH,-0.0963178670313209,-0.0170122969001532
2008,Tucson - AZ,-0.059200154074933495,-0.0265261220782995
2008,Tulsa - OK,-0.0993644898803903,-0.0163026942908764
2008,Ventura - CA,-0.0017814202979209012,-0.0476148097813129
2008,Washington - DC,-0.042541931597516,0.01208622315526
2008,Wichita - KS,-0.0984139820025301,-0.0163022267669439
2008,Winston-Salem - NC,-0.0629046717763413,-0.0261313865929842
2008,Worcester - MA,-0.060951677132397894,-0.0262052665501833
2009,Akron - OH,-0.09641743820626289,-0.0140216203257441
2009,Albany - NY,-0.06546364197507501,0.0013216182738543
2009,Albuquerque - NM,-0.0473168756254019,-0.0090881783366203
2009,Ann Arbor - MI,-0.09648353428579849,-0.0097372598797082
2009,Atlanta - GA,-0.1696459288615734,-0.0207654411755502
2009,Austin - TX,-0.060735170114785506,-0.0038640146926045
2009,Bakersfield - CA,0.002165367044508301,-0.0080432465150952
2009,Baltimore - MD,-0.0691836744919418,0.0153175395131111
2009,Baton Rouge - LA,-0.0766596445720643,-0.0077394137009978
2009,Birmingham - AL,-0.0755408457445446,-0.0102144490778446
2009,Boston - MA,-0.1323710005637258,0.0048350364118813
2009,Buffalo - NY,-0.0644522373005746,0.0007040172964333
2009,Charleston - SC,-0.0791587281529794,-0.0052378514632583
2009,Charlotte - NC,-0.1595014325249939,-0.0319785244613886
2009,Chicago - IL,-0.026652554133907096,0.000243401914835
2009,Cincinnati - OH,-0.09404460093006489,-0.0095005735605955
2009,Cleveland - OH,-0.0879640242457389,-0.0169664086392149
2009,Colorado Springs - CO,-0.09137580183611141,-0.0034069821089505
2009,Columbia - SC,-0.08050319805275649,-0.0065593069270253
2009,Columbus - OH,-0.0828090697433797,-0.006406566299498
2009,Corpus Christi - TX,-0.05614856662228711,-0.0149874974125996
2009,Dallas-Fort Worth - TX,-0.09503536656498889,-0.0127200013343244
2009,Dayton - OH,-0.0967543691769241,-0.0159494922740268
2009,Denver - CO,-0.1121162477321923,0.0276052717268467
2009,Des Moines - IA,-0.09453054036945081,-0.0197770571652799
2009,Detroit - MI,-0.16862964725820329,-0.0260380592048167
2009,Durham - NC,-0.0742890400253236,-0.0075925404056906
2009,East Bay - CA,-0.06557829942554251,0.0012226931899785
2009,El Paso - TX,-0.0570568727236242,-0.0120108362138271
2009,Fargo - ND,-0.0944305822160095,-0.0141145150959491
2009,Fort Lauderdale - FL,-0.04421054626815041,0.0033621218204498
2009,Fresno - CA,-0.0111873707175255,-0.009456007912755
2009,Gainesville - FL,-0.0752398472069763,-0.0094642096050083
2009,Grand Rapids - MI,-0.0981128556015028,-0.0138430322371423
2009,Greensboro - NC,-0.0765112652699462,-0.010528884999454
2009,Greenville - SC,-0.0759096409566701,-0.0063727555647492
2009,Harrisburg - PA,-0.06611903928220281,-0.0004782697036861
2009,Hartford - CT,-0.1205642741225891,-0.0169673486929386
2009,Honolulu - HI,0.10802693627541879,0.0214034158885478
2009,Houston - TX,-0.05097971422597761,-0.013752834809944
2009,Indianapolis - IN,-0.09754705809988069,-0.0217640634477138
2009,Inland Empire - CA,-0.04018985278904439,-0.0219349834918975
2009,Jackson - MS,-0.0764167603885287,-0.0095293402522802
2009,Jacksonville - FL,-0.0717533564567564,-0.0141124585028737
2009,Kansas City - MO,-0.1025704302266241,-0.0114908248037099
2009,Knoxville - TN,-0.0726574103720486,-0.0081829514205455
2009,Lansing - MI,-0.0977868273295462,-0.0151201211232692
2009,Las Vegas - NV,-0.015481317266821802,-0.0373705860078335
2009,Lehigh Valley - PA,-0.0670202908478678,-0.0017635982334614
2009,Lexington - KY,-0.07389910393627369,-0.008460501845926
2009,Lincoln - NE,-0.0942293860390781,-0.0162534418890718
2009,Little Rock - AR,-0.07446284856647249,-0.0079167105108499
2009,Long Island - NY,-0.0834851016663016,-0.0128194467946887
2009,Los Angeles - CA,0.0341993786022068,-0.0254772074371576
2009,Louisville - KY,-0.0734773258992936,-0.006821206010878
2009,Madison - WI,-0.09827598751522601,-0.0150501493448391
2009,Memphis - TN,-0.16634956266731,-0.0208220087774097
2009,Miami - FL,-0.043477590978145596,-0.0033573565855622
2009,Milwaukee - WI,-0.0906972506456077,-0.0306008664742112
2009,Minneapolis - MN,-0.10096243008971201,-0.0027021255195141
2009,Nashville - TN,-0.083128216061741,0.0033638354539871
2009,New Haven - CT,-0.0634868166781962,-0.0014585845023393
2009,New York - NY,0.017114209160208498,0.016720223069191
2009,Norfolk - VA,0.027169865705072502,-0.0122028660811483
2009,Northern New Jersey - NJ,-0.1113649768196047,-9.38337147236e-05
2009,Oklahoma City - OK,-0.07580941219581261,-0.0149117699442431
2009,Omaha - NE,-0.0933369660307652,-0.0145878883162513
2009,Orange County - CA,0.02261803989298619,-0.016040186161641
2009,Orlando - FL,-0.042454064209014,-0.015838259871467
2009,Palm Beach - FL,-0.031807659044861894,0.0099316470474004
2009,Philadelphia - PA,-0.059810775183141304,0.0093491997718811
2009,Phoenix - AZ,-0.0940932432096451,0.0003961891084908
2009,Pittsburgh - PA,-0.0758889544196427,0.0022875748723744
2009,Portland - OR,-0.0314181743562221,0.0021668046861887
2009,Providence - RI,-0.0721042168699205,0.0002434428930283
2009,Raleigh - NC,-0.0938318542577324,0.0133210931122303
2009,Reno - NV,-0.017190358685329598,-0.0150638417657464
2009,Richmond - VA,-0.0434139881655574,-0.0286518411561847
2009,Rochester - NY,-0.0667897242493928,0.0001680690944194
2009,Sacramento - CA,-0.0853804470645263,-0.0152763229529373
2009,Saint Louis - MO,-0.10820531085133529,-0.012544097084552
2009,Salt Lake City - UT,0.0211372991651297,-0.0281617391705513
2009,San Antonio - TX,-0.0689972442016005,-0.0054727822393178
2009,San Diego - CA,0.0022137515805662963,-0.0161024443336064
2009,San Francisco - CA,0.059082480529323404,0.0276006411910057
2009,San Jose - CA,-0.00451666381210079,0.0294308390617371
2009,Seattle - WA,0.021787048466503797,0.0101062886565924
2009,Spokane - WA,0.006507793124765095,-0.0063707029297947
2009,Springfield - MA,-0.06582152688875781,0.0015229553133249
2009,Stockton - CA,-0.037269226126373,-0.0022284064292907
2009,Syracuse - NY,-0.0666217970103023,0.0002389539182185
2009,Tampa - FL,-0.034349104240537,-0.0117000166177749
2009,Toledo - OH,-0.09543109041638662,-0.0133285170271992
2009,Tucson - AZ,-0.0669971956196242,-0.0109309211224317
2009,Tulsa - OK,-0.08863713216502199,-0.0097759656459093
2009,Ventura - CA,-0.028956424295902502,-0.0017743252068757
2009,Washington - DC,-0.013225392056629,0.0338227812349796
2009,Wichita - KS,-0.0930059073981828,-0.0160969579850789
2009,Winston-Salem - NC,-0.07746790942852391,-0.0076908824816346
2009,Worcester - MA,-0.0724164176173508,0.0025452494770288
2010,Akron - OH,-0.08811701675504449,-0.0220062307715416
2010,Albany - NY,-0.07242303322628141,-0.022714949555695
2010,Albuquerque - NM,-0.0480035983920099,-0.0163271225690842
2010,Ann Arbor - MI,-0.0914375095590948,-0.0125373456329107
2010,Atlanta - GA,-0.14587412452884022,-0.0175658672749996
2010,Austin - TX,-0.0660060362853111,-0.009691063657403
2010,Bakersfield - CA,-0.035367059797048794,-0.0158000796735287
2010,Baltimore - MD,-0.051702365554869,-0.0149455595463514
2010,Baton Rouge - LA,-0.0763771546036005,-0.0267300846688449
2010,Birmingham - AL,-0.0768432526811958,-0.0267210885584354
2010,Boston - MA,-0.1091037569995968,-0.0153443313837051
2010,Buffalo - NY,-0.0715640031695365,-0.0213990410491824
2010,Charleston - SC,-0.07975198728591229,-0.0131099767684937
2010,Charlotte - NC,-0.15123771740682412,-0.0161402620077133
2010,Chicago - IL,-0.016409742921591003,-0.0172069225162268
2010,Cincinnati - OH,-0.09454569574072949,-0.0220350114330649
2010,Cleveland - OH,-0.0870067275092005,-0.0219243591353297
2010,Colorado Springs - CO,-0.0938200976662338,-0.0093221015930176
2010,Columbia - SC,-0.0791522574573756,-0.0166747322008014
2010,Columbus - OH,-0.0568299575671552,-0.0193905656859279
2010,Corpus Christi - TX,-0.052118205741048,-0.0198677492961287
2010,Dallas-Fort Worth - TX,-0.0817756473980843,-0.013337757781148
2010,Dayton - OH,-0.0864703034013509,-0.0226307663768529
2010,Denver - CO,-0.0930145474113523,-0.005319586366415
2010,Des Moines - IA,-0.0840553672015665,-0.0196554012298584
2010,Detroit - MI,-0.16605291933147232,-0.0241678276732564
2010,Durham - NC,-0.07704822281003,-0.0130790307819843
2010,East Bay - CA,-0.0885395196229221,-0.0040710963010788
2010,El Paso - TX,-0.0572838804647328,-0.0231554725840687
2010,Fargo - ND,-0.0879794599451124,-0.0235155926719307
2010,Fort Lauderdale - FL,-0.0773955714385959,-0.0142010491043329
2010,Fresno - CA,-0.038699721261859,-0.0259177632331848
2010,Gainesville - FL,-0.0764032232537867,-0.0225662033706903
2010,Grand Rapids - MI,-0.0867632201835513,-0.0147717710286379
2010,Greensboro - NC,-0.0739444506317377,-0.0230772126168012
2010,Greenville - SC,-0.07448772089183339,-0.0176823533773422
2010,Harrisburg - PA,-0.0691518562808634,-0.0176261191889644
2010,Hartford - CT,-0.1235220206864177,-0.0234394877851009
2010,Honolulu - HI,0.033145077658351514,-0.019640019506216
2010,Houston - TX,-0.0325437889397143,-0.0168816348239779
2010,Indianapolis - IN,-0.0762597539424896,-0.0180651781782508
2010,Inland Empire - CA,-0.09156587840616699,-0.0161761607676744
2010,Jackson - MS,-0.0765998841226099,-0.0232747889757156
2010,Jacksonville - FL,-0.100428047865629,-0.0185330066531897
2010,Kansas City - MO,-0.0802284733355047,-0.0215129119977355
2010,Knoxville - TN,-0.0763380986601114,-0.0282887174915522
2010,Lansing - MI,-0.08305039656907319,-0.0232440180778503
2010,Las Vegas - NV,-0.0948051300793886,-0.0274922734759748
2010,Lehigh Valley - PA,-0.0713586023040117,-0.0217448839619756
2010,Lexington - KY,-0.0736692224591972,-0.0235996193885803
2010,Lincoln - NE,-0.08574089062958949,-0.021426183514297
2010,Little Rock - AR,-0.0749623303264379,-0.0245716314464807
2010,Long Island - NY,-0.11818517865240591,-0.0235614938363432
2010,Los Angeles - CA,-0.0266134816184639,-0.0195957248732448
2010,Louisville - KY,-0.0744835560172796,-0.0234531437680125
2010,Madison - WI,-0.085829247996211,-0.0238245580047369
2010,Memphis - TN,-0.1618784855082629,-0.027955690741539
2010,Miami - FL,-0.06433783219754699,-0.0226875416636467
2010,Milwaukee - WI,-0.1160432368479669,-0.0254377940371632
2010,Minneapolis - MN,-0.079325697660446,-0.0239967912137508
2010,Nashville - TN,-0.0875252092219889,-0.0227640367746353
2010,New Haven - CT,-0.0670082450807096,-0.0176880875304341
2010,New York - NY,-0.05646284231543549,-0.0209447344467044
2010,Norfolk - VA,0.0149472320489581,-0.0280758080706
2010,Northern New Jersey - NJ,-0.10794623503088949,-0.0199321968182921
2010,Oklahoma City - OK,-0.0726116386204956,-0.018687958240509
2010,Omaha - NE,-0.0881159028932451,-0.0229184509888291
2010,Orange County - CA,-0.027078306345269212,-0.0078071396499872
2010,Orlando - FL,-0.0606423111595211,-0.0154207743406295
2010,Palm Beach - FL,-0.044895594283938495,-0.013750275939703
2010,Philadelphia - PA,-0.0327845780840145,-0.0231536369472742
2010,Phoenix - AZ,-0.1346440830230713,-0.019079500220716
2010,Pittsburgh - PA,-0.0657309184744954,-0.021097380079329
2010,Portland - OR,-0.04771733777225021,-0.0147765598893166
2010,Providence - RI,-0.0764470545537771,-0.0258667677342891
2010,Raleigh - NC,-0.08928369339182951,-0.0037764686793089
2010,Reno - NV,-0.06330276704020799,-0.0187851780727506
2010,Richmond - VA,-0.0408739301338792,-0.0267836976498365
2010,Rochester - NY,-0.07175475339964041,-0.0262555618472397
2010,Sacramento - CA,-0.1023871695352717,-0.0199221692681313
2010,Saint Louis - MO,-0.0932761901486664,-0.0243318028450012
2010,Salt Lake City - UT,0.012710649710148701,-0.0171184422150254
2010,San Antonio - TX,-0.0695917115509509,-0.0149466510564089
2010,San Diego - CA,-0.012750161621719599,-0.0179806727617979
2010,San Francisco - CA,0.02738953074812911,0.0011959910690783
2010,San Jose - CA,-0.02004178827255959,0.0067844480574131
2010,Seattle - WA,-0.025826395764946795,-0.0103663880079985
2010,Spokane - WA,-0.037784097060561295,-0.0208984598219395
2010,Springfield - MA,-0.0702913946434855,-0.0196213744282722
2010,Stockton - CA,-0.05738594596833,-0.020883656449616
2010,Syracuse - NY,-0.0705377597324548,-0.0208802692294121
2010,Tampa - FL,-0.0441606112718585,-0.0203277835324407
2010,Toledo - OH,-0.0873138637244701,-0.0259625533297658
2010,Tucson - AZ,-0.0674122334886343,-0.0208947419822216
2010,Tulsa - OK,-0.0775702970996498,-0.0194951913952827
2010,Ventura - CA,-0.0623892082795503,-0.0135926123410463
2010,Washington - DC,0.0234692326784133,-0.0155612699389458
2010,Wichita - KS,-0.083143795184791,-0.0221766143739223
2010,Winston-Salem - NC,-0.07640460533648741,-0.0208853756710887
2010,Worcester - MA,-0.0764272131919861,-0.0211005046665668
2011,Akron - OH,-0.0764714306816459,-0.0117902283594012
2011,Albany - NY,-0.054727454636245905,-0.0133856128007173
2011,Albuquerque - NM,-0.041191505700349906,-0.0082798854485154
2011,Ann Arbor - MI,-0.07538709739595639,0.0263425723612308
2011,Atlanta - GA,-0.1352836601100862,0.0057536398023366
2011,Austin - TX,-0.054519806023687195,0.0078966726511717
2011,Bakersfield - CA,-0.0550270522609354,0.0011594590693711
2011,Baltimore - MD,-0.0173153341412543,-0.0080214480906725
2011,Baton Rouge - LA,-0.0591569761410356,-0.009473423756659
2011,Birmingham - AL,-0.0652480381205678,-0.0090068926140666
2011,Boston - MA,-0.0690365354195238,-0.0042552131265402
2011,Buffalo - NY,-0.053817315459251495,-0.0082489962726831
2011,Charleston - SC,-0.0619848309680822,0.0004734300971031
2011,Charlotte - NC,-0.151970092639327,0.0091603488624095
2011,Chicago - IL,0.004024231374263599,-0.0034176281690598
2011,Cincinnati - OH,-0.077485540382564,-0.0034078939855099
2011,Cleveland - OH,-0.08924987245257929,-0.0082717009857297
2011,Colorado Springs - CO,-0.0714092030785977,0.0058982909619807
2011,Columbia - SC,-0.066825929529965,-0.0006724356710911
2011,Columbus - OH,-0.0372517858296631,-0.0023799206167459
2011,Corpus Christi - TX,-0.0513260775143282,0.01389076718688
2011,Dallas-Fort Worth - TX,-0.06622716850973649,0.0050403100401162
2011,Dayton - OH,-0.07760500740836129,-0.0080121804997325
2011,Denver - CO,-0.03593000067770479,0.0181650833189486
2011,Des Moines - IA,-0.079459104420617,-0.0085936973839998
2011,Detroit - MI,-0.1493981710183433,-0.0024606513828039
2011,Durham - NC,-0.0615535727366805,0.010001204624772
2011,East Bay - CA,-0.0654445313513282,0.0203905940949916
2011,El Paso - TX,-0.0526407803073527,-0.0113286844491958
2011,Fargo - ND,-0.07537736693769681,-0.0099972759410739
2011,Fort Lauderdale - FL,-0.1032177183907481,0.0044339333623647
2011,Fresno - CA,-0.053485485225915896,-0.013787062190473
2011,Gainesville - FL,-0.06323319949582229,-0.0021922572553158
2011,Grand Rapids - MI,-0.0744707416407764,-0.002407668441534
2011,Greensboro - NC,-0.060926640838384595,-0.0109913417175412
2011,Greenville - SC,-0.0591913084164262,0.005542231440544
2011,Harrisburg - PA,-0.05323817065358159,-0.0095077457875013
2011,Hartford - CT,-0.1171467413324861,-0.0108948213085532
2011,Honolulu - HI,0.014364984793122704,0.0058331449478865
2011,Houston - TX,-0.0380914688240735,0.00626187184453
2011,Indianapolis - IN,-0.07883026028424489,-0.007698524095118
2011,Inland Empire - CA,-0.1245596375912426,-0.0015764723569155
2011,Jackson - MS,-0.0636101928204296,-0.0086150330528617
2011,Jacksonville - FL,-0.1113771760966626,-0.0043485707640648
2011,Kansas City - MO,-0.062323792338371396,-0.0054498867169023
2011,Knoxville - TN,-0.06030534809827801,-0.0065537535622716
2011,Lansing - MI,-0.0746254806537181,-0.0117654179260134
2011,Las Vegas - NV,-0.15250313697755338,-0.014615630082786
2011,Lehigh Valley - PA,-0.054280914332717804,-0.005600393101573
2011,Lexington - KY,-0.05953088585659869,-0.0032071455419063
2011,Lincoln - NE,-0.0773643493840936,-0.0072368842586875
2011,Little Rock - AR,-0.0604465757161378,-0.0106050188690424
2011,Long Island - NY,-0.11062072726339121,-0.0050827975422144
2011,Los Angeles - CA,-0.0760969645008444,-0.0021652563512325
2011,Louisville - KY,-0.058583084926009096,0.0050808430612086
2011,Madison - WI,-0.0741582848960533,-0.0116622776761651
2011,Memphis - TN,-0.1444403337910769,-0.0078192682042718
2011,Miami - FL,-0.0841863057240844,0.0073940602093935
2011,Milwaukee - WI,-0.1160134193152189,-0.0089094576463103
2011,Minneapolis - MN,-0.0573430242612957,-0.0075514300763607
2011,Nashville - TN,-0.0545301600024105,0.0009474900513886
2011,New Haven - CT,-0.0548544008880854,-0.0148180795870721
2011,New York - NY,-0.026864121168851895,-0.0061394006982446
2011,Norfolk - VA,-0.012696967892349,-0.01812206562981
2011,Northern New Jersey - NJ,-0.0836349338889122,-0.0134699924886226
2011,Oklahoma City - OK,-0.054604070576839005,0.0039284543097018
2011,Omaha - NE,-0.0776539948666467,-0.0107476434707642
2011,Orange County - CA,-0.0693450670470484,0.010047586351633
2011,Orlando - FL,-0.0925775783354181,0.0008709371984004
2011,Palm Beach - FL,-0.0550220631659032,0.0047054325193167
2011,Philadelphia - PA,-0.0090744549771772,-0.0080276600122452
2011,Phoenix - AZ,-0.12165330579876919,-0.0029199703633785
2011,Pittsburgh - PA,-0.054312472663819895,-0.0117681327313184
2011,Portland - OR,-0.031715235173702304,0.0051332169175148
2011,Providence - RI,-0.05921680942550309,-0.0147457204796373
2011,Raleigh - NC,-0.0494225886315106,0.0083657202273607
2011,Reno - NV,-0.0799557598903774,-0.0060000413134694
2011,Richmond - VA,-0.0572020993232727,-0.0112298124507069
2011,Rochester - NY,-0.0540310991592707,-0.0152801222205162
2011,Sacramento - CA,-0.0987799884998238,-0.008543017603457
2011,Saint Louis - MO,-0.0851264020558445,-0.0100443552285433
2011,Salt Lake City - UT,0.01162792885303511,0.002321434855461
2011,San Antonio - TX,-0.052951617598533396,0.0018517018258571
2011,San Diego - CA,-0.0476249677404994,0.0038515829443931
2011,San Francisco - CA,0.04637324953079241,0.0217010282874107
2011,San Jose - CA,0.013794683419168102,0.0235928610861301
2011,Seattle - WA,-0.014869941830634895,0.0075653676837682
2011,Spokane - WA,-0.04913790660351509,-0.010358720369637
2011,Springfield - MA,-0.050957751892507105,-0.0024475774765015
2011,Stockton - CA,-0.0677239126190542,-0.011448273718357
2011,Syracuse - NY,-0.053465925123542396,-0.0097596126645803
2011,Tampa - FL,-0.0654397033751012,-0.0021936859041452
2011,Toledo - OH,-0.0757576930001377,-0.0097676797807217
2011,Tucson - AZ,-0.0625984349418432,-0.0168559656515717
2011,Tulsa - OK,-0.06185461810231199,-0.0053524266034365
2011,Ventura - CA,-0.066502231605351,0.0113541238903998
2011,Washington - DC,0.0644991952329873,-0.001747926980257
2011,Wichita - KS,-0.0737250357007142,-0.0078187056854367
2011,Winston-Salem - NC,-0.0620973142459989,-0.0196742865294218
2011,Worcester - MA,-0.0593491405844689,-0.0054712652266026
2012,Akron - OH,-0.0863751652315259,-0.000710217617452
2012,Albany - NY,-0.0747109930627047,0.0003388464823365
2012,Albuquerque - NM,-0.062152466237545,-0.0108057422190904
2012,Ann Arbor - MI,-0.0736867147162555,0.0114435466378927
2012,Atlanta - GA,-0.1382219902835786,0.0199067524075508
2012,Austin - TX,-0.06928769309446209,0.0191047458350658
2012,Bakersfield - CA,-0.09581420520693079,0.0003967514634132
2012,Baltimore - MD,-0.030398253783583504,0.0073321188241243
2012,Baton Rouge - LA,-0.118747680414468,0.0057002721726894
2012,Birmingham - AL,-0.1214323411360383,0.0109491559118032
2012,Boston - MA,-0.0653447569012642,0.0080604913085699
2012,Buffalo - NY,-0.0738251446411014,0.0021609241515397
2012,Charleston - SC,-0.10619492965191618,0.0058064261823893
2012,Charlotte - NC,-0.161222547724843,0.0111192265897989
2012,Chicago - IL,-0.0274446275681258,0.0014878107607365
2012,Cincinnati - OH,-0.0804984359666704,0.0092796521633863
2012,Cleveland - OH,-0.0987354645868762,0.0022632727771997
2012,Colorado Springs - CO,-0.07217736352607601,0.01857944637537
2012,Columbia - SC,-0.1126255415976048,0.0130975587666035
2012,Columbus - OH,-0.0445325257852673,0.0007596226781606
2012,Corpus Christi - TX,-0.0785357273081318,0.0334835207462311
2012,Dallas-Fort Worth - TX,-0.0691080472562461,0.0150708692520857
2012,Dayton - OH,-0.0874931590689228,0.0004801448807119
2012,Denver - CO,-0.030680600985884595,0.027364813387394
2012,Des Moines - IA,-0.0874999628532676,0.0033026269078255
2012,Detroit - MI,-0.1435174541794694,0.0049971888214349
2012,Durham - NC,-0.1017030640169977,0.009332270026207
2012,East Bay - CA,-0.07724386683106439,0.0373669719696045
2012,El Paso - TX,-0.0795227368026972,-0.004814557135105
2012,Fargo - ND,-0.0882725943475959,0.0060710931569337
2012,Fort Lauderdale - FL,-0.1547473512720317,0.0139091486483811
2012,Fresno - CA,-0.0987215698361396,0.0025068061798811
2012,Gainesville - FL,-0.1162455239929258,0.0106209541112185
2012,Grand Rapids - MI,-0.0750680714510381,0.0084056189656258
2012,Greensboro - NC,-0.1149407778531312,0.0063609766215085
2012,Greenville - SC,-0.10756204227358089,0.0136791175603867
2012,Harrisburg - PA,-0.0696263233795762,0.0042280691117047
2012,Hartford - CT,-0.1233833131510762,-0.0011264172941445
2012,Honolulu - HI,-0.055720179366413596,0.0212651161849499
2012,Houston - TX,-0.048096053501591,0.0192758931219578
2012,Indianapolis - IN,-0.0784954367801546,0.0003874829411507
2012,Inland Empire - CA,-0.1551220812499521,0.0128964955359697
2012,Jackson - MS,-0.11674688799679259,0.0019844329357147
2012,Jacksonville - FL,-0.1433816982563583,0.0009304030239581
2012,Kansas City - MO,-0.0657910662367941,0.0062768670171499
2012,Knoxville - TN,-0.12026474551670241,0.0070375750213861
2012,Lansing - MI,-0.086396615685895,-0.001167725175619
2012,Las Vegas - NV,-0.19505387727543708,0.0080837985873222
2012,Lehigh Valley - PA,-0.0759665155448021,-0.0066477994993328
2012,Lexington - KY,-0.1138875204734504,0.0108633568882942
2012,Lincoln - NE,-0.0861838149095419,0.0026339447498321
2012,Little Rock - AR,-0.11493086671829209,-0.0086770377680659
2012,Long Island - NY,-0.1261009056717158,0.0138985520601273
2012,Los Angeles - CA,-0.12349196566641331,0.0109333997964859
2012,Louisville - KY,-0.1134442011490463,0.0081683328747749
2012,Madison - WI,-0.0872491058791056,0.000770174562931
2012,Memphis - TN,-0.1448384113274513,-0.0027943983301519
2012,Miami - FL,-0.1454233801588416,0.015759597197175
2012,Milwaukee - WI,-0.12455454791337241,0.0010025395452975
2012,Minneapolis - MN,-0.078206404544413,-7.61611014604e-05
2012,Nashville - TN,-0.068839553244412,0.0103722872585058
2012,New Haven - CT,-0.0730858309790492,0.0045204298943281
2012,New York - NY,-0.0847661620602012,0.0035046624392271
2012,Norfolk - VA,-0.051619716420769804,-0.005718089044094
2012,Northern New Jersey - NJ,-0.0996055821552872,5.60680776834e-05
2012,Oklahoma City - OK,-0.058081988560967,0.0153896274417639
2012,Omaha - NE,-0.0877909931251778,0.0019167965650557
2012,Orange County - CA,-0.1045277312179096,0.0208781851828098
2012,Orlando - FL,-0.14791167697252208,0.0125775231420994
2012,Palm Beach - FL,-0.10397178536653519,0.01257921628654
2012,Philadelphia - PA,-0.022051820381544598,-0.0012953359261155
2012,Phoenix - AZ,-0.1644771634265782,0.0087337015569209
2012,Pittsburgh - PA,-0.06366724191606049,-0.0027399429678916
2012,Portland - OR,-0.051306812524795506,0.0202219939231872
2012,Providence - RI,-0.081475556794554,0.0076022321730851
2012,Raleigh - NC,-0.05581188058853139,0.0083826134353876
2012,Reno - NV,-0.1231636893600224,0.0157242013514042
2012,Richmond - VA,-0.09514727114140979,0.0082883971184492
2012,Rochester - NY,-0.0780638879761101,-0.0005539454147219
2012,Sacramento - CA,-0.1180253932499326,0.016648050993681
2012,Saint Louis - MO,-0.09646107462607309,0.0019286374002695
2012,Salt Lake City - UT,-0.0180131639018653,0.0102605229616165
2012,San Antonio - TX,-0.0644631874412296,0.0061267713457346
2012,San Diego - CA,-0.0921471693828935,0.0184230773150921
2012,San Francisco - CA,0.00046764829754830043,0.0260491414368152
2012,San Jose - CA,-0.0228855046108364,0.0386735057830811
2012,Seattle - WA,-0.0531510342508553,0.0192034548521042
2012,Spokane - WA,-0.0989476791247724,0.0086704554408789
2012,Springfield - MA,-0.06904995764046909,0.0106983768194914
2012,Stockton - CA,-0.10106022885441769,0.0118341619521378
2012,Syracuse - NY,-0.0728625300936401,0.0016364926844835
2012,Tampa - FL,-0.1138294073417783,0.0089125471562147
2012,Toledo - OH,-0.0889489114880561,0.0025123959779739
2012,Tucson - AZ,-0.0912122220862656,0.0070467019826174
2012,Tulsa - OK,-0.0672368467450141,0.0099658916145563
2012,Ventura - CA,-0.10604018854349839,0.0218045382201672
2012,Washington - DC,0.0289993207305669,-0.0021706701815127
2012,Wichita - KS,-0.078469986382639,0.0055883514136076
2012,Winston-Salem - NC,-0.1150893033146858,0.0131249526888132
2012,Worcester - MA,-0.07328682622313501,0.0064374847710133
2013,Akron - OH,-0.0898760965764522,0.0107520882189274
2013,Albany - NY,-0.0911045124493537,-0.0074254769682884
2013,Albuquerque - NM,-0.07868218130618329,0.0026855532228946
2013,Ann Arbor - MI,-0.0418363817706703,0.014766025185585
2013,Atlanta - GA,-0.1178467770777643,0.0184442874193192
2013,Austin - TX,-0.07813474663719519,0.0092495761960745
2013,Bakersfield - CA,-0.1095389266237618,-0.0049704007655382
2013,Baltimore - MD,-0.0374349559396504,-0.0015571407824754
2013,Baton Rouge - LA,-0.12226431758329259,0.0033920098245143
2013,Birmingham - AL,-0.125837346419692,-0.0088570669144392
2013,Boston - MA,-0.0724106560200452,0.0069659732431173
2013,Buffalo - NY,-0.0856086359098554,-0.0088562799468636
2013,Charleston - SC,-0.1062096700742842,0.0200330790281295
2013,Charlotte - NC,-0.1510877254158259,0.0062755447030066
2013,Chicago - IL,-0.0561848262995482,0.0046510368734597
2013,Cincinnati - OH,-0.0720765189006924,-0.0004510247930884
2013,Cleveland - OH,-0.0908652387997134,-0.0043573642000555
2013,Colorado Springs - CO,-0.0706173473708331,0.0186691198647021
2013,Columbia - SC,-0.1072398553341628,0.0031205032169819
2013,Columbus - OH,-0.04504492587596169,-0.0012765686810017
2013,Corpus Christi - TX,-0.07754902215395129,0.0137107789665461
2013,Dallas-Fort Worth - TX,-0.05874500807560979,0.0131088912636041
2013,Dayton - OH,-0.08780081813613629,-0.0016144832447171
2013,Denver - CO,-0.019692791506648103,0.0256496619582176
2013,Des Moines - IA,-0.0889539002645759,-0.0126479332651943
2013,Detroit - MI,-0.11048938607284789,-0.00148040445894
2013,Durham - NC,-0.0900901824906468,0.0088541422188282
2013,East Bay - CA,-0.0757985076606275,0.0351135756969452
2013,El Paso - TX,-0.10046915511786919,-0.0099536205492913
2013,Fargo - ND,-0.09281960024684639,-0.00521022657305
2013,Fort Lauderdale - FL,-0.12396170559525502,0.0194508273303508
2013,Fresno - CA,-0.1242895041331647,-0.0018565237373114
2013,Gainesville - FL,-0.1141978859640657,-0.0047434458360076
2013,Grand Rapids - MI,-0.0731074226759373,0.0116786498725414
2013,Greensboro - NC,-0.119902714036405,0.0014907706677914
2013,Greenville - SC,-0.0993033339008689,0.0244618829488754
2013,Harrisburg - PA,-0.0819561508223413,-0.0006485741436481
2013,Hartford - CT,-0.1119179279748348,0.0063675407469272
2013,Honolulu - HI,-0.0809985310160555,0.0272271286845207
2013,Houston - TX,-0.0504377983715384,0.0107571378499269
2013,Indianapolis - IN,-0.07452344509959209,-0.0060610400363802
2013,Inland Empire - CA,-0.14582924905419328,0.0148210067451
2013,Jackson - MS,-0.12136381759494519,0.011191387489438
2013,Jacksonville - FL,-0.13069279084168361,0.0091073017716407
2013,Kansas City - MO,-0.0729315968900919,0.001639147117734
2013,Knoxville - TN,-0.1258390970733015,-0.009411112576723
2013,Lansing - MI,-0.0889505726490168,-0.004264225423336
2013,Las Vegas - NV,-0.20671085675433268,0.0100529965162277
2013,Lehigh Valley - PA,-0.0847363512702287,0.0037373274713754
2013,Lexington - KY,-0.11252914869412771,-0.0116325306557118
2013,Lincoln - NE,-0.08535296938219099,0.0010518904924393
2013,Little Rock - AR,-0.12530759523808938,-0.0065649572610855
2013,Long Island - NY,-0.1313282343298196,0.0083665277957916
2013,Los Angeles - CA,-0.13878657843172548,0.0138344194889068
2013,Louisville - KY,-0.1039212912991643,-0.0040968062207103
2013,Madison - WI,-0.0940902051487937,-0.0038915436565876
2013,Memphis - TN,-0.13486008101329192,-0.0031329516172409
2013,Miami - FL,-0.1321446028277278,0.0081907630115747
2013,Milwaukee - WI,-0.119062463633716,-0.0009972147494555
2013,Minneapolis - MN,-0.0816212062463163,-0.0033571312054992
2013,Nashville - TN,-0.0678090498521926,0.0080055210888386
2013,New Haven - CT,-0.0887568168081342,-0.0141743165990337
2013,New York - NY,-0.14156583684682839,0.0098270911872387
2013,Norfolk - VA,-0.0722911761812865,-0.0127655655927956
2013,Northern New Jersey - NJ,-0.1082321841940282,-0.0076575765237212
2013,Oklahoma City - OK,-0.061472160506062204,0.0020080235004425
2013,Omaha - NE,-0.0933327903011813,-0.0051222780570388
2013,Orange County - CA,-0.1026285348315723,0.024596004575491
2013,Orlando - FL,-0.12498552979098151,0.0126896713078022
2013,Palm Beach - FL,-0.0890252998769283,0.0240889813899993
2013,Philadelphia - PA,-0.035449593557976194,-0.0027358841001987
2013,Phoenix - AZ,-0.1591756575480105,0.012363136574626
2013,Pittsburgh - PA,-0.069797336935997,-0.0109314421974122
2013,Portland - OR,-0.06816458690166471,0.021704810500145
2013,Providence - RI,-0.0973975517526267,-0.0020104490071535
2013,Raleigh - NC,-0.0472020747810602,0.0053432088494301
2013,Reno - NV,-0.1366687890812753,0.0125563394427299
2013,Richmond - VA,-0.1017865230068563,-0.0004534220173955
2013,Rochester - NY,-0.09600854559987779,-0.0147724832026287
2013,Sacramento - CA,-0.12118875555181871,0.0197703380286694
2013,Saint Louis - MO,-0.0964757703449576,-0.008515682708472
2013,Salt Lake City - UT,-0.07760090462118378,0.001583779990673
2013,San Antonio - TX,-0.059522887572646,0.0037126660495995
2013,San Diego - CA,-0.08368637332471561,0.0182127531766891
2013,San Francisco - CA,-0.016934383541345594,0.0289098870158195
2013,San Jose - CA,-0.047921077229082495,0.0372431155443192
2013,Seattle - WA,-0.08406254264712329,0.0129264116436242
2013,Spokane - WA,-0.133062824487686,0.002544614315033
2013,Springfield - MA,-0.0740177788510919,0.0046715427339076
2013,Stockton - CA,-0.1136855221092698,0.0145546708405017
2013,Syracuse - NY,-0.08507229515537619,-0.0036749375835061
2013,Tampa - FL,-0.1089411516413092,0.008007312953472
2013,Toledo - OH,-0.091748975098133,-0.0090263557471334
2013,Tucson - AZ,-0.1100031250361351,-0.0081754673123359
2013,Tulsa - OK,-0.0690249445587396,0.00141673797369
2013,Ventura - CA,-0.0975535128936171,0.0305516187250614
2013,Washington - DC,0.0125908051878214,-0.0064832784086465
2013,Wichita - KS,-0.08330004728934721,-0.0122153572123497
2013,Winston-Salem - NC,-0.1305629535317421,0.0008487299233675
2013,Worcester - MA,-0.08054880227148531,0.014029121786356
2014,Akron - OH,-0.06661763872951251,0.0298050010353327
2014,Albany - NY,-0.0605561993271111,0.0250994676500559
2014,Albuquerque - NM,-0.06736235778778779,0.0159170815497637
2014,Ann Arbor - MI,-0.004551917240023601,0.0244468824714421
2014,Atlanta - GA,-0.0424205599538982,0.0587119964659214
2014,Austin - TX,-0.0259730582311749,0.0454038327336311
2014,Bakersfield - CA,-0.07891303759068272,0.0148521719276904
2014,Baltimore - MD,-0.0018660602346062,0.0198618436008692
2014,Baton Rouge - LA,-0.061391230132430696,0.0228862987607718
2014,Birmingham - AL,-0.0629319575801492,0.0229773951470852
2014,Boston - MA,-0.043431390002369896,0.0471881909072399
2014,Buffalo - NY,-0.053070248030126305,0.0221304354965687
2014,Charleston - SC,-0.0392550983652473,0.0392738824486732
2014,Charlotte - NC,-0.0876579563319684,0.0418830198943615
2014,Chicago - IL,-0.037700040191411995,0.0392478724718094
2014,Cincinnati - OH,-0.039119128994643704,0.0302634520232676
2014,Cleveland - OH,-0.059858165024779704,0.0295795781314373
2014,Colorado Springs - CO,-0.017671108171343805,0.0538304282128811
2014,Columbia - SC,-0.0379180553555489,0.0358053205311298
2014,Columbus - OH,-0.0262545597925782,0.033102275967598
2014,Corpus Christi - TX,-0.017070429907180405,0.0252573286890984
2014,Dallas-Fort Worth - TX,-0.024207363063469593,0.0561688450872898
2014,Dayton - OH,-0.06262789821455951,0.0273248592168093
2014,Denver - CO,0.029224244952201904,0.0518093352913857
2014,Des Moines - IA,-0.06227733210660501,0.0203915556669234
2014,Detroit - MI,-0.06692651931196449,0.0393649993240833
2014,Durham - NC,-0.029810196645557806,0.0386396555006504
2014,East Bay - CA,-0.010170034989714798,0.0742037540078163
2014,El Paso - TX,-0.08147741381078928,-0.0064418523795902
2014,Fargo - ND,-0.0633035804331301,0.0124942112490535
2014,Fort Lauderdale - FL,-0.03342303998768349,0.0540948791205883
2014,Fresno - CA,-0.0936418333277105,0.0396363382935524
2014,Gainesville - FL,-0.0508372284658252,0.0418556054830551
2014,Grand Rapids - MI,-0.0382234411500393,0.0541282167434691
2014,Greensboro - NC,-0.0619008875638247,0.0278230273872614
2014,Greenville - SC,-0.029408587999641897,0.0336273444592953
2014,Harrisburg - PA,-0.04519441902637479,0.0231612810641527
2014,Hartford - CT,-0.0825798936840144,0.022839708417654
2014,Honolulu - HI,-0.020890984609723096,0.0143816780075431
2014,Houston - TX,-0.0196921561565249,0.0296529812514781
2014,Indianapolis - IN,-0.0557104981690644,0.0262620376199484
2014,Inland Empire - CA,-0.06783328197896471,0.058898741543293
2014,Jackson - MS,-0.0669322041049599,0.0339684171378613
2014,Jacksonville - FL,-0.0682695653941482,0.0400683341324329
2014,Kansas City - MO,-0.045775391086936006,0.0305208174288273
2014,Knoxville - TN,-0.0653976105805485,0.0293949043154716
2014,Lansing - MI,-0.0672128034476188,0.0332985205352306
2014,Las Vegas - NV,-0.1467931963689625,0.0547709708809853
2014,Lehigh Valley - PA,-0.05936401516199111,0.0303364118337631
2014,Lexington - KY,-0.0505375279299914,0.0459020009040833
2014,Lincoln - NE,-0.061464686949038894,0.026543818578124
2014,Little Rock - AR,-0.07862998630851491,0.0178390091061592
2014,Long Island - NY,-0.08374714657664291,0.0472806414365768
2014,Los Angeles - CA,-0.10220366988331081,0.0506138598322868
2014,Louisville - KY,-0.0448530296981335,0.0258614720553159
2014,Madison - WI,-0.06591121344361449,0.0240834170728922
2014,Memphis - TN,-0.0946074076183138,0.0271602963805199
2014,Miami - FL,-0.03725742820650341,0.0306529124975203
2014,Milwaukee - WI,-0.09186770666390659,0.0206751843690871
2014,Minneapolis - MN,-0.0581409185379743,0.0301453267931938
2014,Nashville - TN,-0.029822816997766705,0.0465650280714035
2014,New Haven - CT,-0.053712549079209505,0.0166698267459869
2014,New York - NY,-0.08771895609796039,0.0287552384436131
2014,Norfolk - VA,-0.0532871432788668,0.0186311660110949
2014,Northern New Jersey - NJ,-0.0617658597603439,0.0383297523260117
2014,Oklahoma City - OK,-0.038332320558838597,0.0101078629270195
2014,Omaha - NE,-0.0671398672694341,0.0334863757491112
2014,Orange County - CA,-0.040947054962162,0.05160019749403
2014,Orlando - FL,-0.0548241983907063,0.0547907223701477
2014,Palm Beach - FL,-0.007659679204225601,0.0518896450996399
2014,Philadelphia - PA,-0.021066433093510598,0.0294668117314577
2014,Phoenix - AZ,-0.0773667236045005,0.0521927421689034
2014,Pittsburgh - PA,-0.043803015649318607,0.0194212814569472
2014,Portland - OR,-0.02759899191558371,0.0756550078988075
2014,Providence - RI,-0.0575961772538721,0.0471060892343521
2014,Raleigh - NC,-0.004243470653891598,0.0515740943849086
2014,Reno - NV,-0.0855045166518538,0.0510238950848579
2014,Richmond - VA,-0.0654873362928628,0.0342904573082924
2014,Rochester - NY,-0.0660059726051986,0.028645211994648
2014,Sacramento - CA,-0.06809998732758679,0.0834035297632217
2014,Saint Louis - MO,-0.060422914493829,0.0334647727906704
2014,Salt Lake City - UT,-0.06666666541248559,0.0361790379285812
2014,San Antonio - TX,-0.029027262628078403,0.0356561822593212
2014,San Diego - CA,-0.030949308244162303,0.0602234398722648
2014,San Francisco - CA,0.0141864997148512,0.058913232922554
2014,San Jose - CA,0.0193147194385529,0.0624090751409531
2014,Seattle - WA,-0.053062733188271594,0.062517726957798
2014,Spokane - WA,-0.0949516761302947,0.0321669859588146
2014,Springfield - MA,-0.0337384863942862,0.0219796282947063
2014,Stockton - CA,-0.07356744345277541,0.0833696296215057
2014,Syracuse - NY,-0.052266227006912296,0.026992932125926
2014,Tampa - FL,-0.04965326089411969,0.0578158890604973
2014,Toledo - OH,-0.06355865105986601,0.0379826633036136
2014,Tucson - AZ,-0.0681610488519071,0.0309889262318611
2014,Tulsa - OK,-0.0409603863209486,0.0268364066034554
2014,Ventura - CA,-0.029823085218667892,0.0646218156218529
2014,Washington - DC,0.0264291372895241,0.0360211750268936
2014,Wichita - KS,-0.0568061533977742,0.0240685419887304
2014,Winston-Salem - NC,-0.061256978586316096,0.0265408308953047
2014,Worcester - MA,-0.043794302195310594,0.0420976003408432
2015,Akron - OH,-0.03777620885521149,-0.000229629419744
2015,Albany - NY,-0.041865574568509895,0.0157163890898228
2015,Albuquerque - NM,-0.0418153753504157,0.0151172394752502
2015,Ann Arbor - MI,0.0302775386720896,0.027877990424633
2015,Atlanta - GA,0.005773371178656797,0.0263012538552284
2015,Austin - TX,0.0226959163323045,0.0032285231053828
2015,Bakersfield - CA,-0.027257516421377796,0.0109086542278528
2015,Baltimore - MD,-0.0018744900822638994,-0.0042345688790082
2015,Baton Rouge - LA,-0.034850640129298,0.0382719303369522
2015,Birmingham - AL,-0.0438503412529826,0.0069969094246626
2015,Boston - MA,0.0002619564533232,0.0032294637411832
2015,Buffalo - NY,-0.0356393758207561,0.0008262044638395
2015,Charleston - SC,0.007965107075869901,0.0119793231487274
2015,Charlotte - NC,-0.021563666313886905,0.0133206176459789
2015,Chicago - IL,-0.014242301136255398,0.0027683510333299
2015,Cincinnati - OH,-0.0261148516088724,0.0113887882679701
2015,Cleveland - OH,-0.049256560183130106,0.0044660533666611
2015,Colorado Springs - CO,0.030417773500084698,0.0482459555268288
2015,Columbia - SC,-0.007688412815332401,0.0179286136180162
2015,Columbus - OH,-0.0286939986050129,0.020236239105463
2015,Corpus Christi - TX,0.026229820190928902,-0.0233164222091436
2015,Dallas-Fort Worth - TX,0.007162311440333602,0.0183115455210209
2015,Dayton - OH,-0.0477267775146174,0.0144582859128714
2015,Denver - CO,0.0934652440249919,0.0053209758251905
2015,Des Moines - IA,-0.0573714621365069,0.0037560484260321
2015,Detroit - MI,-0.04914975389838211,0.0241040664613247
2015,Durham - NC,0.007516045682132299,0.0218822847008705
2015,East Bay - CA,0.090022738650441,0.0060289411693811
2015,El Paso - TX,-0.06126317093148789,-0.0050685952529311
2015,Fargo - ND,-0.046766517125069997,-0.0045943620726466
2015,Fort Lauderdale - FL,0.0269549820572135,0.0043480790108442
2015,Fresno - CA,-0.0485105508938431,0.0421168881356716
2015,Gainesville - FL,-0.028345161955803496,0.034089371830225
2015,Grand Rapids - MI,-0.010938202869146998,0.0191309491991997
2015,Greensboro - NC,-0.0367456920444965,0.0235586169064045
2015,Greenville - SC,0.019628123007714698,0.0012749790102243
2015,Harrisburg - PA,-0.024032639712095197,0.0200547131597996
2015,Hartford - CT,-0.046060534333809994,0.0077394901663065
2015,Honolulu - HI,0.0560887861996889,-0.0032847902849316
2015,Houston - TX,0.0056604331824928016,-0.0290095933824778
2015,Indianapolis - IN,-0.053201322816312104,0.0150997231602669
2015,Inland Empire - CA,-0.011970114335417704,0.0454523864090443
2015,Jackson - MS,-0.028243341855704797,0.0013823884427547
2015,Jacksonville - FL,-0.0269563311245294,0.0224709587991238
2015,Kansas City - MO,-0.030537609383463806,0.0166333841979504
2015,Knoxville - TN,-0.045398960029706205,0.0210580642223358
2015,Lansing - MI,-0.0555615077260879,0.0190305526256561
2015,Las Vegas - NV,-0.061341694463044404,0.0405493269562721
2015,Lehigh Valley - PA,-0.0320193473249674,0.0152354783266783
2015,Lexington - KY,-0.0360364405438302,0.0123103859722614
2015,Lincoln - NE,-0.0412306744197849,0.0122470877021551
2015,Little Rock - AR,-0.05833535585552441,0.0067045672684908
2015,Long Island - NY,-0.0191986583173274,0.0133560526072979
2015,Los Angeles - CA,-0.0224703693762422,0.0238984714150429
2015,Louisville - KY,-0.021121980063617297,0.0156055691540241
2015,Madison - WI,-0.053658354119397705,0.0063241201341151
2015,Memphis - TN,-0.0625243176706133,0.0168500154167414
2015,Miami - FL,0.005299522168934298,0.0033418836891651
2015,Milwaukee - WI,-0.0649427933618427,0.0025821023508906
2015,Minneapolis - MN,-0.0376836391165852,0.0176202638894319
2015,Nashville - TN,-7.490292191520212e-05,0.0079247097373009
2015,New Haven - CT,-0.0436186383245511,0.0083402435183525
2015,New York - NY,0.0029678415507077994,0.0042127895057201
2015,Norfolk - VA,-0.0768843944184479,0.0077327771931886
2015,Northern New Jersey - NJ,-0.0410975314676761,0.0114478471577168
2015,Oklahoma City - OK,-0.012273622932843897,-0.0168774819113314
2015,Omaha - NE,-0.051459464267827694,0.0063832330405711
2015,Orange County - CA,0.031674450298305595,0.0269690307676792
2015,Orlando - FL,-0.005120902563794501,0.0211500453650951
2015,Palm Beach - FL,0.037555001303553395,0.0130900668799877
2015,Philadelphia - PA,-0.0258633172139525,0.0077286346703767
2015,Phoenix - AZ,-0.0005064433440567975,0.0276032837927341
2015,Pittsburgh - PA,-0.04424932310357681,0.0028323217183352
2015,Portland - OR,0.0344502661377191,0.0127686451077461
2015,Providence - RI,-0.034777262154966494,0.0157018176168203
2015,Raleigh - NC,0.0316361669450998,0.0128196797221899
2015,Reno - NV,-0.011568520357832303,0.0568749050498009
2015,Richmond - VA,-0.058830376155674394,0.0131535570025444
2015,Rochester - NY,-0.0566940435906871,0.0124253372550011
2015,Sacramento - CA,-0.0073231208021752,0.0627081806659698
2015,Saint Louis - MO,-0.053507300466299,0.0069577528983354
2015,Salt Lake City - UT,-0.031114443577826206,0.0245532135367393
2015,San Antonio - TX,-0.008728294074535502,0.0024845779761672
2015,San Diego - CA,0.006404296340770003,0.0271164665818214
2015,San Francisco - CA,0.10545668900012942,-0.0115931742703542
2015,San Jose - CA,0.1357247695326806,-0.0176093286946415
2015,Seattle - WA,0.0394351348280905,0.0307338687479496
2015,Spokane - WA,-0.026412813365459305,0.0204183424711227
2015,Springfield - MA,-0.005176077038049799,0.0164372700154781
2015,Stockton - CA,-0.008171503804624199,0.0526891018152236
2015,Syracuse - NY,-0.0324393728747965,0.0142351428866386
2015,Tampa - FL,-0.017301625944674097,0.021015204757452
2015,Toledo - OH,-0.05557270990684619,0.0046131743937731
2015,Tucson - AZ,-0.0498103940859435,0.0337883981764317
2015,Tulsa - OK,-0.023240954056382202,-0.023395503602922
2015,Ventura - CA,0.0483433432877064,0.022877637565136
2015,Washington - DC,0.007859635725617601,0.0005604068636894
2015,Wichita - KS,-0.052719283843180004,-0.0046246691718697
2015,Winston-Salem - NC,-0.0342768620699644,0.0289503226876259
2015,Worcester - MA,-0.003559913858771302,0.0150242078006268
2016,Akron - OH,0.006050412505865303,-0.0034675172567368
2016,Albany - NY,-0.0180877251923083,-0.0108383896797895
2016,Albuquerque - NM,-0.016810115464031702,0.003874860420823
2016,Ann Arbor - MI,0.0644616810232399,0.0338513978719711
2016,Atlanta - GA,0.08525080882012841,0.009197849497199
2016,Austin - TX,0.0719637637585401,-0.0096946026235819
2016,Bakersfield - CA,-0.004362097978592201,0.0126351506412028
2016,Baltimore - MD,0.0026698140054941984,-0.0047420862168074
2016,Baton Rouge - LA,-0.0042249276675284005,-0.0328200639262795
2016,Birmingham - AL,-0.010658497028052803,-0.0011895711570978
2016,Boston - MA,0.0426151109486818,0.0040078383833169
2016,Buffalo - NY,-0.014212957620620699,0.0017513052523135
2016,Charleston - SC,0.0524768409878014,-0.0093652189746499
2016,Charlotte - NC,0.0522978780418632,-0.0017283561676741
2016,Chicago - IL,0.024762169420719002,-0.007089451238513
2016,Cincinnati - OH,0.0136491739749907,0.0021550838798285
2016,Cleveland - OH,-0.0027105734124779,-0.0082779324650764
2016,Colorado Springs - CO,0.0876551838219163,0.0202860848009585
2016,Columbia - SC,0.0346762146428227,-0.0092305739447474
2016,Columbus - OH,0.010814843662083101,0.0107863598465919
2016,Corpus Christi - TX,0.0664746462926269,-0.0104712809473276
2016,Dallas-Fort Worth - TX,0.0760511578619478,0.0005349569916724
2016,Dayton - OH,-0.004452426023781299,0.0006172225773334
2016,Denver - CO,0.1176693075895309,0.0048286241441964
2016,Des Moines - IA,-0.0172028493043036,-0.0283019312694668
2016,Detroit - MI,0.016253304630517898,0.00665104919672
2016,Durham - NC,0.0537482415884733,-0.004378367498517
2016,East Bay - CA,0.1630037994682788,0.0064443011730908
2016,El Paso - TX,-0.055694187097251,-0.0033980722576379
2016,Fargo - ND,-0.0201577907800674,-0.0220766249615699
2016,Fort Lauderdale - FL,0.077687739357352,0.0077292264401912
2016,Fresno - CA,0.0005817953124642936,0.0244436577856541
2016,Gainesville - FL,0.0229746531322599,0.0223520264923573
2016,Grand Rapids - MI,0.0570330461114644,0.0131796427965163
2016,Greensboro - NC,0.001606220342218901,0.0021699887663125
2016,Greenville - SC,0.0596282230317592,-0.0143338621631264
2016,Harrisburg - PA,-0.00039308894425639854,-0.0020198992490768
2016,Hartford - CT,-0.0062534772232174,-0.0029407854229212
2016,Honolulu - HI,0.0490670483186842,0.0076920275539159
2016,Houston - TX,0.0490662492439149,0.0125936881601809
2016,Indianapolis - IN,-0.0051752217486499,0.0098164097368716
2016,Inland Empire - CA,0.0688636106997728,0.0271324046850203
2016,Jackson - MS,0.015254415534436704,-0.0138759234026074
2016,Jacksonville - FL,0.027224461510777197,0.0193932631015778
2016,Kansas City - MO,0.0114740328490734,-0.0043906888961792
2016,Knoxville - TN,-0.007821104293689103,0.0143639647364615
2016,Lansing - MI,-0.0071428660675880995,-0.0005756842941046
2016,Las Vegas - NV,0.030799862425774406,0.0289196238815783
2016,Lehigh Valley - PA,8.066274225710171e-05,0.0134050712883472
2016,Lexington - KY,0.018326062206179102,-0.0101319237649441
2016,Lincoln - NE,0.0015665860474109033,-0.000894395917654
2016,Little Rock - AR,-0.0325796362385153,-0.0092401116192341
2016,Long Island - NY,0.0409014299139381,0.0098694746345282
2016,Los Angeles - CA,0.0536206978932022,0.010617771834135
2016,Louisville - KY,0.0115606980025766,-0.0031738004684448
2016,Madison - WI,-0.014524787701666406,-0.0127277675122022
2016,Memphis - TN,-0.014542012512683701,0.0029400751888751
2016,Miami - FL,0.0393097912520168,0.0005795021504163
2016,Milwaukee - WI,-0.013666742518544397,-0.0125742753073573
2016,Minneapolis - MN,-0.004836186803877301,0.0121598669290543
2016,Nashville - TN,0.043126289695501197,-0.0135853461027145
2016,New Haven - CT,-0.025490227076224902,-0.0012954085171223
2016,New York - NY,0.015002856925129902,-0.0096763161048293
2016,Norfolk - VA,-0.04605036232620469,-0.0020364041477442
2016,Northern New Jersey - NJ,-0.002673945426940799,0.0038398799449205
2016,Oklahoma City - OK,0.0127460099384187,-0.0082727701440454
2016,Omaha - NE,-0.0033852002024651953,-0.0040032419413328
2016,Orange County - CA,0.0993148339539766,0.0073988155424594
2016,Orlando - FL,0.0655080796778202,0.0314281449615955
2016,Palm Beach - FL,0.0795129993557929,-0.0071987307667732
2016,Philadelphia - PA,-0.005745705254375896,0.0001371183395385
2016,Phoenix - AZ,0.051290109716355795,0.0195795238912105
2016,Pittsburgh - PA,-0.027115616519004,-0.0100931136906147
2016,Portland - OR,0.1079384693503379,-0.0023238885253668
2016,Providence - RI,0.012085384186357302,0.013501515328884
2016,Raleigh - NC,0.0698891682177781,-0.0031101240813732
2016,Reno - NV,0.054519216492772,0.0424730756282805
2016,Richmond - VA,0.004111922308802699,0.0217469238638878
2016,Rochester - NY,-0.028216900690458506,0.0094264985024929
2016,Sacramento - CA,0.0913567319139838,0.0423351579308509
2016,Saint Louis - MO,-0.007498430591076598,-0.0091682600826025
2016,Salt Lake City - UT,0.0332263335213063,0.0061276179701089
2016,San Antonio - TX,0.0324006704241035,-0.0111908105239272
2016,San Diego - CA,0.08273018054664119,0.0149581783413887
2016,San Francisco - CA,0.1367692807316777,-0.0063709870949388
2016,San Jose - CA,0.16870300561189658,0.0115518958270549
2016,Seattle - WA,0.0918465731292961,0.0052059979140758
2016,Spokane - WA,0.01212487552315,0.0192603484690189
2016,Springfield - MA,0.0152805959433316,-0.0003158061802387
2016,Stockton - CA,0.07742653224617219,0.0288436912894249
2016,Syracuse - NY,-0.005685394667089002,-0.0087637345343828
2016,Tampa - FL,0.052214279733598094,0.0151132584512234
2016,Toledo - OH,-0.0042615295760334085,0.0071171277165412
2016,Tucson - AZ,-0.007890546731650704,0.023813834130764
2016,Tulsa - OK,0.0133714181929825,-0.0185827625021338
2016,Ventura - CA,0.114739484116435,0.0193426699340342
2016,Washington - DC,0.0100580295175316,-0.0081728150174022
2016,Wichita - KS,-0.012553783869370703,-0.0093267609402537
2016,Winston-Salem - NC,-4.514869302510091e-05,0.0062891838103532
2016,Worcester - MA,0.0359924370050431,-0.0009511991441249
2017,Akron - OH,0.027827013857662904,0.0013235455602407
2017,Albany - NY,0.020343613453209498,-0.0026423109471798
2017,Albuquerque - NM,0.0146342465803027,0.010721314907074
2017,Ann Arbor - MI,0.1048770170807836,0.0012697709947823
2017,Atlanta - GA,0.1291179299503564,0.0273398349285126
2017,Austin - TX,0.0848833505213259,0.0171215201020241
2017,Bakersfield - CA,0.0223466359227893,0.0174438806474208
2017,Baltimore - MD,0.0133808046728374,0.0047560503929852
2017,Baton Rouge - LA,0.0607770873382687,-0.0279486228488385
2017,Birmingham - AL,0.0230595009550452,0.0331837760508059
2017,Boston - MA,0.061188906073570096,0.0115433784425258
2017,Buffalo - NY,0.0080122878924012,-0.0006563531011343
2017,Charleston - SC,0.07756614090502251,-0.0010126510411501
2017,Charlotte - NC,0.0817587576955554,0.0213357100486755
2017,Chicago - IL,0.044737442970275695,0.0040697401612996
2017,Cincinnati - OH,0.0470729736760257,0.0117111617922782
2017,Cleveland - OH,0.023679839089512905,0.0071995279043912
2017,Colorado Springs - CO,0.1452232409417627,0.020774629175663
2017,Columbia - SC,0.0692795604616403,0.0066856893002987
2017,Columbus - OH,0.050441648453474,0.0022625031173229
2017,Corpus Christi - TX,0.063025973379612,-0.0053598804175854
2017,Dallas-Fort Worth - TX,0.10770046116411672,0.0035793932378292
2017,Dayton - OH,0.032636626265943,0.0083337465524672
2017,Denver - CO,0.1283098697811364,0.0126117879748344
2017,Des Moines - IA,0.0062086003515869,-0.0110604816824198
2017,Detroit - MI,0.06452519876509899,0.0088550077974796
2017,Durham - NC,0.0887095570713281,0.0341924840807915
2017,East Bay - CA,0.17310383693873868,0.0035774095207453
2017,El Paso - TX,-0.0376073097661134,0.0033483768105506
2017,Fargo - ND,-0.0012365601807832992,-0.0068771315515041
2017,Fort Lauderdale - FL,0.0962368674725291,0.0056239256858825
2017,Fresno - CA,0.06861644668132069,0.0284155423045157
2017,Gainesville - FL,0.07963022833317521,0.0167529808580874
2017,Grand Rapids - MI,0.090935766339302,0.0112134518325328
2017,Greensboro - NC,0.0482420498654246,0.0250286089479922
2017,Greenville - SC,0.0785855554193257,0.0167743901014328
2017,Harrisburg - PA,0.0372877434045076,0.0168491902053356
2017,Hartford - CT,0.024925500728189998,0.006434114858508
2017,Honolulu - HI,0.0654222775399686,-0.001443665266037
2017,Houston - TX,0.036938290685415,-0.0123644264191389
2017,Indianapolis - IN,0.027989679589867797,0.0091350229680537
2017,Inland Empire - CA,0.13049215787649152,0.021218352228403
2017,Jackson - MS,0.039911592952907,0.0063799491375685
2017,Jacksonville - FL,0.0682284269630907,0.0171816947162151
2017,Kansas City - MO,0.0496203290447593,0.000400558322668
2017,Knoxville - TN,0.0415256774201989,-0.0056266931593418
2017,Lansing - MI,0.035131704635918304,0.0065204913020134
2017,Las Vegas - NV,0.0988414628580213,0.045440633058548
2017,Lehigh Valley - PA,0.037061025030911,0.0086950550079345
2017,Lexington - KY,0.054236067567020804,0.006022494494915
2017,Lincoln - NE,0.035239857263863,0.0014831593483685
2017,Little Rock - AR,-0.0013034375235438005,-0.0004516074210405
2017,Long Island - NY,0.0778189763575792,0.0131836163103579
2017,Los Angeles - CA,0.09711489418148989,0.0082121754288672
2017,Louisville - KY,0.0506194109246132,0.0060476904958487
2017,Madison - WI,0.015623890437185598,-0.0013328099399805
2017,Memphis - TN,0.030263693645596702,0.0363337585926056
2017,Miami - FL,0.0653392166048286,-0.0002852061539888
2017,Milwaukee - WI,0.014353153869509402,0.0030115341991186
2017,Minneapolis - MN,0.0367808682993054,0.0043866338431835
2017,Nashville - TN,0.0738150362074374,0.0097659865617752
2017,New Haven - CT,0.0005381039725616994,0.0016765764206648
2017,New York - NY,0.0401603808775544,-0.0001796351522207
2017,Norfolk - VA,-0.0102417770624161,0.0083666408658027
2017,Northern New Jersey - NJ,0.028706098549068096,-0.0051756554991006
2017,Oklahoma City - OK,0.0145564862675963,0.0082732664644718
2017,Omaha - NE,0.025916483826935004,0.004792580589652
2017,Orange County - CA,0.134091004371643,0.0074887091517448
2017,Orlando - FL,0.1020788993835448,0.0158647859692574
2017,Palm Beach - FL,0.1063533421754836,0.0154209176301955
2017,Philadelphia - PA,0.025136566363275,0.0104103947281836
2017,Phoenix - AZ,0.09797289372980589,0.0440368393659591
2017,Pittsburgh - PA,-0.003185914721339801,0.0125386418998241
2017,Portland - OR,0.1354836743474006,0.0049664641022682
2017,Providence - RI,0.05365396953746669,0.0110609198212624
2017,Raleigh - NC,0.0864853166192769,0.0177835973203182
2017,Reno - NV,0.13017929961532348,0.0450713226795196
2017,Richmond - VA,0.0440491769611836,0.0128548706173897
2017,Rochester - NY,0.0104639984117823,0.0022510869652032
2017,Sacramento - CA,0.1739870818480849,0.0270886572301388
2017,Saint Louis - MO,0.023791125152260003,-0.0002663338333367
2017,Salt Lake City - UT,0.074897989273071,0.0093093330264091
2017,San Antonio - TX,0.049831899456679596,0.006885986983776
2017,San Diego - CA,0.1278273198902605,0.0131468365192412
2017,San Francisco - CA,0.12398011539224521,0.0113054963052273
2017,San Jose - CA,0.144309228859842,0.0162130708098411
2017,Seattle - WA,0.1329468298852442,0.0082188511490821
2017,Spokane - WA,0.0534416778162122,0.006619764700532
2017,Springfield - MA,0.0513392403870819,0.0237387122809887
2017,Stockton - CA,0.1509992905110118,0.0156643318235873
2017,Syracuse - NY,0.029430017448961697,-0.0001785641312599
2017,Tampa - FL,0.09355726802349079,0.0187542142570018
2017,Toledo - OH,0.026314198147505498,0.008222144305706
2017,Tucson - AZ,0.0467925934270026,0.0374983923733234
2017,Tulsa - OK,0.0094711059853432,0.0048348011672497
2017,Ventura - CA,0.15120973402261728,0.0145844446718692
2017,Washington - DC,0.026179706320166803,0.0067635311037302
2017,Wichita - KS,0.004998161332681899,-0.0034887769967318
2017,Winston-Salem - NC,0.0497905496656895,0.0269851239621638
2017,Worcester - MA,0.0721171494722367,0.016521778166294
2018,Akron - OH,0.0361497249603273,0.0136183604300022
2018,Albany - NY,0.022890836574137298,0.0143421470820904
2018,Albuquerque - NM,0.026788992449641096,0.0397628798782825
2018,Ann Arbor - MI,0.1123858425915239,0.0285245023369789
2018,Atlanta - GA,0.1325621396452188,0.0240361571013927
2018,Austin - TX,0.0672920752465723,0.0290688045024872
2018,Bakersfield - CA,0.033822327494620996,0.0244382276833057
2018,Baltimore - MD,0.0166601665467025,0.0156357541382313
2018,Baton Rouge - LA,0.03743044716864819,-0.0202453076671808
2018,Birmingham - AL,0.030876822412013998,0.0222546562254429
2018,Boston - MA,0.0694519575834272,0.0199397831857204
2018,Buffalo - NY,0.0180125894173978,0.002962854847312
2018,Charleston - SC,0.06772749183326951,0.0217226177155972
2018,Charlotte - NC,0.0708700526654718,0.0290733307301998
2018,Chicago - IL,0.0410656199008225,0.0095832079350948
2018,Cincinnati - OH,0.0526359515413641,0.0186988033056259
2018,Cleveland - OH,0.023673607610166205,0.0150551266670227
2018,Colorado Springs - CO,0.1596110347807405,0.0414096966087818
2018,Columbia - SC,0.060721422187984,0.0356478348076344
2018,Columbus - OH,0.0636079289168118,0.0178011946082115
2018,Corpus Christi - TX,0.03866392524540441,0.0243193909227848
2018,Dallas-Fort Worth - TX,0.10319510811567291,0.0204953506290913
2018,Dayton - OH,0.041266029343008895,0.0296076900959015
2018,Denver - CO,0.1149734106063842,0.0105271015018225
2018,Des Moines - IA,-0.013499633533880099,0.0105375472158194
2018,Detroit - MI,0.07363689934462289,0.0167018279135227
2018,Durham - NC,0.0743299849480391,0.0226985059380531
2018,East Bay - CA,0.1591575440168379,0.0036960310935974
2018,El Paso - TX,-0.029676697574555502,0.0227549403607845
2018,Fargo - ND,-0.0133159092012793,-0.0076385548636316
2018,Fort Lauderdale - FL,0.0995321605503556,0.0187802232503891
2018,Fresno - CA,0.1068471666574478,0.0344527132511139
2018,Gainesville - FL,0.10417451208084831,0.0347118593454361
2018,Grand Rapids - MI,0.10652307757735228,0.0256209999024868
2018,Greensboro - NC,0.061403380349278294,0.0317012436389923
2018,Greenville - SC,0.0587094618156553,0.0168756425082684
2018,Harrisburg - PA,0.0447755899429321,0.0130602411627769
2018,Hartford - CT,0.032879536613822,0.0108573484867811
2018,Honolulu - HI,0.067281160145998,0.0175181992053986
2018,Houston - TX,0.0432701070010659,0.0148487306833267
2018,Indianapolis - IN,0.045504613421857396,0.0259054034650326
2018,Inland Empire - CA,0.1592010349184273,0.0333246282935143
2018,Jackson - MS,0.034650702603161304,0.0249974645376205
2018,Jacksonville - FL,0.0919702608287333,0.01820320931077
2018,Kansas City - MO,0.050679526865482404,0.0181217893660069
2018,Knoxville - TN,0.062443395718931996,0.0320688403844833
2018,Lansing - MI,0.04632143826782709,0.0154626138210297
2018,Las Vegas - NV,0.1423767168223856,0.0421249597966671
2018,Lehigh Valley - PA,0.0560664894208312,0.0183711193203926
2018,Lexington - KY,0.047311289343982994,0.021864357560873
2018,Lincoln - NE,0.0415823456048965,0.0194451763927937
2018,Little Rock - AR,6.146972626449795e-05,0.0126219719350338
2018,Long Island - NY,0.0927712485343218,0.013517818570137
2018,Los Angeles - CA,0.1098979223668574,0.0062220237851143
2018,Louisville - KY,0.0423647673949598,0.0142512239217757
2018,Madison - WI,0.0145584006011485,0.0124154269397259
2018,Memphis - TN,0.041023037038743604,0.025485801666975
2018,Miami - FL,0.05852465854585139,0.0107606921046972
2018,Milwaukee - WI,0.010688336208462402,0.0091325726062059
2018,Minneapolis - MN,0.0564921653047204,0.013593669205904
2018,Nashville - TN,0.0592822000533343,0.0325088679492474
2018,New Haven - CT,0.0140607750425115,0.0040118332654238
2018,New York - NY,0.036623465470969695,0.0030703145712614
2018,Norfolk - VA,0.005843884419649702,0.0258816882669925
2018,Northern New Jersey - NJ,0.0460159709826112,0.0089765090197325
2018,Oklahoma City - OK,0.0023552618138491035,0.0182672731280327
2018,Omaha - NE,0.0326608853563664,0.0151201814115046
2018,Orange County - CA,0.1314422335624694,0.0207003347277641
2018,Orlando - FL,0.1326361071467399,0.0142760827839375
2018,Palm Beach - FL,0.0944491788893937,0.032950452685356
2018,Philadelphia - PA,0.0333013447150587,0.0182748131155968
2018,Phoenix - AZ,0.1204723879843949,0.0526645548343658
2018,Pittsburgh - PA,-0.0015108956806360995,0.0137564606666565
2018,Portland - OR,0.128026568904519,0.0134529798924923
2018,Providence - RI,0.08190120534598799,0.0142385877370834
2018,Raleigh - NC,0.075009472310543,0.0339624426960945
2018,Reno - NV,0.17865241655707342,0.0162145003378391
2018,Richmond - VA,0.0770259132757783,0.0211448214650154
2018,Rochester - NY,0.0351706191347914,0.0066965009719133
2018,Sacramento - CA,0.2248652573823928,0.0306965216696262
2018,Saint Louis - MO,0.024667220298200808,0.0237116731405258
2018,Salt Lake City - UT,0.0787041723877189,0.0105708103328943
2018,San Antonio - TX,0.03678938710689529,0.0177613489031792
2018,San Diego - CA,0.1389339152872561,0.0183566428422928
2018,San Francisco - CA,0.0959081000098957,-0.0055765722244977
2018,San Jose - CA,0.13226826360076677,0.0076692599505186
2018,Seattle - WA,0.1305874601155518,0.0297545671164989
2018,Spokane - WA,0.08306074665486811,0.0290108464360237
2018,Springfield - MA,0.0534710116833447,0.006613693356514
2018,Stockton - CA,0.1912912555187937,0.0425576932430267
2018,Syracuse - NY,0.030425895579159198,0.0104427627921104
2018,Tampa - FL,0.11086421237885939,0.0252160794734955
2018,Toledo - OH,0.043199005644768404,0.0078750654757023
2018,Tucson - AZ,0.08746239320933831,0.0386597878932953
2018,Tulsa - OK,-0.0037592299133540966,0.0262559644579887
2018,Ventura - CA,0.1591982800662517,0.0132288030982018
2018,Washington - DC,0.0197548182830216,0.0139160781800747
2018,Wichita - KS,0.0034901060778648966,0.015392671495676
2018,Winston-Salem - NC,0.07575402000546451,0.0262593321204185
2018,Worcester - MA,0.0766372155547144,0.0259818166196346
