year,msa,y_hat,real_rent_growth_next_year
2008,Akron - OH,-0.0460589996352792,-0.0180893416553736
2008,Albany - NY,-0.0160974648594857,-0.0261161017268896
2008,Albuquerque - NM,-0.0030166034400465006,-0.0228614292144775
2008,Ann Arbor - MI,-0.0455331609398126,-0.0200634307265282
2008,Atlanta - GA,-0.0606050160992891,-0.0297496437132358
2008,Augusta - GA,0.0039619689062238015,-0.0317396975159645
2008,Austin - TX,0.006470304653048299,-0.0394193983674049
2008,Bakersfield - CA,0.05148799970746021,-0.0566259219348431
2008,Baltimore - MD,-0.0219168777391314,-0.0015487109348177
2008,Baton Rouge - LA,0.0019442408531903984,-0.0231485801786184
2008,Birmingham - AL,0.0030516634881495976,-0.0279386832416058
2008,Boston - MA,-0.051457609077915606,-0.0367273732125758
2008,Buffalo - NY,-0.0148993872851133,-0.0262871521562338
2008,Charleston - SC,0.008583284653723001,-0.0271871264129877
2008,Charlotte - NC,-0.0391084295976906,-0.0598187453150749
2008,Chicago - IL,0.019393934607505596,-0.0188067021816969
2008,Cincinnati - OH,-0.057412655819207396,-0.0134553021788597
2008,Cleveland - OH,-0.0433039574697614,-0.0149589690417051
2008,Colorado Springs - CO,-0.0300335430353881,-0.0294197618067264
2008,Columbus - OH,-0.0399620842933653,0.001162870131433
2008,Corpus Christi - TX,0.0044663368910549985,-0.0295894711315632
2008,Dallas-Fort Worth - TX,-0.0440480883978307,-0.0182607832401991
2008,Dayton - OH,-0.0452619244158268,-0.0165156039446592
2008,Denver - CO,-0.0328709872253239,-0.0385913371145724
2008,Detroit - MI,-0.1082300715195014,-0.0192571698725224
2008,El Paso - TX,-0.0033097185939552007,-0.0301678634285927
2008,Eugene - OR,0.053387640714644996,-0.0569360337257384
2008,Fort Wayne - IN,-0.0409157725796104,-0.0112004957199096
2008,Fresno - CA,0.036428949534892896,-0.0469878061711788
2008,Gainesville - FL,0.003571992479264598,-0.0272355123460293
2008,Grand Rapids - MI,-0.04467826921492821,-0.0156065884083509
2008,Greensboro - NC,0.0013608240708708986,-0.0236644248515368
2008,Greenville - SC,0.006302735507488099,-0.0245748280584812
2008,Harrisburg - PA,-0.0148078401386739,-0.0218103534579277
2008,Hartford - CT,-0.0629057504981756,-0.0301518186032772
2008,Honolulu - HI,0.1217401500046253,-0.0497526421248913
2008,Houston - TX,-0.0064785883575678,-0.0145954514890908
2008,Huntsville - AL,0.0133498317748308,-0.0308824113607407
2008,Indianapolis - IN,-0.0492640745639801,-0.0085702153891325
2008,Inland Empire - CA,0.014575754031538898,-0.041042160898447
2008,Jackson - MS,0.0033447711914777987,-0.0274974747598171
2008,Jacksonville - FL,-0.0067292929440736,-0.0322059324979781
2008,Kansas City - MO,-0.045750499963760495,-0.0135986345857382
2008,Knoxville - TN,0.006475575938820798,-0.0294097631275653
2008,Lansing - MI,-0.0442293810471893,-0.0159155211448669
2008,Las Vegas - NV,0.0324272371083498,-0.0753985053896904
2008,Lehigh Valley - PA,-0.015731126330793,-0.0236073403656483
2008,Lincoln - NE,-0.045304430909454796,-0.0191821220368147
2008,Little Rock - AR,0.0072519040852785,-0.026859587714076
2008,Los Angeles - CA,0.0649349081516267,-0.0658988810181618
2008,Louisville - KY,0.004244228564202797,-0.0278278558552265
2008,Lubbock - TX,0.002972585819661599,-0.027707428395748
2008,Memphis - TN,-0.0836153722181915,-0.0352160415649414
2008,Miami - FL,0.0491559325903654,-0.034366187363863
2008,Milwaukee - WI,-0.06192889137193559,-0.0279221280515194
2008,Minneapolis - MN,-0.0319548382237553,-0.0238144106268883
2008,Montgomery - AL,0.0006367272883654003,-0.023293749153614
2008,Nashville - TN,-0.0381688706390559,-0.0217423929870129
2008,New Haven - CT,-0.0122161798924209,-0.0242682273536921
2008,New York - NY,0.0747390824556349,-0.0808597064614295
2008,Norfolk - VA,0.0288376684486863,0.0108316855467855
2008,Northwest Arkansas - AR,0.004856328219175199,-0.0298755771517754
2008,Oklahoma City - OK,-0.0408107519894837,-0.0240506741255522
2008,Omaha - NE,-0.0430370953679084,-0.0208026810586452
2008,Orlando - FL,0.033955121617764296,-0.0370136245191096
2008,Philadelphia - PA,-0.0191670817136766,0.0020610000202432
2008,Phoenix - AZ,0.0029282930493354994,-0.0644971436858177
2008,Pittsburgh - PA,-0.0265115194767714,-0.010485134743154
2008,Portland - OR,0.0129707108438014,-0.0403444475531578
2008,Providence - RI,-0.0194185481220485,-0.0248293641060591
2008,Raleigh - NC,-0.0241712739504872,-0.0305364287495613
2008,Reno - NV,0.0335169608891009,-0.0613796568512916
2008,Richmond - VA,-0.005752758383751,-0.0071103821545839
2008,Rochester - NY,-0.0171138227730991,-0.0240844122171402
2008,Sacramento - CA,-0.0249399238079786,-0.0410065284967422
2008,Saint Louis - MO,-0.043720674961805296,-0.015431296736002
2008,Salinas - CA,0.0263880069553851,-0.0473752363622188
2008,Salt Lake City - UT,0.0473528078012168,-0.0339684418439864
2008,San Antonio - TX,-0.028636555448174502,-0.0165863025039434
2008,San Diego - CA,0.0407046775519848,-0.0191408514082432
2008,San Francisco - CA,0.0948215748369694,-0.0623603022694587
2008,San Jose - CA,0.0876874371618032,-0.0791669345498085
2008,Santa Barbara - CA,0.0465222212672232,-0.0500407188236712
2008,Santa Rosa - CA,0.019680659025907498,-0.0472366592884063
2008,Sarasota - FL,-0.002043818384409102,-0.0390125370621681
2008,Seattle - WA,0.0655414152145386,-0.0795714563727379
2008,Shreveport - LA,0.006726877503096999,-0.0279005139172076
2008,Spokane - WA,0.0576508443057535,-0.0659942484498024
2008,Springfield - MA,-0.0168196123838424,-0.0238908666223288
2008,Stamford - CT,-0.0545875265076756,-0.050992128163576
2008,Stockton - CA,0.021739239543676098,-0.0508412688076495
2008,Syracuse - NY,-0.0158663925528525,-0.0235017917156219
2008,Tampa - FL,0.030559054315089897,-0.0243443219959736
2008,Toledo - OH,-0.044623638764023796,-0.0170122969001532
2008,Tucson - AZ,-0.006090737208724199,-0.0265261220782995
2008,Ventura - CA,0.031151490956544597,-0.0476148097813129
2008,Washington - DC,0.027392011806368702,0.01208622315526
2008,Wichita - KS,-0.0459360259398817,-0.0163022267669439
2008,Winston-Salem - NC,0.005907803513109594,-0.0261313865929842
2008,Worcester - MA,-0.019904931336641403,-0.0262052665501833
2009,Akron - OH,-0.0700276750996709,-0.0140216203257441
2009,Albany - NY,-0.0463069314993918,0.0013216182738543
2009,Albuquerque - NM,-0.025142169177532397,-0.0090881783366203
2009,Ann Arbor - MI,-0.0713740788325666,-0.0097372598797082
2009,Atlanta - GA,-0.1161244808156044,-0.0207654411755502
2009,Augusta - GA,-0.0477081775590777,-0.0048441385701299
2009,Austin - TX,-0.0265866379179062,-0.0038640146926045
2009,Bakersfield - CA,0.021258862137794307,-0.0080432465150952
2009,Baltimore - MD,-0.0501536546200513,0.0153175395131111
2009,Baton Rouge - LA,-0.0532285744249821,-0.0077394137009978
2009,Birmingham - AL,-0.04890456943959,-0.0102144490778446
2009,Boston - MA,-0.072376383787021,0.0048350364118813
2009,Buffalo - NY,-0.0452768510133027,0.0007040172964333
2009,Charleston - SC,-0.0525648608729246,-0.0052378514632583
2009,Charlotte - NC,-0.0914189720917492,-0.0319785244613886
2009,Chicago - IL,0.0023969592601058957,0.000243401914835
2009,Cincinnati - OH,-0.0810903935618698,-0.0095005735605955
2009,Cleveland - OH,-0.07204775846749539,-0.0169664086392149
2009,Colorado Springs - CO,-0.0644003358595074,-0.0034069821089505
2009,Columbus - OH,-0.0579928276985882,-0.006406566299498
2009,Corpus Christi - TX,-0.0225287346094848,-0.0149874974125996
2009,Dallas-Fort Worth - TX,-0.0635148641578852,-0.0127200013343244
2009,Dayton - OH,-0.0699546994566917,-0.0159494922740268
2009,Denver - CO,-0.054423210296779906,0.0276052717268467
2009,Detroit - MI,-0.1467957494589499,-0.0260380592048167
2009,El Paso - TX,-0.0271160170361401,-0.0120108362138271
2009,Eugene - OR,0.025531770110129897,-0.0073516929373145
2009,Fort Wayne - IN,-0.0637442158460618,-0.0156308253030292
2009,Fresno - CA,0.008288084909319798,-0.009456007912755
2009,Gainesville - FL,-0.0491677109077574,-0.0094642096050083
2009,Grand Rapids - MI,-0.0711566317752004,-0.0138430322371423
2009,Greensboro - NC,-0.0502800257802009,-0.010528884999454
2009,Greenville - SC,-0.0499128928333522,-0.0063727555647492
2009,Harrisburg - PA,-0.0473415028229357,-0.0004782697036861
2009,Hartford - CT,-0.0933702020831405,-0.0169673486929386
2009,Honolulu - HI,0.08289771978324281,0.0214034158885478
2009,Houston - TX,-0.0179483374506235,-0.013752834809944
2009,Huntsville - AL,-0.040003490254283,-0.0077652029544115
2009,Indianapolis - IN,-0.0676895385533571,-0.0217640634477138
2009,Inland Empire - CA,-0.050523717507719994,-0.0219349834918975
2009,Jackson - MS,-0.049102409362792795,-0.0095293402522802
2009,Jacksonville - FL,-0.0682221153676509,-0.0141124585028737
2009,Kansas City - MO,-0.0666298387497665,-0.0114908248037099
2009,Knoxville - TN,-0.046928335532546106,-0.0081829514205455
2009,Lansing - MI,-0.06713487542420629,-0.0151201211232692
2009,Las Vegas - NV,-0.0194066246896982,-0.0373705860078335
2009,Lehigh Valley - PA,-0.047751261938363404,-0.0017635982334614
2009,Lincoln - NE,-0.06655876859277479,-0.0162534418890718
2009,Little Rock - AR,-0.048102742612361894,-0.0079167105108499
2009,Los Angeles - CA,0.0392853993996979,-0.0254772074371576
2009,Louisville - KY,-0.0466557001620531,-0.006821206010878
2009,Lubbock - TX,-0.0254047239124775,-0.0154532386190257
2009,Memphis - TN,-0.1266624439433215,-0.0208220087774097
2009,Miami - FL,-0.029971644833683996,-0.0033573565855622
2009,Milwaukee - WI,-0.0881211087964475,-0.0306008664742112
2009,Minneapolis - MN,-0.0555112870335577,-0.0027021255195141
2009,Montgomery - AL,-0.052881293550133705,-0.0108170138522982
2009,Nashville - TN,-0.065782816234976,0.0033638354539871
2009,New Haven - CT,-0.0427400177270175,-0.0014585845023393
2009,New York - NY,0.024396864145994006,0.016720223069191
2009,Norfolk - VA,0.0041155465021726,-0.0122028660811483
2009,Northwest Arkansas - AR,-0.047438338018953904,-0.0074867430925369
2009,Oklahoma City - OK,-0.048560964494943404,-0.0149117699442431
2009,Omaha - NE,-0.0673132218345999,-0.0145878883162513
2009,Orlando - FL,-0.023628686640411505,-0.015838259871467
2009,Philadelphia - PA,-0.0348455781042577,0.0093491997718811
2009,Phoenix - AZ,-0.0701469393372536,0.0003961891084908
2009,Pittsburgh - PA,-0.0552457837313414,0.0022875748723744
2009,Portland - OR,-0.0073728902190924005,0.0021668046861887
2009,Providence - RI,-0.051617690447717995,0.0002434428930283
2009,Raleigh - NC,-0.058747264642268204,0.0133210931122303
2009,Reno - NV,-0.0019231101889163951,-0.0150638417657464
2009,Richmond - VA,-0.0337635479792953,-0.0286518411561847
2009,Rochester - NY,-0.0476703411825002,0.0001680690944194
2009,Sacramento - CA,-0.0613806410385295,-0.0152763229529373
2009,Saint Louis - MO,-0.0778448934126644,-0.012544097084552
2009,Salinas - CA,0.0091683114022015,-0.0058487832397223
2009,Salt Lake City - UT,0.0466790915541351,-0.0281617391705513
2009,San Antonio - TX,-0.0530054090470075,-0.0054727822393178
2009,San Diego - CA,0.006390689786523601,-0.0161024443336064
2009,San Francisco - CA,0.08974983301758781,0.0276006411910057
2009,San Jose - CA,0.05912514627724891,0.0294308390617371
2009,Santa Barbara - CA,0.018830048300325697,-0.0076177969425916
2009,Santa Rosa - CA,-0.011962603863328699,-0.0031709886938334
2009,Sarasota - FL,-0.052384213164448905,-0.001822425223887
2009,Seattle - WA,0.0537450606077911,0.0101062886565924
2009,Shreveport - LA,-0.0450715539902449,-0.0083153356648981
2009,Spokane - WA,0.028210151389241097,-0.0063707029297947
2009,Springfield - MA,-0.0464005280211567,0.0015229553133249
2009,Stamford - CT,-0.0985873617157339,-0.0036346345990896
2009,Stockton - CA,-0.006544677160680502,-0.0022284064292907
2009,Syracuse - NY,-0.0470359680168329,0.0002389539182185
2009,Tampa - FL,-0.019816289275884903,-0.0117000166177749
2009,Toledo - OH,-0.0703015668243169,-0.0133285170271992
2009,Tucson - AZ,-0.0408861114103348,-0.0109309211224317
2009,Ventura - CA,-0.014774398498237404,-0.0017743252068757
2009,Washington - DC,0.011383009523153301,0.0338227812349796
2009,Wichita - KS,-0.0668415684178471,-0.0160969579850789
2009,Winston-Salem - NC,-0.050273218743503205,-0.0076908824816346
2009,Worcester - MA,-0.0502219466418028,0.0025452494770288
2010,Akron - OH,-0.08811701675504449,-0.0220062307715416
2010,Albany - NY,-0.07242303322628141,-0.022714949555695
2010,Albuquerque - NM,-0.0480035983920099,-0.0163271225690842
2010,Ann Arbor - MI,-0.0914375095590948,-0.0125373456329107
2010,Atlanta - GA,-0.14587412452884022,-0.0175658672749996
2010,Augusta - GA,-0.0794478750750422,-0.0198482399508357
2010,Austin - TX,-0.0660060362853111,-0.009691063657403
2010,Bakersfield - CA,-0.035367059797048794,-0.0158000796735287
2010,Baltimore - MD,-0.051702365554869,-0.0149455595463514
2010,Baton Rouge - LA,-0.0763771546036005,-0.0267300846688449
2010,Birmingham - AL,-0.0768432526811958,-0.0267210885584354
2010,Boston - MA,-0.1091037569995968,-0.0153443313837051
2010,Buffalo - NY,-0.0715640031695365,-0.0213990410491824
2010,Charleston - SC,-0.07975198728591229,-0.0131099767684937
2010,Charlotte - NC,-0.15123771740682412,-0.0161402620077133
2010,Chicago - IL,-0.016409742921591003,-0.0172069225162268
2010,Cincinnati - OH,-0.09454569574072949,-0.0220350114330649
2010,Cleveland - OH,-0.0870067275092005,-0.0219243591353297
2010,Colorado Springs - CO,-0.0938200976662338,-0.0093221015930176
2010,Columbus - OH,-0.0568299575671552,-0.0193905656859279
2010,Corpus Christi - TX,-0.052118205741048,-0.0198677492961287
2010,Dallas-Fort Worth - TX,-0.0817756473980843,-0.013337757781148
2010,Dayton - OH,-0.0864703034013509,-0.0226307663768529
2010,Denver - CO,-0.0930145474113523,-0.005319586366415
2010,Detroit - MI,-0.16605291933147232,-0.0241678276732564
2010,El Paso - TX,-0.0572838804647328,-0.0231554725840687
2010,Eugene - OR,-0.031404263615608496,-0.0222142817154526
2010,Fort Wayne - IN,-0.07494471156597139,-0.0262827671766281
2010,Fresno - CA,-0.038699721261859,-0.0259177632331848
2010,Gainesville - FL,-0.0764032232537867,-0.0225662033706903
2010,Grand Rapids - MI,-0.0867632201835513,-0.0147717710286379
2010,Greensboro - NC,-0.0739444506317377,-0.0230772126168012
2010,Greenville - SC,-0.07448772089183339,-0.0176823533773422
2010,Harrisburg - PA,-0.0691518562808634,-0.0176261191889644
2010,Hartford - CT,-0.1235220206864177,-0.0234394877851009
2010,Honolulu - HI,0.033145077658351514,-0.019640019506216
2010,Houston - TX,-0.0325437889397143,-0.0168816348239779
2010,Huntsville - AL,-0.0708859016150237,-0.0162327013611794
2010,Indianapolis - IN,-0.0762597539424896,-0.0180651781782508
2010,Inland Empire - CA,-0.09156587840616699,-0.0161761607676744
2010,Jackson - MS,-0.0765998841226099,-0.0232747889757156
2010,Jacksonville - FL,-0.100428047865629,-0.0185330066531897
2010,Kansas City - MO,-0.0802284733355047,-0.0215129119977355
2010,Knoxville - TN,-0.0763380986601114,-0.0282887174915522
2010,Lansing - MI,-0.08305039656907319,-0.0232440180778503
2010,Las Vegas - NV,-0.0948051300793886,-0.0274922734759748
2010,Lehigh Valley - PA,-0.0713586023040117,-0.0217448839619756
2010,Lincoln - NE,-0.08574089062958949,-0.021426183514297
2010,Little Rock - AR,-0.0749623303264379,-0.0245716314464807
2010,Los Angeles - CA,-0.0266134816184639,-0.0195957248732448
2010,Louisville - KY,-0.0744835560172796,-0.0234531437680125
2010,Lubbock - TX,-0.053112152308225496,-0.021844923838973
2010,Memphis - TN,-0.1618784855082629,-0.027955690741539
2010,Miami - FL,-0.06433783219754699,-0.0226875416636467
2010,Milwaukee - WI,-0.1160432368479669,-0.0254377940371632
2010,Minneapolis - MN,-0.079325697660446,-0.0239967912137508
2010,Montgomery - AL,-0.0761750427037477,-0.0219942278862
2010,Nashville - TN,-0.0875252092219889,-0.0227640367746353
2010,New Haven - CT,-0.0670082450807096,-0.0176880875304341
2010,New York - NY,-0.05646284231543549,-0.0209447344467044
2010,Norfolk - VA,0.0149472320489581,-0.0280758080706
2010,Northwest Arkansas - AR,-0.0773139151707293,-0.0194918926507235
2010,Oklahoma City - OK,-0.0726116386204956,-0.018687958240509
2010,Omaha - NE,-0.0881159028932451,-0.0229184509888291
2010,Orlando - FL,-0.0606423111595211,-0.0154207743406295
2010,Philadelphia - PA,-0.0327845780840145,-0.0231536369472742
2010,Phoenix - AZ,-0.1346440830230713,-0.019079500220716
2010,Pittsburgh - PA,-0.0657309184744954,-0.021097380079329
2010,Portland - OR,-0.04771733777225021,-0.0147765598893166
2010,Providence - RI,-0.0764470545537771,-0.0258667677342891
2010,Raleigh - NC,-0.08928369339182951,-0.0037764686793089
2010,Reno - NV,-0.06330276704020799,-0.0187851780727506
2010,Richmond - VA,-0.0408739301338792,-0.0267836976498365
2010,Rochester - NY,-0.07175475339964041,-0.0262555618472397
2010,Sacramento - CA,-0.1023871695352717,-0.0199221692681313
2010,Saint Louis - MO,-0.0932761901486664,-0.0243318028450012
2010,Salinas - CA,-0.0382069249600173,-0.0232930987775325
2010,Salt Lake City - UT,0.012710649710148701,-0.0171184422150254
2010,San Antonio - TX,-0.0695917115509509,-0.0149466510564089
2010,San Diego - CA,-0.012750161621719599,-0.0179806727617979
2010,San Francisco - CA,0.02738953074812911,0.0011959910690783
2010,San Jose - CA,-0.02004178827255959,0.0067844480574131
2010,Santa Barbara - CA,-0.031210670523345502,-0.0193749185353518
2010,Santa Rosa - CA,-0.059199263151735,-0.0180613439232111
2010,Sarasota - FL,-0.091396750226617,-0.0186324244067073
2010,Seattle - WA,-0.025826395764946795,-0.0103663880079985
2010,Shreveport - LA,-0.0729720679074525,-0.0214213937222958
2010,Spokane - WA,-0.037784097060561295,-0.0208984598219395
2010,Springfield - MA,-0.0702913946434855,-0.0196213744282722
2010,Stamford - CT,-0.1495794898793099,-0.0261401011310517
2010,Stockton - CA,-0.05738594596833,-0.020883656449616
2010,Syracuse - NY,-0.0705377597324548,-0.0208802692294121
2010,Tampa - FL,-0.0441606112718585,-0.0203277835324407
2010,Toledo - OH,-0.0873138637244701,-0.0259625533297658
2010,Tucson - AZ,-0.0674122334886343,-0.0208947419822216
2010,Ventura - CA,-0.0623892082795503,-0.0135926123410463
2010,Washington - DC,0.0234692326784133,-0.0155612699389458
2010,Wichita - KS,-0.083143795184791,-0.0221766143739223
2010,Winston-Salem - NC,-0.07640460533648741,-0.0208853756710887
2010,Worcester - MA,-0.0764272131919861,-0.0211005046665668
2011,Akron - OH,-0.10213863708078859,-0.0117902283594012
2011,Albany - NY,-0.07110141495242711,-0.0133856128007173
2011,Albuquerque - NM,-0.057091776728630195,-0.0082798854485154
2011,Ann Arbor - MI,-0.10117476943880299,0.0263425723612308
2011,Atlanta - GA,-0.16663956570439042,0.0057536398023366
2011,Augusta - GA,-0.0842920136451721,-0.0046922828108072
2011,Austin - TX,-0.0698700509779156,0.0078966726511717
2011,Bakersfield - CA,-0.043410306312143994,0.0011594590693711
2011,Baltimore - MD,-0.0363848260417579,-0.0080214480906725
2011,Baton Rouge - LA,-0.08411656830459831,-0.009473423756659
2011,Birmingham - AL,-0.0870577017590404,-0.0090068926140666
2011,Boston - MA,-0.10426872058771551,-0.0042552131265402
2011,Buffalo - NY,-0.0708599858731032,-0.0082489962726831
2011,Charleston - SC,-0.08498983874917058,0.0004734300971031
2011,Charlotte - NC,-0.18321624186821273,0.0091603488624095
2011,Chicago - IL,-0.016166341006756003,-0.0034176281690598
2011,Cincinnati - OH,-0.10404626930132499,-0.0034078939855099
2011,Cleveland - OH,-0.10397313614841538,-0.0082717009857297
2011,Colorado Springs - CO,-0.0972270797751843,0.0058982909619807
2011,Columbus - OH,-0.0632365238666532,-0.0023799206167459
2011,Corpus Christi - TX,-0.0671057031536476,0.01389076718688
2011,Dallas-Fort Worth - TX,-0.09449564873240869,0.0050403100401162
2011,Dayton - OH,-0.10241979567537769,-0.0080121804997325
2011,Denver - CO,-0.06540927568450561,0.0181650833189486
2011,Detroit - MI,-0.192090978536289,-0.0024606513828039
2011,El Paso - TX,-0.06929471667855991,-0.0113286844491958
2011,Eugene - OR,-0.03875595655292299,-0.0042746665924788
2011,Fort Wayne - IN,-0.09057553686900059,-0.0037975258231163
2011,Fresno - CA,-0.048155729174614,-0.013787062190473
2011,Gainesville - FL,-0.085867432858795,-0.0021922572553158
2011,Grand Rapids - MI,-0.1006062524206936,-0.002407668441534
2011,Greensboro - NC,-0.08447333563119169,-0.0109913417175412
2011,Greenville - SC,-0.08086047645658259,0.005542231440544
2011,Harrisburg - PA,-0.0696301259845495,-0.0095077457875013
2011,Hartford - CT,-0.1404893693793563,-0.0108948213085532
2011,Honolulu - HI,0.054548493546899314,0.0058331449478865
2011,Houston - TX,-0.046296623749658296,0.00626187184453
2011,Huntsville - AL,-0.07865110456943519,-0.0053526072800159
2011,Indianapolis - IN,-0.0980238173902034,-0.007698524095118
2011,Inland Empire - CA,-0.11350086189806449,-0.0015764723569155
2011,Jackson - MS,-0.0861292243748901,-0.0086150330528617
2011,Jacksonville - FL,-0.1145405063685027,-0.0043485707640648
2011,Kansas City - MO,-0.0917192981392146,-0.0054498867169023
2011,Knoxville - TN,-0.0845210500806569,-0.0065537535622716
2011,Lansing - MI,-0.09817051769234239,-0.0117654179260134
2011,Las Vegas - NV,-0.1321757160872221,-0.014615630082786
2011,Lehigh Valley - PA,-0.07312220053747309,-0.005600393101573
2011,Lincoln - NE,-0.10199433251866129,-0.0072368842586875
2011,Little Rock - AR,-0.0828790408372878,-0.0106050188690424
2011,Los Angeles - CA,-0.0520906890556215,-0.0021652563512325
2011,Louisville - KY,-0.0813047620281576,0.0050808430612086
2011,Lubbock - TX,-0.0685653909272512,-0.0034110176414251
2011,Memphis - TN,-0.1827004942856726,-0.0078192682042718
2011,Miami - FL,-0.06769518878310919,0.0073940602093935
2011,Milwaukee - WI,-0.1466441033221781,-0.0089094576463103
2011,Minneapolis - MN,-0.0820278231799601,-0.0075514300763607
2011,Montgomery - AL,-0.0869920565560459,-0.0035896769762039
2011,Nashville - TN,-0.08416137376800181,0.0009474900513886
2011,New Haven - CT,-0.0684668295830489,-0.0148180795870721
2011,New York - NY,-0.03974261924624449,-0.0061394006982446
2011,Norfolk - VA,0.0027443659678097997,-0.01812206562981
2011,Northwest Arkansas - AR,-0.0848006582632662,-0.0010608400255442
2011,Oklahoma City - OK,-0.08752340856473871,0.0039284543097018
2011,Omaha - NE,-0.1027037912094964,-0.0107476434707642
2011,Orlando - FL,-0.0764805710309881,0.0008709371984004
2011,Philadelphia - PA,-0.0234353783121334,-0.0080276600122452
2011,Phoenix - AZ,-0.1342478939145805,-0.0029199703633785
2011,Pittsburgh - PA,-0.063443343602121,-0.0117681327313184
2011,Portland - OR,-0.04555053308606151,0.0051332169175148
2011,Providence - RI,-0.0762036116607488,-0.0147457204796373
2011,Raleigh - NC,-0.07596260027959921,0.0083657202273607
2011,Reno - NV,-0.07836660880595439,-0.0060000413134694
2011,Richmond - VA,-0.0695257712900639,-0.0112298124507069
2011,Rochester - NY,-0.07158668430522101,-0.0152801222205162
2011,Sacramento - CA,-0.11766349248820901,-0.008543017603457
2011,Saint Louis - MO,-0.10582028723321839,-0.0100443552285433
2011,Salinas - CA,-0.0440557081997396,-0.0023167154788971
2011,Salt Lake City - UT,-0.0154510894604026,0.002321434855461
2011,San Antonio - TX,-0.0750644937902687,0.0018517018258571
2011,San Diego - CA,-0.028852605955326,0.0038515829443931
2011,San Francisco - CA,0.05499017193913481,0.0217010282874107
2011,San Jose - CA,0.009389050789177508,0.0235928610861301
2011,Santa Barbara - CA,-0.0388284674659371,-0.0049871153235435
2011,Santa Rosa - CA,-0.0623702518455684,0.0135506183803081
2011,Sarasota - FL,-0.093219175450504,0.0008724031001328
2011,Seattle - WA,-0.015720107108354395,0.0075653676837682
2011,Shreveport - LA,-0.0812874035723506,-0.0125652135387063
2011,Spokane - WA,-0.04415479999035599,-0.010358720369637
2011,Springfield - MA,-0.0687684393301606,-0.0024475774765015
2011,Stamford - CT,-0.15321412447839952,-0.008893121317029
2011,Stockton - CA,-0.0596143523976207,-0.011448273718357
2011,Syracuse - NY,-0.0702988058142363,-0.0097596126645803
2011,Tampa - FL,-0.055860627889633405,-0.0021936859041452
2011,Toledo - OH,-0.1006423807516693,-0.0097676797807217
2011,Tucson - AZ,-0.078343154611066,-0.0168559656515717
2011,Ventura - CA,-0.064163533486426,0.0113541238903998
2011,Washington - DC,0.057292013913392906,-0.001747926980257
2011,Wichita - KS,-0.0992407531698699,-0.0078187056854367
2011,Winston-Salem - NC,-0.08409548781812201,-0.0196742865294218
2011,Worcester - MA,-0.0738819637149573,-0.0054712652266026
2012,Akron - OH,-0.12414486785233018,-0.000710217617452
2012,Albany - NY,-0.09381636450812211,0.0003388464823365
2012,Albuquerque - NM,-0.07341889929771439,-0.0108057422190904
2012,Ann Arbor - MI,-0.11371211507171369,0.0114435466378927
2012,Atlanta - GA,-0.18420543297939002,0.0199067524075508
2012,Augusta - GA,-0.10414025359600779,0.0047423845529556
2012,Austin - TX,-0.07956111463531859,0.0191047458350658
2012,Bakersfield - CA,-0.059210385985672694,0.0003967514634132
2012,Baltimore - MD,-0.0513303855881093,0.0073321188241243
2012,Baton Rouge - LA,-0.1108466529734432,0.0057002721726894
2012,Birmingham - AL,-0.1137787903174758,0.0109491559118032
2012,Boston - MA,-0.11961305197142061,0.0080604913085699
2012,Buffalo - NY,-0.0922590269222856,0.0021609241515397
2012,Charleston - SC,-0.09809981551766428,0.0058064261823893
2012,Charlotte - NC,-0.19935650387592602,0.0111192265897989
2012,Chicago - IL,-0.0333732635229828,0.0014878107607365
2012,Cincinnati - OH,-0.1260812807343899,0.0092796521633863
2012,Cleveland - OH,-0.12589749528374508,0.0022632727771997
2012,Colorado Springs - CO,-0.1065491813682019,0.01857944637537
2012,Columbus - OH,-0.08262708955258109,0.0007596226781606
2012,Corpus Christi - TX,-0.08697345244977629,0.0334835207462311
2012,Dallas-Fort Worth - TX,-0.10783340651355669,0.0150708692520857
2012,Dayton - OH,-0.12505056205223058,0.0004801448807119
2012,Denver - CO,-0.0707288620509206,0.027364813387394
2012,Detroit - MI,-0.2162588062095454,0.0049971888214349
2012,El Paso - TX,-0.0924501892626286,-0.004814557135105
2012,Eugene - OR,-0.060970238268375596,0.0067504743486643
2012,Fort Wayne - IN,-0.11685830404562869,-0.0013257128745317
2012,Fresno - CA,-0.0740734924077988,0.0025068061798811
2012,Gainesville - FL,-0.1084336362294853,0.0106209541112185
2012,Grand Rapids - MI,-0.1153780234493315,0.0084056189656258
2012,Greensboro - NC,-0.1075505482479929,0.0063609766215085
2012,Greenville - SC,-0.09854282983392479,0.0136791175603867
2012,Harrisburg - PA,-0.0872562451735139,0.0042280691117047
2012,Hartford - CT,-0.1639288571644572,-0.0011264172941445
2012,Honolulu - HI,0.03490847404068331,0.0212651161849499
2012,Houston - TX,-0.0631782585736362,0.0192758931219578
2012,Huntsville - AL,-0.0948838059306146,-0.0127808075491339
2012,Indianapolis - IN,-0.1160889955684542,0.0003874829411507
2012,Inland Empire - CA,-0.12967702266573888,0.0128964955359697
2012,Jackson - MS,-0.10940401335060569,0.0019844329357147
2012,Jacksonville - FL,-0.1330735130216924,0.0009304030239581
2012,Kansas City - MO,-0.1132322101369501,0.0062768670171499
2012,Knoxville - TN,-0.11280976757220909,0.0070375750213861
2012,Lansing - MI,-0.12141453577019269,-0.001167725175619
2012,Las Vegas - NV,-0.1596679895631969,0.0080837985873222
2012,Lehigh Valley - PA,-0.0948670844994487,-0.0066477994993328
2012,Lincoln - NE,-0.12342051603295828,0.0026339447498321
2012,Little Rock - AR,-0.10745067228376849,-0.0086770377680659
2012,Los Angeles - CA,-0.07168641392886631,0.0109333997964859
2012,Louisville - KY,-0.1047579057961701,0.0081683328747749
2012,Lubbock - TX,-0.0904103147662242,0.007707674652338
2012,Memphis - TN,-0.2106561850272116,-0.0027943983301519
2012,Miami - FL,-0.09038273044675589,0.015759597197175
2012,Milwaukee - WI,-0.1720818973593413,0.0010025395452975
2012,Minneapolis - MN,-0.1060246143937109,-7.61611014604e-05
2012,Montgomery - AL,-0.1089862844422459,0.0111813364923
2012,Nashville - TN,-0.10692541054263711,0.0103722872585058
2012,New Haven - CT,-0.086154917113483,0.0045204298943281
2012,New York - NY,-0.06068735369294889,0.0035046624392271
2012,Norfolk - VA,-0.0253314421027902,-0.005718089044094
2012,Northwest Arkansas - AR,-0.1042925509139897,-0.0015338234230875
2012,Oklahoma City - OK,-0.1062113668052477,0.0153896274417639
2012,Omaha - NE,-0.1256222421983255,0.0019167965650557
2012,Orlando - FL,-0.0919013453716176,0.0125775231420994
2012,Philadelphia - PA,-0.0465890152594076,-0.0012953359261155
2012,Phoenix - AZ,-0.1533273941352965,0.0087337015569209
2012,Pittsburgh - PA,-0.08454072368145,-0.0027399429678916
2012,Portland - OR,-0.06032709297537811,0.0202219939231872
2012,Providence - RI,-0.1020703793950379,0.0076022321730851
2012,Raleigh - NC,-0.07973906895890812,0.0083826134353876
2012,Reno - NV,-0.09715178687870499,0.0157242013514042
2012,Richmond - VA,-0.0963094689399004,0.0082883971184492
2012,Rochester - NY,-0.0978422461524607,-0.0005539454147219
2012,Sacramento - CA,-0.1375856617563403,0.016648050993681
2012,Saint Louis - MO,-0.1301520900782196,0.0019286374002695
2012,Salinas - CA,-0.0673488069772721,0.0083455039560795
2012,Salt Lake City - UT,-0.032569531675428004,0.0102605229616165
2012,San Antonio - TX,-0.09001114484667759,0.0061267713457346
2012,San Diego - CA,-0.046833278717123894,0.0184230773150921
2012,San Francisco - CA,0.05618616300821311,0.0260491414368152
2012,San Jose - CA,0.016173498846590608,0.0386735057830811
2012,Santa Barbara - CA,-0.058203386001288895,0.0097183311730623
2012,Santa Rosa - CA,-0.0804315957687795,0.0404815009236336
2012,Sarasota - FL,-0.1118515998572113,0.0148849418759346
2012,Seattle - WA,-0.026086495116352894,0.0192034548521042
2012,Shreveport - LA,-0.10270879729464641,-0.0004132486507296
2012,Spokane - WA,-0.0650532598122955,0.0086704554408789
2012,Springfield - MA,-0.0883898137584328,0.0106983768194914
2012,Stamford - CT,-0.17935422560945122,0.0082322160154581
2012,Stockton - CA,-0.08049800884723671,0.0118341619521378
2012,Syracuse - NY,-0.09117907504364839,0.0016364926844835
2012,Tampa - FL,-0.07618841142207411,0.0089125471562147
2012,Toledo - OH,-0.1266049340814351,0.0025123959779739
2012,Tucson - AZ,-0.0992378965932876,0.0070467019826174
2012,Ventura - CA,-0.07775614582747231,0.0218045382201672
2012,Washington - DC,0.04173074397444711,-0.0021706701815127
2012,Wichita - KS,-0.1214173675437922,0.0055883514136076
2012,Winston-Salem - NC,-0.10498086348921071,0.0131249526888132
2012,Worcester - MA,-0.0949824683815241,0.0064374847710133
2013,Akron - OH,-0.1102678898125887,0.0107520882189274
2013,Albany - NY,-0.0908280169926582,-0.0074254769682884
2013,Albuquerque - NM,-0.06579851371794951,0.0026855532228946
2013,Ann Arbor - MI,-0.06158187066763629,0.014766025185585
2013,Atlanta - GA,-0.1470958875827492,0.0184442874193192
2013,Augusta - GA,-0.08589412750303739,0.004820915699005
2013,Austin - TX,-0.05631419702991849,0.0092495761960745
2013,Bakersfield - CA,-0.06966767286509301,-0.0049704007655382
2013,Baltimore - MD,-0.0402823417782782,-0.0015571407824754
2013,Baton Rouge - LA,-0.09536048456653949,0.0033920098245143
2013,Birmingham - AL,-0.1009760192930698,-0.0088570669144392
2013,Boston - MA,-0.0886360799297691,0.0069659732431173
2013,Buffalo - NY,-0.083465352781117,-0.0088562799468636
2013,Charleston - SC,-0.0746213776394728,0.0200330790281295
2013,Charlotte - NC,-0.1589500057846308,0.0062755447030066
2013,Chicago - IL,-0.016600319311023,0.0046510368734597
2013,Cincinnati - OH,-0.1029284458011388,-0.0004510247930884
2013,Cleveland - OH,-0.11944593257363868,-0.0043573642000555
2013,Colorado Springs - CO,-0.07483301370963459,0.0186691198647021
2013,Columbus - OH,-0.05902227213233689,-0.0012765686810017
2013,Corpus Christi - TX,-0.0573030596235769,0.0137107789665461
2013,Dallas-Fort Worth - TX,-0.0745246162507683,0.0131088912636041
2013,Dayton - OH,-0.1082479542849467,-0.0016144832447171
2013,Denver - CO,-0.023084503725171197,0.0256496619582176
2013,Detroit - MI,-0.1760266500744036,-0.00148040445894
2013,El Paso - TX,-0.08712493734061719,-0.0099536205492913
2013,Eugene - OR,-0.06900377304852019,0.0019664753377438
2013,Fort Wayne - IN,-0.097228098496329,-0.006605030208826
2013,Fresno - CA,-0.0931903106495737,-0.0018565237373114
2013,Gainesville - FL,-0.0879916601218284,-0.0047434458360076
2013,Grand Rapids - MI,-0.0916501811109483,0.0116786498725414
2013,Greensboro - NC,-0.09499519517272699,0.0014907706677914
2013,Greenville - SC,-0.0713314303532244,0.0244618829488754
2013,Harrisburg - PA,-0.08037203563004729,-0.0006485741436481
2013,Hartford - CT,-0.1514810504261402,0.0063675407469272
2013,Honolulu - HI,0.0005581102347932028,0.0272271286845207
2013,Houston - TX,-0.048711231803521396,0.0107571378499269
2013,Huntsville - AL,-0.08515720734000211,-0.0198873581215739
2013,Indianapolis - IN,-0.10459396255761369,-0.0060610400363802
2013,Inland Empire - CA,-0.1423122707158325,0.0148210067451
2013,Jackson - MS,-0.09550001484900689,0.011191387489438
2013,Jacksonville - FL,-0.1342587535139171,0.0091073017716407
2013,Kansas City - MO,-0.0892865910530092,0.001639147117734
2013,Knoxville - TN,-0.09514781915210181,-0.009411112576723
2013,Lansing - MI,-0.10963491665758181,-0.004264225423336
2013,Las Vegas - NV,-0.19461104053631417,0.0100529965162277
2013,Lehigh Valley - PA,-0.0816261913962664,0.0037373274713754
2013,Lincoln - NE,-0.1060274171570781,0.0010518904924393
2013,Little Rock - AR,-0.0956232260316609,-0.0065649572610855
2013,Los Angeles - CA,-0.09785794572532171,0.0138344194889068
2013,Louisville - KY,-0.076955385632813,-0.0040968062207103
2013,Lubbock - TX,-0.0740593909970482,-0.000794176183641
2013,Memphis - TN,-0.18021529273688772,-0.0031329516172409
2013,Miami - FL,-0.09947978717833761,0.0081907630115747
2013,Milwaukee - WI,-0.15036067099869238,-0.0009972147494555
2013,Minneapolis - MN,-0.0888912455514072,-0.0033571312054992
2013,Montgomery - AL,-0.0895874780938029,-0.0104898025132715
2013,Nashville - TN,-0.0763467067256572,0.0080055210888386
2013,New Haven - CT,-0.0873605680055916,-0.0141743165990337
2013,New York - NY,-0.053948256313800895,0.0098270911872387
2013,Norfolk - VA,-0.058894841592759,-0.0127655655927956
2013,Northwest Arkansas - AR,-0.0781483874991538,0.0034125324487685
2013,Oklahoma City - OK,-0.0693635745076462,0.0020080235004425
2013,Omaha - NE,-0.11132008932623999,-0.0051222780570388
2013,Orlando - FL,-0.1071274154776472,0.0126896713078022
2013,Philadelphia - PA,-0.0402557519366966,-0.0027358841001987
2013,Phoenix - AZ,-0.14365277638286367,0.012363136574626
2013,Pittsburgh - PA,-0.0871779854744673,-0.0109314421974122
2013,Portland - OR,-0.0413585781455041,0.021704810500145
2013,Providence - RI,-0.0998292976394295,-0.0020104490071535
2013,Raleigh - NC,-0.044833337083458796,0.0053432088494301
2013,Reno - NV,-0.1047409792765974,0.0125563394427299
2013,Richmond - VA,-0.0952156094238161,-0.0004534220173955
2013,Rochester - NY,-0.0955667832270266,-0.0147724832026287
2013,Sacramento - CA,-0.1272451753714121,0.0197703380286694
2013,Saint Louis - MO,-0.11950256012938901,-0.008515682708472
2013,Salinas - CA,-0.0719714491963386,0.0156393636167049
2013,Salt Lake City - UT,-0.003169078506529291,0.001583779990673
2013,San Antonio - TX,-0.06604656682908519,0.0037126660495995
2013,San Diego - CA,-0.06175405755790421,0.0182127531766891
2013,San Francisco - CA,0.06927026888728141,0.0289098870158195
2013,San Jose - CA,0.0441719925627113,0.0372431155443192
2013,Santa Barbara - CA,-0.0713012946173548,0.0234817031919956
2013,Santa Rosa - CA,-0.061090391721576494,0.0410036508142948
2013,Sarasota - FL,-0.09021123977005509,0.0208119664490223
2013,Seattle - WA,-0.017670962154865195,0.0129264116436242
2013,Shreveport - LA,-0.09477341699972741,-0.0115766145139932
2013,Spokane - WA,-0.0803950867950916,0.002544614315033
2013,Springfield - MA,-0.07302670379728081,0.0046715427339076
2013,Stamford - CT,-0.1519535282962021,0.0007865660041571
2013,Stockton - CA,-0.1000558427870272,0.0145546708405017
2013,Syracuse - NY,-0.0841058070175348,-0.0036749375835061
2013,Tampa - FL,-0.08796117281168711,0.008007312953472
2013,Toledo - OH,-0.11148792611062519,-0.0090263557471334
2013,Tucson - AZ,-0.1003491425756365,-0.0081754673123359
2013,Ventura - CA,-0.06874072005599749,0.0305516187250614
2013,Washington - DC,0.04718999831378451,-0.0064832784086465
2013,Wichita - KS,-0.1037203557600732,-0.0122153572123497
2013,Winston-Salem - NC,-0.1026569764465094,0.0008487299233675
2013,Worcester - MA,-0.08592091047763831,0.014029121786356
2014,Akron - OH,-0.09887561120837911,0.0298050010353327
2014,Albany - NY,-0.08775775938108551,0.0250994676500559
2014,Albuquerque - NM,-0.08123809390515081,0.0159170815497637
2014,Ann Arbor - MI,-0.035900595717132,0.0244468824714421
2014,Atlanta - GA,-0.1125615980736912,0.0587119964659214
2014,Augusta - GA,-0.11130708654224869,0.0160608423650264
2014,Austin - TX,-0.04228627460822459,0.0454038327336311
2014,Bakersfield - CA,-0.0942579946741465,0.0148521719276904
2014,Baltimore - MD,-0.0310875830501317,0.0198618436008692
2014,Baton Rouge - LA,-0.12252083199843761,0.0228862987607718
2014,Birmingham - AL,-0.1194900778383017,0.0229773951470852
2014,Boston - MA,-0.06153947871923451,0.0471881909072399
2014,Buffalo - NY,-0.0799132167622448,0.0221304354965687
2014,Charleston - SC,-0.09991507337242378,0.0392738824486732
2014,Charlotte - NC,-0.14094297227263464,0.0418830198943615
2014,Chicago - IL,-0.029374444976449098,0.0392478724718094
2014,Cincinnati - OH,-0.074626677788794,0.0302634520232676
2014,Cleveland - OH,-0.10474389279540619,0.0295795781314373
2014,Colorado Springs - CO,-0.04769962618872531,0.0538304282128811
2014,Columbus - OH,-0.0461528237238526,0.033102275967598
2014,Corpus Christi - TX,-0.0311614393750207,0.0252573286890984
2014,Dallas-Fort Worth - TX,-0.048996867964044205,0.0561688450872898
2014,Dayton - OH,-0.0950251946879434,0.0273248592168093
2014,Denver - CO,0.014849295720458004,0.0518093352913857
2014,Detroit - MI,-0.1409809167408384,0.0393649993240833
2014,El Paso - TX,-0.09566597838699799,-0.0064418523795902
2014,Eugene - OR,-0.0929215104579925,0.0580570531785488
2014,Fort Wayne - IN,-0.0864797447021118,0.0437891168296337
2014,Fresno - CA,-0.1100018258467315,0.0396363382935524
2014,Gainesville - FL,-0.1078168271370231,0.0418556054830551
2014,Grand Rapids - MI,-0.0690701209269463,0.0541282167434691
2014,Greensboro - NC,-0.1195711429491639,0.0278230273872614
2014,Greenville - SC,-0.08834069327265019,0.0336273444592953
2014,Harrisburg - PA,-0.07490600005537279,0.0231612810641527
2014,Hartford - CT,-0.13540455175377392,0.022839708417654
2014,Honolulu - HI,-0.0286219182335772,0.0143816780075431
2014,Houston - TX,-0.0225582885351032,0.0296529812514781
2014,Huntsville - AL,-0.1274831186775119,0.0192279984951019
2014,Indianapolis - IN,-0.0858064779341219,0.0262620376199484
2014,Inland Empire - CA,-0.1438020580708979,0.058898741543293
2014,Jackson - MS,-0.1233774881139396,0.0339684171378613
2014,Jacksonville - FL,-0.146799865996465,0.0400683341324329
2014,Kansas City - MO,-0.0649640859365465,0.0305208174288273
2014,Knoxville - TN,-0.11978092405758792,0.0293949043154716
2014,Lansing - MI,-0.09932975878752741,0.0332985205352306
2014,Las Vegas - NV,-0.20158570877090087,0.0547709708809853
2014,Lehigh Valley - PA,-0.08821470814570789,0.0303364118337631
2014,Lincoln - NE,-0.0907867544183973,0.026543818578124
2014,Little Rock - AR,-0.13421292335540036,0.0178390091061592
2014,Los Angeles - CA,-0.11472382222115991,0.0506138598322868
2014,Louisville - KY,-0.1001950252130628,0.0258614720553159
2014,Lubbock - TX,-0.0759469667128285,0.0165271034240723
2014,Memphis - TN,-0.155452077861875,0.0271602963805199
2014,Miami - FL,-0.12226972275227309,0.0306529124975203
2014,Milwaukee - WI,-0.13246146601438522,0.0206751843690871
2014,Minneapolis - MN,-0.08583399572223409,0.0301453267931938
2014,Montgomery - AL,-0.10829226218909019,0.0152794440984725
2014,Nashville - TN,-0.057519775934517604,0.0465650280714035
2014,New Haven - CT,-0.08338348067179319,0.0166698267459869
2014,New York - NY,-0.0874009003192187,0.0287552384436131
2014,Norfolk - VA,-0.07545987109467381,0.0186311660110949
2014,Northwest Arkansas - AR,-0.1144447178840637,0.0245645327270031
2014,Oklahoma City - OK,-0.03876390680950131,0.0101078629270195
2014,Omaha - NE,-0.09662184003088631,0.0334863757491112
2014,Orlando - FL,-0.1344632166320223,0.0547907223701477
2014,Philadelphia - PA,-0.031374816319905297,0.0294668117314577
2014,Phoenix - AZ,-0.15866343223303578,0.0521927421689034
2014,Pittsburgh - PA,-0.07817531761527048,0.0194212814569472
2014,Portland - OR,-0.02595160168409351,0.0756550078988075
2014,Providence - RI,-0.0886190451011062,0.0471060892343521
2014,Raleigh - NC,-0.039063546925783094,0.0515740943849086
2014,Reno - NV,-0.11343952932208759,0.0510238950848579
2014,Richmond - VA,-0.09808868647366749,0.0342904573082924
2014,Rochester - NY,-0.09389795561134819,0.028645211994648
2014,Sacramento - CA,-0.1099203598597086,0.0834035297632217
2014,Saint Louis - MO,-0.1045767924543469,0.0334647727906704
2014,Salinas - CA,-0.0786162280738353,0.0804803838729858
2014,Salt Lake City - UT,-0.005431206084787799,0.0361790379285812
2014,San Antonio - TX,-0.0564847142696379,0.0356561822593212
2014,San Diego - CA,-0.0698725091234083,0.0602234398722648
2014,San Francisco - CA,0.0482178180217742,0.058913232922554
2014,San Jose - CA,0.039380862258374796,0.0624090751409531
2014,Santa Barbara - CA,-0.0848805132582782,0.0562154000401497
2014,Santa Rosa - CA,-0.029076633628457797,0.0718538259863853
2014,Sarasota - FL,-0.10146660183370129,0.0407887456715107
2014,Seattle - WA,-0.026382211714982902,0.062517726957798
2014,Shreveport - LA,-0.1243936658166347,0.0089439835175871
2014,Spokane - WA,-0.1006359440535305,0.0321669859588146
2014,Springfield - MA,-0.060799158297479186,0.0219796282947063
2014,Stamford - CT,-0.1328253183774647,0.022317402228713
2014,Stockton - CA,-0.1006743406206369,0.0833696296215057
2014,Syracuse - NY,-0.0809856500737369,0.026992932125926
2014,Tampa - FL,-0.1071105460897088,0.0578158890604973
2014,Toledo - OH,-0.0962041952908039,0.0379826633036136
2014,Tucson - AZ,-0.10102148575521991,0.0309889262318611
2014,Ventura - CA,-0.07288152643293139,0.0646218156218529
2014,Washington - DC,0.0250807235687972,0.0360211750268936
2014,Wichita - KS,-0.0807003406544681,0.0240685419887304
2014,Winston-Salem - NC,-0.12163863715529441,0.0265408308953047
2014,Worcester - MA,-0.07232060667872431,0.0420976003408432
2015,Akron - OH,-0.0798342259749768,-0.000229629419744
2015,Albany - NY,-0.0981911429353056,0.0157163890898228
2015,Albuquerque - NM,-0.0868023703023791,0.0151172394752502
2015,Ann Arbor - MI,-0.015626809947192597,0.027877990424633
2015,Atlanta - GA,-0.07949573725089429,0.0263012538552284
2015,Augusta - GA,-0.10323120506107819,0.0022325639501214
2015,Austin - TX,-0.04978042460605489,0.0032285231053828
2015,Bakersfield - CA,-0.1141125759258868,0.0109086542278528
2015,Baltimore - MD,-0.0316599778980015,-0.0042345688790082
2015,Baton Rouge - LA,-0.11317203558608889,0.0382719303369522
2015,Birmingham - AL,-0.12374525742232799,0.0069969094246626
2015,Boston - MA,-0.05738419146835801,0.0032294637411832
2015,Buffalo - NY,-0.09230399170517929,0.0008262044638395
2015,Charleston - SC,-0.08037016486376539,0.0119793231487274
2015,Charlotte - NC,-0.13369295412302043,0.0133206176459789
2015,Chicago - IL,-0.050045978665352,0.0027683510333299
2015,Cincinnati - OH,-0.06324789153039449,0.0113887882679701
2015,Cleveland - OH,-0.09295933022256919,0.0044660533666611
2015,Colorado Springs - CO,-0.033368781130761,0.0482459555268288
2015,Columbus - OH,-0.04556187187880279,0.020236239105463
2015,Corpus Christi - TX,-0.03035472244117409,-0.0233164222091436
2015,Dallas-Fort Worth - TX,-0.03056524755991999,0.0183115455210209
2015,Dayton - OH,-0.08893515650014149,0.0144582859128714
2015,Denver - CO,0.0333216838389635,0.0053209758251905
2015,Detroit - MI,-0.10697260171035299,0.0241040664613247
2015,El Paso - TX,-0.11523733280226549,-0.0050685952529311
2015,Eugene - OR,-0.10991559588909129,0.0499149898886681
2015,Fort Wayne - IN,-0.0876708003724923,0.0171242303103208
2015,Fresno - CA,-0.123639221690595,0.0421168881356716
2015,Gainesville - FL,-0.1083203776888548,0.034089371830225
2015,Grand Rapids - MI,-0.05302315383777009,0.0191309491991997
2015,Greensboro - NC,-0.1120509667471051,0.0235586169064045
2015,Greenville - SC,-0.0611623333916068,0.0012749790102243
2015,Harrisburg - PA,-0.0783766558542847,0.0200547131597996
2015,Hartford - CT,-0.1066768045220521,0.0077394901663065
2015,Honolulu - HI,-0.0325062861465849,-0.0032847902849316
2015,Houston - TX,-0.020404767399653703,-0.0290095933824778
2015,Huntsville - AL,-0.14625441065616912,0.010468729108572
2015,Indianapolis - IN,-0.08019700219482159,0.0150997231602669
2015,Inland Empire - CA,-0.11811174677312358,0.0454523864090443
2015,Jackson - MS,-0.1081879971697925,0.0013823884427547
2015,Jacksonville - FL,-0.12065508604608481,0.0224709587991238
2015,Kansas City - MO,-0.06501558275520801,0.0166333841979504
2015,Knoxville - TN,-0.12821263462863838,0.0210580642223358
2015,Lansing - MI,-0.0943825232479718,0.0190305526256561
2015,Las Vegas - NV,-0.18857406165078278,0.0405493269562721
2015,Lehigh Valley - PA,-0.0876468232981861,0.0152354783266783
2015,Lincoln - NE,-0.08166713413991959,0.0122470877021551
2015,Little Rock - AR,-0.14054959026724076,0.0067045672684908
2015,Los Angeles - CA,-0.11401875914633279,0.0238984714150429
2015,Louisville - KY,-0.0998497646450997,0.0156055691540241
2015,Lubbock - TX,-0.0898804197586139,-0.0048782114982604
2015,Memphis - TN,-0.14078743096068472,0.0168500154167414
2015,Miami - FL,-0.1081942426189781,0.0033418836891651
2015,Milwaukee - WI,-0.119057138837874,0.0025821023508906
2015,Minneapolis - MN,-0.0850544985532759,0.0176202638894319
2015,Montgomery - AL,-0.1125211547277867,0.0110148939192295
2015,Nashville - TN,-0.049431241504848206,0.0079247097373009
2015,New Haven - CT,-0.0984107035128398,0.0083402435183525
2015,New York - NY,-0.1282340832203626,0.0042127895057201
2015,Norfolk - VA,-0.0907748308181761,0.0077327771931886
2015,Northwest Arkansas - AR,-0.1083310101330281,0.0116609039604664
2015,Oklahoma City - OK,-0.04407450956385581,-0.0168774819113314
2015,Omaha - NE,-0.0965382717931644,0.0063832330405711
2015,Orlando - FL,-0.09971833534107992,0.0211500453650951
2015,Philadelphia - PA,-0.03948081358429039,0.0077286346703767
2015,Phoenix - AZ,-0.13807881941646358,0.0276032837927341
2015,Pittsburgh - PA,-0.0834687221013008,0.0028323217183352
2015,Portland - OR,-0.026237782478332514,0.0127686451077461
2015,Providence - RI,-0.09180576858669509,0.0157018176168203
2015,Raleigh - NC,-0.0334762524962425,0.0128196797221899
2015,Reno - NV,-0.1083882482871412,0.0568749050498009
2015,Richmond - VA,-0.0939515479058026,0.0131535570025444
2015,Rochester - NY,-0.11133497421722838,0.0124253372550011
2015,Sacramento - CA,-0.08477036652946832,0.0627081806659698
2015,Saint Louis - MO,-0.10306281565316011,0.0069577528983354
2015,Salinas - CA,-0.07206866183876989,0.0461243356466293
2015,Salt Lake City - UT,-0.06575660166889429,0.0245532135367393
2015,San Antonio - TX,-0.0496834501773119,0.0024845779761672
2015,San Diego - CA,-0.04705054283293441,0.0271164665818214
2015,San Francisco - CA,0.03802464491128911,-0.0115931742703542
2015,San Jose - CA,0.027995544098317802,-0.0176093286946415
2015,Santa Barbara - CA,-0.0765126882269977,0.0171040410995483
2015,Santa Rosa - CA,-0.005076484676450492,0.0301572161614895
2015,Sarasota - FL,-0.0732384700477125,0.0018302847519517
2015,Seattle - WA,-0.05193267615139489,0.0307338687479496
2015,Shreveport - LA,-0.1339907515011725,-0.0051240275725722
2015,Spokane - WA,-0.1218477547317741,0.0204183424711227
2015,Springfield - MA,-0.058647859297692895,0.0164372700154781
2015,Stamford - CT,-0.1246410383991894,0.0025267072841525
2015,Stockton - CA,-0.0872966893166303,0.0526891018152236
2015,Syracuse - NY,-0.08711074005439878,0.0142351428866386
2015,Tampa - FL,-0.0920212915316225,0.021015204757452
2015,Toledo - OH,-0.0982629348672925,0.0046131743937731
2015,Tucson - AZ,-0.11113189036585361,0.0337883981764317
2015,Ventura - CA,-0.0451973559483885,0.022877637565136
2015,Washington - DC,0.003936856597662201,0.0005604068636894
2015,Wichita - KS,-0.08992705308808932,-0.0046246691718697
2015,Winston-Salem - NC,-0.11658927091956141,0.0289503226876259
2015,Worcester - MA,-0.06008219571411601,0.0150242078006268
2016,Akron - OH,-0.026060549475252416,-0.0034675172567368
2016,Albany - NY,-0.0428822086453436,-0.0108383896797895
2016,Albuquerque - NM,-0.04875972301512949,0.003874860420823
2016,Ann Arbor - MI,0.034660990417003504,0.0338513978719711
2016,Atlanta - GA,0.0347357239313424,0.009197849497199
2016,Augusta - GA,-0.035500216230750295,0.0122654751837253
2016,Austin - TX,0.0286803506985307,-0.0096946026235819
2016,Bakersfield - CA,-0.06903126642853052,0.0126351506412028
2016,Baltimore - MD,0.016438642583787598,-0.0047420862168074
2016,Baton Rouge - LA,-0.0351129215471446,-0.0328200639262795
2016,Birmingham - AL,-0.0488116293475032,-0.0011895711570978
2016,Boston - MA,0.0107227741479873,0.0040078383833169
2016,Buffalo - NY,-0.0397960924804212,0.0017513052523135
2016,Charleston - SC,0.0200518631115554,-0.0093652189746499
2016,Charlotte - NC,-0.0394993917346003,-0.0017283561676741
2016,Chicago - IL,0.006198869153857103,-0.007089451238513
2016,Cincinnati - OH,-0.009306701764464506,0.0021550838798285
2016,Cleveland - OH,-0.0346359510933979,-0.0082779324650764
2016,Colorado Springs - CO,0.054828439906239396,0.0202860848009585
2016,Columbus - OH,0.005571147494018103,0.0107863598465919
2016,Corpus Christi - TX,0.021897677748464094,-0.0104712809473276
2016,Dallas-Fort Worth - TX,0.04507037328742431,0.0005349569916724
2016,Dayton - OH,-0.036917522242467304,0.0006172225773334
2016,Denver - CO,0.1066832422018052,0.0048286241441964
2016,Detroit - MI,-0.029041924446821188,0.00665104919672
2016,El Paso - TX,-0.09787288673967079,-0.0033980722576379
2016,Eugene - OR,-0.024002672106027398,0.0232747585475445
2016,Fort Wayne - IN,-0.021053240276407204,0.0027243101000785
2016,Fresno - CA,-0.05586201877146951,0.0244436577856541
2016,Gainesville - FL,-0.013725068818777705,0.0223520264923573
2016,Grand Rapids - MI,0.0275834254659712,0.0131796427965163
2016,Greensboro - NC,-0.0325870895087719,0.0021699887663125
2016,Greenville - SC,0.028680639408528802,-0.0143338621631264
2016,Harrisburg - PA,-0.02268171210587019,-0.0020198992490768
2016,Hartford - CT,-0.0533726445194332,-0.0029407854229212
2016,Honolulu - HI,0.020717822082340704,0.0076920275539159
2016,Houston - TX,0.0207179629448801,0.0125936881601809
2016,Huntsville - AL,-0.0736730901319534,0.0192255058288574
2016,Indianapolis - IN,-0.0355095005854962,0.0098164097368716
2016,Inland Empire - CA,0.0058864663094282885,0.0271324046850203
2016,Jackson - MS,-0.021772399477660596,-0.0138759234026074
2016,Jacksonville - FL,-0.0190939294900746,0.0193932631015778
2016,Kansas City - MO,-0.01361542654037471,-0.0043906888961792
2016,Knoxville - TN,-0.045413818841799895,0.0143639647364615
2016,Lansing - MI,-0.038178508335724205,-0.0005756842941046
2016,Las Vegas - NV,-0.08196922897174948,0.0289196238815783
2016,Lehigh Valley - PA,-0.025290275856852604,0.0134050712883472
2016,Lincoln - NE,-0.03386897787847559,-0.000894395917654
2016,Little Rock - AR,-0.06735593446344121,-0.0092401116192341
2016,Los Angeles - CA,-0.03775539056211721,0.010617771834135
2016,Louisville - KY,-0.023088363863527896,-0.0031738004684448
2016,Lubbock - TX,-0.044976006602402495,-0.0190554616777226
2016,Memphis - TN,-0.07058006285503479,0.0029400751888751
2016,Miami - FL,0.001586247302591593,0.0005795021504163
2016,Milwaukee - WI,-0.07218973704427498,-0.0125742753073573
2016,Minneapolis - MN,-0.0313527229502797,0.0121598669290543
2016,Montgomery - AL,-0.043723689790815104,-0.0082313505038619
2016,Nashville - TN,0.024747732162475396,-0.0135853461027145
2016,New Haven - CT,-0.051217038932256306,-0.0012954085171223
2016,New York - NY,-0.0491366264671086,-0.0096763161048293
2016,Norfolk - VA,-0.047421542860567496,-0.0020364041477442
2016,Northwest Arkansas - AR,-0.03147181116789591,-0.0143194853365421
2016,Oklahoma City - OK,-0.0262164341313766,-0.0082727701440454
2016,Omaha - NE,-0.0387757695773617,-0.0040032419413328
2016,Orlando - FL,0.012656195287243599,0.0314281449615955
2016,Philadelphia - PA,0.0056644945377484004,0.0001371183395385
2016,Phoenix - AZ,-0.012810844860971109,0.0195795238912105
2016,Pittsburgh - PA,-0.03531317638978361,-0.0100931136906147
2016,Portland - OR,0.06976082648336879,-0.0023238885253668
2016,Providence - RI,-0.012500537026673503,0.013501515328884
2016,Raleigh - NC,0.052673832580447104,-0.0031101240813732
2016,Reno - NV,-0.021924282124266004,0.0424730756282805
2016,Richmond - VA,-0.03165030100196589,0.0217469238638878
2016,Rochester - NY,-0.05213324381317929,0.0094264985024929
2016,Sacramento - CA,0.035073880464304305,0.0423351579308509
2016,Saint Louis - MO,-0.0354738244116306,-0.0091682600826025
2016,Salinas - CA,0.025631417587399494,0.0453885250687599
2016,Salt Lake City - UT,-0.02890384749323139,0.0061276179701089
2016,San Antonio - TX,0.010341585680842296,-0.0111908105239272
2016,San Diego - CA,0.047486884804791595,0.0149581783413887
2016,San Francisco - CA,0.1020096196532247,-0.0063709870949388
2016,San Jose - CA,0.11896691012382521,0.0115518958270549
2016,Santa Barbara - CA,0.0073948847800495085,0.0130580306947231
2016,Santa Rosa - CA,0.098420604199171,0.035282602250576
2016,Sarasota - FL,0.017890670403838002,0.0068365537524223
2016,Seattle - WA,0.02238140541315061,0.0052059979140758
2016,Shreveport - LA,-0.0732483364902435,-0.0030732083171606
2016,Spokane - WA,-0.060240075856447105,0.0192603484690189
2016,Springfield - MA,-0.007087315365672298,-0.0003158061802387
2016,Stamford - CT,-0.05832380096241812,-0.0024656712114811
2016,Stockton - CA,0.024356857009231986,0.0288436912894249
2016,Syracuse - NY,-0.028948232464492397,-0.0087637345343828
2016,Tampa - FL,0.016169941119849603,0.0151132584512234
2016,Toledo - OH,-0.034602343503385806,0.0071171277165412
2016,Tucson - AZ,-0.0453475899323819,0.023813834130764
2016,Ventura - CA,0.06535034912824642,0.0193426699340342
2016,Washington - DC,0.055967033907771205,-0.0081728150174022
2016,Wichita - KS,-0.0449529686213935,-0.0093267609402537
2016,Winston-Salem - NC,-0.0338674177676439,0.0062891838103532
2016,Worcester - MA,0.012332419931888605,-0.0009511991441249
