msa,rdi_positive_count,rent_growth_sum
Akron - OH,1,-0.00221861121244732
Akron - OH,1,0.0001422564964741201
Akron - OH,1,0.00017438181675969965
Akron - OH,0,-0.0027948142495005995
Akron - OH,0,-0.002841022377833679
Akron - OH,0,-0.0025256809778510998
Akron - OH,1,-0.0048207211308180595
Akron - OH,1,-0.004356082715094039
Akron - OH,1,-0.00403259880840776
Akron - OH,2,-0.00653294734656808
Akron - OH,2,-0.00573902428150178
Akron - OH,1,-0.0060229813680053
Akron - OH,1,-0.00541514605283736
Akron - OH,1,-0.0001394370570778791
Albany - NY,3,0.00213018399663266
Albany - NY,3,0.0024750909302383396
Albany - NY,3,-7.130135782062036e-05
Albany - NY,2,-0.0015825263690203207
Albany - NY,1,-0.0036588955204933603
Albany - NY,1,-0.007353308517485821
Albany - NY,2,-0.00631740121170876
Albany - NY,2,-0.00700786039233206
Albany - NY,2,-0.0076873606070876
Albany - NY,2,-0.00640743877738712
Albany - NY,1,-0.0031017230823636
Albany - NY,0,-0.01268461104482412
Albany - NY,0,-0.00658723525702954
Albany - NY,0,-0.00187557060271504
Albuquerque - NM,4,0.00483737378381188
Albuquerque - NM,4,0.004986796295270299
Albuquerque - NM,4,0.0024131648708134996
Albuquerque - NM,4,-0.0029437580611556403
Albuquerque - NM,4,-0.0036488556768744804
Albuquerque - NM,4,-0.0070977865718304806
Albuquerque - NM,4,-0.007459274586290099
Albuquerque - NM,4,-0.006228229217231299
Albuquerque - NM,4,-0.002006086520850699
Albuquerque - NM,3,0.0023357758298515607
Albuquerque - NM,2,0.01305906083434812
Albuquerque - NM,1,0.0217858122661709
Albuquerque - NM,1,0.026881655678152983
Albuquerque - NM,1,0.025499941594898663
Ann Arbor - MI,5,-0.0020017445553094397
Ann Arbor - MI,5,0.00267994659952818
Ann Arbor - MI,4,0.00978232477791606
Ann Arbor - MI,3,0.00961833004839718
Ann Arbor - MI,3,0.01076972712762654
Ann Arbor - MI,3,0.009156572725623821
Ann Arbor - MI,3,0.01058927951380606
Ann Arbor - MI,4,0.01089114081114524
Ann Arbor - MI,5,0.008773116953670921
Ann Arbor - MI,5,0.0084512094035744
Ann Arbor - MI,5,0.00681223012506956
Ann Arbor - MI,4,0.0035164490342139997
Ann Arbor - MI,4,-0.0039051348343491403
Ann Arbor - MI,3,-0.0017879683524370201
Atlanta - GA,2,-0.01398105709813536
Atlanta - GA,3,-0.0102271085139364
Atlanta - GA,4,-0.005419754283502681
Atlanta - GA,4,0.0020446015056222793
Atlanta - GA,4,0.00586889362894
Atlanta - GA,4,0.013314398285001519
Atlanta - GA,4,0.015437462087720618
Atlanta - GA,4,0.01492640022188422
Atlanta - GA,5,0.016329747997224302
Atlanta - GA,5,0.014374518953263698
Atlanta - GA,4,0.010773765109479359
Atlanta - GA,3,0.0225331963971257
Atlanta - GA,2,0.014699965715408343
Atlanta - GA,1,0.0018419733271003006
Austin - TX,2,0.0021717137191444398
Austin - TX,3,0.0035597509238869
Austin - TX,4,0.0025226518046111202
Austin - TX,4,0.0053341018501669194
Austin - TX,4,0.00925340265966948
Austin - TX,4,0.010656989272683819
Austin - TX,4,0.006590546201914521
Austin - TX,4,0.0018723873421549405
Austin - TX,4,0.0013924734666943199
Austin - TX,3,0.00228271614760158
Austin - TX,2,-0.007650953345000761
Austin - TX,1,0.00814321395009748
Austin - TX,0,0.005989902466535501
Austin - TX,0,-0.009469590149819898
Bakersfield - CA,5,0.00207026447169478
Bakersfield - CA,5,-0.00174555149860686
Bakersfield - CA,4,-0.00375818419270222
Bakersfield - CA,3,-0.0052538940217346205
Bakersfield - CA,3,-0.0007372838910669402
Bakersfield - CA,3,-0.00460818307474258
Bakersfield - CA,2,-0.00591679671779276
Bakersfield - CA,3,-0.0048215622082352794
Bakersfield - CA,3,-0.0014954051002860403
Bakersfield - CA,2,0.00131271760910744
Bakersfield - CA,2,0.009198227338492801
Bakersfield - CA,2,0.01665009316056964
Bakersfield - CA,2,0.01553072594106196
Bakersfield - CA,3,0.01561600062996148
Baltimore - MD,2,0.00961260809563096
Baltimore - MD,3,0.01133763878606256
Baltimore - MD,3,0.010662609944120039
Baltimore - MD,2,0.010155501449480658
Baltimore - MD,1,0.004339321376755839
Baltimore - MD,2,-0.00320180067792532
Baltimore - MD,2,-0.007709962967783179
Baltimore - MD,2,-0.00825399439781904
Baltimore - MD,2,-0.008852476812899118
Baltimore - MD,2,-0.00848750080913304
Baltimore - MD,1,-0.004528232105076321
Baltimore - MD,0,0.00173669215291734
Baltimore - MD,0,-0.0010007809847593602
Baltimore - MD,0,-0.0017202083021402603
Baton Rouge - LA,1,0.001244279695674739
Baton Rouge - LA,2,-0.0063322465401143
Baton Rouge - LA,2,-0.00630326238460836
Baton Rouge - LA,2,-0.0017495325300842198
Baton Rouge - LA,2,-0.00225590863265096
Baton Rouge - LA,2,-0.0045807490125298
Baton Rouge - LA,1,0.0017692935653031206
Baton Rouge - LA,2,-0.00409993827342986
Baton Rouge - LA,3,-0.01091298600658772
Baton Rouge - LA,3,-0.01871405248530204
Baton Rouge - LA,4,-0.016053031058982002
Baton Rouge - LA,4,-0.02418913547880944
Baton Rouge - LA,3,-0.022244154335930917
Baton Rouge - LA,2,-0.01519452589564024
Birmingham - AL,1,2.6067299768339898e-05
Birmingham - AL,2,-0.006869178684428301
Birmingham - AL,2,-0.007017868151888221
Birmingham - AL,2,-0.0020576780196279202
Birmingham - AL,2,-0.0040558488573879
Birmingham - AL,2,-0.005867462884634719
Birmingham - AL,1,-0.0057742237113416
Birmingham - AL,1,-0.005410663224756701
Birmingham - AL,0,-0.00104700792580842
Birmingham - AL,0,0.0021017337217927
Birmingham - AL,0,0.004583706520497759
Birmingham - AL,0,0.00590837206691496
Birmingham - AL,0,0.003664313256740519
Birmingham - AL,1,-0.0034194035455584804
Boston - MA,0,-0.0007316321600229208
Boston - MA,0,0.00434833816252644
Boston - MA,0,0.0036674699280410594
Boston - MA,0,0.0018424354959278993
Boston - MA,0,0.004766610683873239
Boston - MA,1,0.00478725871071216
Boston - MA,2,0.0018516573123633598
Boston - MA,2,0.00230436380952594
Boston - MA,2,0.00291767250746486
Boston - MA,2,0.00243883151561018
Boston - MA,1,-0.0143515465781093
Boston - MA,0,-0.00879205297678716
Boston - MA,0,-0.009521818533539799
Boston - MA,0,-0.008731206320226219
Buffalo - NY,0,0.0023122118320316
Buffalo - NY,0,0.00265226061455908
Buffalo - NY,0,0.00102787395007912
Buffalo - NY,0,-8.533610962327999e-05
Buffalo - NY,0,-0.00241365577094254
Buffalo - NY,1,-0.00657835500314824
Buffalo - NY,1,-0.00878366632387036
Buffalo - NY,2,-0.0079835098236799
Buffalo - NY,2,-0.008630234003067
Buffalo - NY,2,-0.00934001002460716
Buffalo - NY,1,-0.006598236598074461
Buffalo - NY,1,-0.01354497466236356
Buffalo - NY,0,-0.01409183479845524
Buffalo - NY,0,-0.00884022470563652
Charleston - SC,1,0.0006787087302654596
Charleston - SC,1,-0.0038216963876039
Charleston - SC,1,-0.0030923328828066795
Charleston - SC,0,0.0026776938233524596
Charleston - SC,0,0.006307240808382619
Charleston - SC,1,0.00675960471853614
Charleston - SC,2,0.00512710427865388
Charleston - SC,3,0.0019594706594944196
Charleston - SC,3,0.0005123864859342599
Charleston - SC,3,-0.0022233087569475197
Charleston - SC,2,-0.004880653321743
Charleston - SC,1,0.0044387113302945405
Charleston - SC,0,0.01227357350289812
Charleston - SC,0,0.0127659235149621
Charlotte - NC,2,-0.0173183436039835
Charlotte - NC,3,-0.01482722000218926
Charlotte - NC,4,-0.012067943951114981
Charlotte - NC,3,-0.007002877769991742
Charlotte - NC,3,0.00040148613043126035
Charlotte - NC,2,0.006723812129348481
Charlotte - NC,2,0.00596562763676042
Charlotte - NC,2,0.0025879828259348205
Charlotte - NC,2,0.00454801078885788
Charlotte - NC,2,0.00603396501392122
Charlotte - NC,2,0.0029683483764528797
Charlotte - NC,1,0.013219477422535342
Charlotte - NC,0,0.013823397085070521
Charlotte - NC,0,0.0044202357530593
Chicago - IL,0,0.013880521198734558
Chicago - IL,0,0.01192836402915412
Chicago - IL,0,0.006912635872140481
Chicago - IL,1,0.0029887054581194993
Chicago - IL,1,0.0018657591659575398
Chicago - IL,1,0.0012166704051196399
Chicago - IL,2,-0.0014386353082954802
Chicago - IL,3,-0.0033729037269949803
Chicago - IL,2,-0.0029397865757346204
Chicago - IL,2,-0.005026955343782879
Chicago - IL,2,-0.01429620087146756
Chicago - IL,1,-0.0148562230169773
Chicago - IL,0,-0.013210773281753057
Chicago - IL,0,-0.010140019282698639
Cincinnati - OH,2,-0.00242143315263092
Cincinnati - OH,2,0.0013176023494452405
Cincinnati - OH,3,0.0037342973519116597
Cincinnati - OH,4,0.0027048876974731604
Cincinnati - OH,4,-0.0005087509285658599
Cincinnati - OH,4,-0.00100592868402602
Cincinnati - OH,4,-0.0009715291671455
Cincinnati - OH,4,-0.0010588373988867001
Cincinnati - OH,3,-0.0006558042019605802
Cincinnati - OH,2,0.00010055843740697993
Cincinnati - OH,1,0.00017634611576794
Cincinnati - OH,1,-0.00245923567563298
Cincinnati - OH,0,0.0010479629039764204
Cincinnati - OH,0,0.0036537969484925006
Cleveland - OH,0,-0.004774299566634
Cleveland - OH,0,-0.0023298033745959394
Cleveland - OH,0,-2.344662789251972e-05
Cleveland - OH,0,-0.0014429195085539997
Cleveland - OH,0,-0.0051370926434173795
Cleveland - OH,0,-0.00427787816151972
Cleveland - OH,0,-0.00565015608444804
Cleveland - OH,0,-0.00685130618512626
Cleveland - OH,1,-0.00594732388854022
Cleveland - OH,1,-0.0051384286954998405
Cleveland - OH,1,-0.006497374735772559
Cleveland - OH,1,-0.00999103579670188
Cleveland - OH,1,-0.00811268128454684
Cleveland - OH,0,-0.00655478965491058
Colorado Springs - CO,2,-0.00120616569183768
Colorado Springs - CO,3,0.0029818168375641
Colorado Springs - CO,4,0.00402613165788352
Colorado Springs - CO,5,0.00699449186213312
Colorado Springs - CO,5,0.01079777409322554
Colorado Springs - CO,5,0.0137952732853591
Colorado Springs - CO,5,0.01865852428600188
Colorado Springs - CO,5,0.02033617924898856
Colorado Springs - CO,4,0.020691947080194877
Colorado Springs - CO,4,0.02216645944863552
Colorado Springs - CO,4,0.020160189457237642
Colorado Springs - CO,4,0.013739937357604402
Colorado Springs - CO,3,0.009106289967894499
Colorado Springs - CO,4,-0.00021042246371510143
Columbia - SC,0,-0.0002895109821111
Columbia - SC,1,-0.00510781877674162
Columbia - SC,1,-0.0032983699347823997
Columbia - SC,1,0.00294510242529212
Columbia - SC,1,0.0031765368301421197
Columbia - SC,2,0.00319947944954036
Columbia - SC,1,0.00346978818997738
Columbia - SC,1,0.00055825673043726
Columbia - SC,1,-0.0008073858916759598
Columbia - SC,1,0.0026244774460792404
Columbia - SC,0,0.00601978972554204
Columbia - SC,0,0.007853393256664221
Columbia - SC,1,0.00942234881222242
Columbia - SC,1,0.0120890671387314
Columbus - OH,1,0.005625317757949199
Columbus - OH,2,0.0085107843857258
Columbus - OH,3,0.009140615956857761
Columbus - OH,4,0.00527780153788626
Columbus - OH,5,-0.0010245803277939601
Columbus - OH,5,-0.0015727947466075201
Columbus - OH,5,-0.00029779421165582014
Columbus - OH,5,0.00113555807620286
Columbus - OH,4,0.0013528654351830202
Columbus - OH,3,0.0020948151126503806
Columbus - OH,2,0.0029817739501595006
Columbus - OH,1,-0.0024897338822484397
Columbus - OH,0,-0.0027569334954023403
Columbus - OH,0,-0.0007771698758006198
Corpus Christi - TX,2,0.0028104594210162205
Corpus Christi - TX,2,0.0017101440811529603
Corpus Christi - TX,1,0.00263979670125992
Corpus Christi - TX,1,0.00711462751496586
Corpus Christi - TX,1,0.009960183431394421
Corpus Christi - TX,1,0.00955916577950122
Corpus Christi - TX,2,0.00221907077357176
Corpus Christi - TX,3,-0.00385324265807864
Corpus Christi - TX,4,-0.011705191619694199
Corpus Christi - TX,4,-0.012657072208821762
Corpus Christi - TX,3,-0.0115788048133254
Corpus Christi - TX,2,-0.00886637549847366
Corpus Christi - TX,1,-0.011072504520416259
Corpus Christi - TX,0,-0.011171207949519141
Dallas-Fort Worth - TX,4,-0.00016975877806544025
Dallas-Fort Worth - TX,4,0.00359568009153008
Dallas-Fort Worth - TX,5,0.006400599516928179
Dallas-Fort Worth - TX,4,0.005687240883708
Dallas-Fort Worth - TX,3,0.006146681681275359
Dallas-Fort Worth - TX,3,0.0114744680933654
Dallas-Fort Worth - TX,3,0.01115396833047268
Dallas-Fort Worth - TX,3,0.009052993915975058
Dallas-Fort Worth - TX,3,0.0066714299842715
Dallas-Fort Worth - TX,3,0.005075118876993639
Dallas-Fort Worth - TX,2,-0.00205906871706248
Dallas-Fort Worth - TX,1,0.0057115549221635805
Dallas-Fort Worth - TX,0,0.0051131509244443
Dallas-Fort Worth - TX,0,0.0005593307316304399
Dayton - OH,0,-0.0024453265577904005
Dayton - OH,0,-8.134227100525977e-05
Dayton - OH,0,0.0005894375048228998
Dayton - OH,0,-0.00199686614650994
Dayton - OH,0,-0.0048311361097147995
Dayton - OH,0,-0.00462624868378036
Dayton - OH,1,-0.003858798649162
Dayton - OH,2,-0.0033328218385577
Dayton - OH,3,-0.0018453702330589398
Dayton - OH,4,0.00132546145468948
Dayton - OH,4,0.0029958261176943205
Dayton - OH,3,0.0007015613839029599
Dayton - OH,2,0.0033478554338216004
Dayton - OH,1,0.0076434856280683805
Denver - CO,1,0.0058896747883408805
Denver - CO,2,0.01128116934560236
Denver - CO,3,0.014211042830720519
Denver - CO,4,0.01637356248684228
Denver - CO,4,0.023407268198207
Denver - CO,4,0.019798098038882023
Denver - CO,4,0.015275850053876642
Denver - CO,4,0.011408654414117321
Denver - CO,4,0.00837478060275312
Denver - CO,4,0.0022766655310988196
Denver - CO,3,-0.00659305118024352
Denver - CO,2,-0.00031365714967260055
Denver - CO,1,-0.0035036580637097803
Denver - CO,0,-0.006137922778725641
Des Moines - IA,3,-0.00281614596024154
Des Moines - IA,2,-8.270302787421984e-05
Des Moines - IA,3,0.00035882107913496003
Des Moines - IA,4,-0.0019267529249190798
Des Moines - IA,4,-0.006760073034092739
Des Moines - IA,3,-0.007176333339884861
Des Moines - IA,4,-0.00914440383203324
Des Moines - IA,4,-0.01428595441393552
Des Moines - IA,4,-0.01724184486083686
Des Moines - IA,3,-0.0156783517450094
Des Moines - IA,3,-0.01791348103433844
Des Moines - IA,2,-0.026228141970932477
Des Moines - IA,1,-0.02037981767207386
Des Moines - IA,0,-0.017324665002524862
Detroit - MI,0,-0.0168039592797868
Detroit - MI,0,-0.01128620129311456
Detroit - MI,0,-0.00394827608251942
Detroit - MI,0,-0.0028565903659909598
Detroit - MI,0,-0.00511573138646776
Detroit - MI,0,-0.00048510255292054003
Detroit - MI,1,0.00251891585066916
Detroit - MI,2,0.0031413521617650797
Detroit - MI,3,0.0038296472281216997
Detroit - MI,3,0.00439249072223896
Detroit - MI,4,0.005907656438648641
Detroit - MI,3,0.0012163674458860803
Detroit - MI,2,-0.0027446795254946
Detroit - MI,1,-0.0032918283715844205
Durham - NC,2,0.0007649603765457794
Durham - NC,2,-0.0029233232606202197
Durham - NC,3,0.00013156463392082068
Durham - NC,3,0.00456667416729036
Durham - NC,3,0.00621742852963508
Durham - NC,4,0.007013884838670501
Durham - NC,4,0.00735578751191496
Durham - NC,4,0.00327996928244828
Durham - NC,3,0.008168743364512902
Durham - NC,2,0.00786401312798258
Durham - NC,1,0.0053386280313134
Durham - NC,1,0.015009673498570918
Durham - NC,0,0.01645743995904922
Durham - NC,0,0.004477005265653142
East Bay - CA,1,-1.323134638376057e-05
East Bay - CA,0,0.001968516176566439
East Bay - CA,1,0.002989899599924679
East Bay - CA,2,0.008494706498458978
East Bay - CA,3,0.02271876712329684
East Bay - CA,4,0.0288649964146316
East Bay - CA,5,0.024234643485397098
East Bay - CA,5,0.020245481096208058
East Bay - CA,5,0.013404299877583958
East Bay - CA,5,0.004047187976539119
East Bay - CA,5,-0.01581427399069072
East Bay - CA,5,-0.022470668889582178
East Bay - CA,4,-0.03003482297062874
East Bay - CA,3,-0.03413682337850332
El Paso - TX,5,0.00254751886241134
El Paso - TX,5,0.0015127421822398797
El Paso - TX,4,-0.00194422989152368
El Paso - TX,4,-0.0057667692657559395
El Paso - TX,3,-0.00753841479308896
El Paso - TX,3,-0.014874600898474383
El Paso - TX,2,-0.017907585855573338
El Paso - TX,2,-0.017521367222070643
El Paso - TX,1,-0.015972049161791763
El Paso - TX,1,-0.0125039399601519
El Paso - TX,0,-0.00416568517684938
El Paso - TX,0,0.00259922835975884
El Paso - TX,0,0.0082814659923315
El Paso - TX,0,0.0104323526844382
Fargo - ND,0,-0.00199979846365752
Fargo - ND,0,-0.0002372293267399
Fargo - ND,1,-0.0004143189173191399
Fargo - ND,2,-0.0021320025902240797
Fargo - ND,3,-0.00463908403180532
Fargo - ND,3,-0.0077673216350375805
Fargo - ND,4,-0.010633435938507239
Fargo - ND,3,-0.01424920954741532
Fargo - ND,2,-0.016922123217955182
Fargo - ND,1,-0.0204813918564468
Fargo - ND,1,-0.02003770456649358
Fargo - ND,0,-0.02826403719373044
Fargo - ND,0,-0.02267316021025178
Fargo - ND,0,-0.014727285690605644
Fort Lauderdale - FL,4,-0.007567868754267739
Fort Lauderdale - FL,3,-0.013532180711627017
Fort Lauderdale - FL,2,-0.00664273998700082
Fort Lauderdale - FL,1,0.00384410549886524
Fort Lauderdale - FL,1,0.010105215804651341
Fort Lauderdale - FL,1,0.01180178439244626
Fort Lauderdale - FL,2,0.008861249592155198
Fort Lauderdale - FL,3,0.00832040440291162
Fort Lauderdale - FL,3,0.006580091081559642
Fort Lauderdale - FL,3,0.0033723672851919996
Fort Lauderdale - FL,2,-0.00358608532696962
Fort Lauderdale - FL,1,0.01787369083613154
Fort Lauderdale - FL,0,0.01771518327295778
Fort Lauderdale - FL,0,0.01477730339393018
Fresno - CA,5,0.0023785778786986995
Fresno - CA,4,-0.0023270244244485996
Fresno - CA,4,-0.006708299694582779
Fresno - CA,4,-0.00819965316914016
Fresno - CA,4,-0.004987890785559981
Fresno - CA,4,-0.0036194044165313
Fresno - CA,5,0.00333716543391348
Fresno - CA,5,0.00978340562433002
Fresno - CA,5,0.01488188412040466
Fresno - CA,5,0.01907012853771442
Fresno - CA,5,0.024010522849857743
Fresno - CA,5,0.02137394156306964
Fresno - CA,5,0.01693534143269044
Fresno - CA,5,0.014886818267404862
Gainesville - FL,2,0.00042903502471744
Gainesville - FL,3,-0.00583181525580582
Gainesville - FL,2,-0.00468997606076298
Gainesville - FL,2,0.00036126780323686
Gainesville - FL,2,-0.0009548129979521002
Gainesville - FL,2,0.0008591671474277799
Gainesville - FL,2,0.0055399217642843395
Gainesville - FL,3,0.0092488747090101
Gainesville - FL,4,0.01039201132953162
Gainesville - FL,5,0.01520946938544506
Gainesville - FL,5,0.011626577191054782
Gainesville - FL,5,0.0112943010404706
Gainesville - FL,5,0.01004775688052178
Gainesville - FL,5,0.007934691943228279
Grand Rapids - MI,0,-0.0018184734042734005
Grand Rapids - MI,0,0.0024036752525716997
Grand Rapids - MI,1,0.00352811659686266
Grand Rapids - MI,1,0.0028840252663940203
Grand Rapids - MI,2,0.0025265788193791798
Grand Rapids - MI,3,0.00767084574326866
Grand Rapids - MI,4,0.007801029365509681
Grand Rapids - MI,4,0.009718587808310902
Grand Rapids - MI,5,0.01019688565284004
Grand Rapids - MI,5,0.00991175267845384
Grand Rapids - MI,4,0.009523388929665021
Grand Rapids - MI,3,0.00867110621184102
Grand Rapids - MI,2,0.0086671117693185
Grand Rapids - MI,1,0.01153264846652738
Greensboro - NC,0,0.0008903467562049603
Greensboro - NC,1,-0.005570866027846921
Greensboro - NC,1,-0.005830941675230841
Greensboro - NC,1,-0.001851464016363
Greensboro - NC,2,-0.0026349190156906197
Greensboro - NC,2,-0.00341451941058032
Greensboro - NC,2,-0.0007377139292656799
Greensboro - NC,2,0.0006946483626962
Greensboro - NC,2,0.00434490609914064
Greensboro - NC,1,0.007313397713005499
Greensboro - NC,2,0.013940580748021519
Greensboro - NC,2,0.02139472458511586
Greensboro - NC,2,0.023560577258467618
Greensboro - NC,2,0.02012704629451034
Greenville - SC,1,0.0012374132405966404
Greenville - SC,2,-0.004095118911936859
Greenville - SC,2,-0.0017110656481236202
Greenville - SC,2,0.00464699589647352
Greenville - SC,1,0.00863984399475156
Greenville - SC,1,0.008189881127327681
Greenville - SC,1,0.005330987181514499
Greenville - SC,2,0.0001558646559715205
Greenville - SC,2,0.0006916504353284604
Greenville - SC,3,-0.00389920063316822
Greenville - SC,3,-0.0038966141641140193
Greenville - SC,2,0.0030883401632309402
Greenville - SC,1,0.00991518646478656
Greenville - SC,1,0.003881917754188241
Harrisburg - PA,4,0.00242804079316554
Harrisburg - PA,3,0.0034920248668640604
Harrisburg - PA,3,0.0017583709675818599
Harrisburg - PA,2,0.0014898296911269398
Harrisburg - PA,2,-9.230854921042017e-05
Harrisburg - PA,1,-0.0038143812678753997
Harrisburg - PA,1,-0.0029285752214490996
Harrisburg - PA,0,-0.00263090971857306
Harrisburg - PA,0,-0.0001899542286991799
Harrisburg - PA,0,-0.0005217941477894599
Harrisburg - PA,0,0.00271794293075798
Harrisburg - PA,1,-0.0010105298832059199
Harrisburg - PA,1,-0.00448169410228732
Harrisburg - PA,1,-0.004686679132282779
Hartford - CT,3,-0.01035367334261532
Hartford - CT,3,-0.007259373087435901
Hartford - CT,2,-0.00423398446291676
Hartford - CT,1,-0.00598726524040094
Hartford - CT,2,-0.0044978874735533605
Hartford - CT,2,-0.00498645892366764
Hartford - CT,3,-0.00540102375671264
Hartford - CT,3,-0.00501012038439512
Hartford - CT,3,-0.0035812826827168595
Hartford - CT,2,-0.0057569241151213596
Hartford - CT,1,-0.0036017602309584597
Hartford - CT,0,-0.008043233864009399
Hartford - CT,0,-0.0061901178210973795
Hartford - CT,0,-0.001385718397796179
Honolulu - HI,5,0.01594867188250644
Honolulu - HI,5,0.00627325366949664
Honolulu - HI,5,0.0019498949288390803
Honolulu - HI,5,0.0063505165744573
Honolulu - HI,5,0.0159319766331464
Honolulu - HI,5,0.00607764618471268
Honolulu - HI,5,0.0026983316056430604
Honolulu - HI,5,0.0018702043220400802
Honolulu - HI,5,-0.0027548206970095593
Honolulu - HI,5,-0.00777020957320926
Honolulu - HI,4,-0.0062639981508254795
Honolulu - HI,4,-0.0048368791118264
Honolulu - HI,3,-0.016259378800168582
Honolulu - HI,2,-0.011639775754883843
Houston - TX,3,0.005457381159067121
Houston - TX,3,0.00779807884246108
Houston - TX,2,0.008062041457742461
Houston - TX,2,0.0065902822650969195
Houston - TX,3,0.0058463060297072
Houston - TX,3,0.00607748636975884
Houston - TX,3,-0.0029984657652676197
Houston - TX,4,-0.0029320063069463204
Houston - TX,5,-0.00934333894401792
Houston - TX,4,-0.01159862335771324
Houston - TX,3,-0.01690262462943794
Houston - TX,2,-0.0085760286077857
Houston - TX,1,-0.013824876397848102
Houston - TX,0,-0.012747950153425303
Indianapolis - IN,2,-0.0026903771329671203
Indianapolis - IN,1,0.0017182021867483798
Indianapolis - IN,2,0.003244912112131719
Indianapolis - IN,3,-0.0006133861374109598
Indianapolis - IN,4,-0.00592604517005378
Indianapolis - IN,3,-0.00477080782875412
Indianapolis - IN,4,-0.00478818798437708
Indianapolis - IN,3,-0.00248510502278802
Indianapolis - IN,2,-0.0008188657462597004
Indianapolis - IN,1,0.0025008199736475598
Indianapolis - IN,1,0.00622759331017726
Indianapolis - IN,0,0.00761210005730392
Indianapolis - IN,0,0.01201084740459924
Indianapolis - IN,0,0.013166728056967319
Inland Empire - CA,5,-0.011836252594366662
Inland Empire - CA,5,-0.013607126707211101
Inland Empire - CA,4,-0.011016248678788521
Inland Empire - CA,3,-0.00303794289939104
Inland Empire - CA,3,0.0023201965261250602
Inland Empire - CA,3,0.010036958660930361
Inland Empire - CA,3,0.015712307672947602
Inland Empire - CA,4,0.020254179276525917
Inland Empire - CA,5,0.02183528188616032
Inland Empire - CA,4,0.02246240321546788
Inland Empire - CA,4,0.02580709550529712
Inland Empire - CA,4,0.028593769483268076
Inland Empire - CA,4,0.0208004970103501
Inland Empire - CA,3,0.015063831210136302
Jackson - MS,2,0.00035363635979596017
Jackson - MS,2,-0.0059320880565792
Jackson - MS,3,-0.00612316238693886
Jackson - MS,3,-0.0028577273245900202
Jackson - MS,4,-0.0009344489779322996
Jackson - MS,5,-0.0006848803721368
Jackson - MS,5,-0.00240380531176922
Jackson - MS,5,-0.00465588718652724
Jackson - MS,5,-0.00386005267500876
Jackson - MS,4,-0.004172440245747561
Jackson - MS,4,-0.002436002716422099
Jackson - MS,3,-0.0012447915971279396
Jackson - MS,2,0.0029121182858943403
Jackson - MS,1,0.00396685097366564
Jacksonville - FL,4,-0.00919976029545064
Jacksonville - FL,5,-0.01125905010849232
Jacksonville - FL,4,-0.007988957036286558
Jacksonville - FL,3,-0.0031251995824276998
Jacksonville - FL,2,-0.0006770468316972198
Jacksonville - FL,2,0.0017091288231313
Jacksonville - FL,2,0.0032595614902675
Jacksonville - FL,3,0.006808024458587141
Jacksonville - FL,3,0.009975014068186221
Jacksonville - FL,4,0.008720592595636801
Jacksonville - FL,3,0.009527223743498282
Jacksonville - FL,3,0.02218873482197516
Jacksonville - FL,2,0.013530447706580101
Jacksonville - FL,2,0.0020246984437107805
Kansas City - MO,1,0.0006109164562076008
Kansas City - MO,1,0.00425907629542052
Kansas City - MO,1,0.0035632817540318003
Kansas City - MO,1,0.00137363527901476
Kansas City - MO,2,-0.00139330248348408
Kansas City - MO,2,-0.0014409569092094202
Kansas City - MO,3,-0.0004620580933987602
Kansas City - MO,4,-0.00145012233406302
Kansas City - MO,4,-0.0027086528018116602
Kansas City - MO,3,-0.0024857273325323602
Kansas City - MO,2,-0.00332384686917064
Kansas City - MO,1,-0.00807363484054802
Kansas City - MO,0,-0.004902600124478319
Kansas City - MO,0,-0.0015042020007968002
Knoxville - TN,4,0.0010146053042262594
Knoxville - TN,5,-0.00663565956056118
Knoxville - TN,4,-0.007018218282610141
Knoxville - TN,3,-0.00255080861970778
Knoxville - TN,2,-0.00436557261273262
Knoxville - TN,1,-0.0052999843377619605
Knoxville - TN,0,-0.0020809884183108597
Knoxville - TN,0,0.0009026514366268802
Knoxville - TN,0,-0.0017134709283709796
Knoxville - TN,0,0.003508916683495
Knoxville - TN,0,0.00794756654649966
Knoxville - TN,0,0.01130142863839852
Knoxville - TN,0,0.01700273640453806
Knoxville - TN,0,0.02331397291272868
Lansing - MI,2,-0.00184942120686174
Lansing - MI,1,0.00013796640560032056
Lansing - MI,1,0.00035948660224678056
Lansing - MI,0,-0.00291384719312186
Lansing - MI,0,-0.00639808215200896
Lansing - MI,1,-0.00516433669254178
Lansing - MI,2,-0.003359782975167
Lansing - MI,2,-0.0023217400535941006
Lansing - MI,2,-0.0008673654869198799
Lansing - MI,2,4.39938157797996e-06
Lansing - MI,1,0.00021026898175475995
Lansing - MI,0,-0.00365387219935656
Lansing - MI,0,-0.0012912690639495798
Lansing - MI,0,0.00152814183384178
Las Vegas - NV,5,-0.017424952471628778
Las Vegas - NV,5,-0.02159348591230806
Las Vegas - NV,5,-0.02319257021881634
Las Vegas - NV,4,-0.01882992577739056
Las Vegas - NV,3,-0.00755411949940024
Las Vegas - NV,3,0.002424209006130719
Las Vegas - NV,3,0.00938216866925358
Las Vegas - NV,3,0.01688931565731758
Las Vegas - NV,4,0.02427741382271046
Las Vegas - NV,5,0.02761820349842304
Las Vegas - NV,5,0.02764185611158602
Las Vegas - NV,5,0.04355213399976484
Las Vegas - NV,4,0.027063791733235077
Las Vegas - NV,4,0.013978083152323937
Lehigh Valley - PA,4,0.0022194920573383
Lehigh Valley - PA,5,0.00222398643381888
Lehigh Valley - PA,5,0.0012023308780044
Lehigh Valley - PA,4,-0.0013440895359963401
Lehigh Valley - PA,3,-0.0016896500717848797
Lehigh Valley - PA,2,-0.0037196309305727398
Lehigh Valley - PA,1,-0.0029739188961684596
Lehigh Valley - PA,1,-0.0003727298229932997
Lehigh Valley - PA,1,0.0026125723496078996
Lehigh Valley - PA,2,0.00246572773903604
Lehigh Valley - PA,2,0.007730024866759699
Lehigh Valley - PA,2,0.008978314511477858
Lehigh Valley - PA,1,0.00780182294547552
Lehigh Valley - PA,1,0.00863342266529792
Lexington - KY,4,0.00116949775256214
Lexington - KY,4,-0.00536021455191076
Lexington - KY,4,-0.00435622860677542
Lexington - KY,4,0.00042120791040358005
Lexington - KY,3,-0.00249306871555746
Lexington - KY,3,-7.055103778838e-05
Lexington - KY,3,0.00046108961105348
Lexington - KY,3,-0.0021237698383629196
Lexington - KY,3,-0.00317521104589102
Lexington - KY,3,0.0004505636170506402
Lexington - KY,2,0.0004371719434857001
Lexington - KY,1,0.00113441552966826
Lexington - KY,1,0.00616382770240298
Lexington - KY,0,0.01214220356196154
Lincoln - NE,4,-0.0023971949529368397
Lincoln - NE,3,0.00018052656087094027
Lincoln - NE,3,0.0010790072556119603
Lincoln - NE,3,-0.00176422389340582
Lincoln - NE,3,-0.00353191549074828
Lincoln - NE,3,-0.0034224462695419005
Lincoln - NE,4,-0.003338152449577961
Lincoln - NE,5,-0.00326955858618014
Lincoln - NE,4,-0.0035829843953251394
Lincoln - NE,4,-0.00297793019562958
Lincoln - NE,3,-0.00470653250813482
Lincoln - NE,2,-0.009728484600782381
Lincoln - NE,1,-0.007400428690016258
Lincoln - NE,1,-0.001702589914202679
Little Rock - AR,0,0.0009863597806543001
Little Rock - AR,0,-0.0055688838008791
Little Rock - AR,1,-0.00691191791556772
Little Rock - AR,1,-0.00519728376530106
Little Rock - AR,1,-0.00695285177789626
Little Rock - AR,1,-0.01025169072672722
Little Rock - AR,1,-0.010646811407059401
Little Rock - AR,0,-0.0115737337619066
Little Rock - AR,0,-0.0100119164213538
Little Rock - AR,0,-0.00924813356250522
Little Rock - AR,0,-0.00431674253195522
Little Rock - AR,0,-0.006588911078870299
Little Rock - AR,0,-0.0010053768754005397
Little Rock - AR,0,0.00247788261622188
Long Island - NY,1,-0.00904847052879632
Long Island - NY,1,-0.007802891591563799
Long Island - NY,1,-0.00811604573391376
Long Island - NY,0,-0.006220715818926681
Long Island - NY,1,0.00087448772974312
Long Island - NY,2,0.004444522503763421
Long Island - NY,3,0.0051776713691651394
Long Island - NY,3,0.006968221999704799
Long Island - NY,4,0.006741966120898659
Long Island - NY,3,0.00469862129539246
Long Island - NY,2,0.0032434633001684593
Long Island - NY,1,-0.0008729239925742607
Long Island - NY,1,-0.0028101664036512606
Long Island - NY,0,-0.0051403461024165
Los Angeles - CA,3,-0.0021437179762870003
Los Angeles - CA,2,-0.00728110359050334
Los Angeles - CA,1,-0.00960771455429496
Los Angeles - CA,0,-0.009912020480260261
Los Angeles - CA,1,0.00022014551796016024
Los Angeles - CA,2,0.006988376099616241
Los Angeles - CA,3,0.009036854933947281
Los Angeles - CA,4,0.010393556766211941
Los Angeles - CA,5,0.009766043163835959
Los Angeles - CA,4,0.00516996104270218
Los Angeles - CA,3,-0.0059910660609603
Los Angeles - CA,2,-0.01407328043133022
Los Angeles - CA,1,-0.0191189046949148
Los Angeles - CA,0,-0.02230267347767946
Louisville - KY,2,0.0013590579386800598
Louisville - KY,3,-0.005271550687029941
Louisville - KY,4,-0.0026346571277826806
Louisville - KY,4,0.0015581075567752199
Louisville - KY,4,0.0004898233804851599
Louisville - KY,4,-0.0014236238785088199
Louisville - KY,4,-0.000262241717428
Louisville - KY,4,-0.00311307422816756
Louisville - KY,3,-0.00362047143280506
Louisville - KY,3,-0.0030244683846831198
Louisville - KY,2,-0.00298766251653432
Louisville - KY,1,-0.007627365179359899
Louisville - KY,0,-0.0054896276444196795
Louisville - KY,0,-0.000984130613505879
Madison - WI,0,-0.00175598205532878
Madison - WI,0,-3.25316330417799e-05
Madison - WI,1,-0.0006684398977085799
Madison - WI,1,-0.00265352919232094
Madison - WI,2,-0.00601745143067086
Madison - WI,2,-0.0066407210193574
Madison - WI,3,-0.007261345814913481
Madison - WI,3,-0.008674347586929778
Madison - WI,3,-0.009178213216364379
Madison - WI,2,-0.008990422077476959
Madison - WI,2,-0.00945227723568676
Madison - WI,1,-0.01935724858194588
Madison - WI,0,-0.012123939394950859
Madison - WI,0,-0.006304285116493719
Memphis - TN,3,-0.0158123918343335
Memphis - TN,4,-0.01155039272271094
Memphis - TN,4,-0.008822415070608219
Memphis - TN,3,-0.008392768027260859
Memphis - TN,3,-0.007790644140914059
Memphis - TN,3,-0.0066441659815609
Memphis - TN,3,-0.004333385173231319
Memphis - TN,3,-0.0033814202994108
Memphis - TN,3,0.00436094235628842
Memphis - TN,2,0.0070110900327563005
Memphis - TN,1,0.01377921383827918
Memphis - TN,0,0.015051776729524138
Memphis - TN,0,0.014092848077416458
Memphis - TN,1,0.0063733078539372
Miami - FL,5,-0.0037615862209350003
Miami - FL,5,-0.01166738648898898
Miami - FL,4,-0.00827931943349538
Miami - FL,3,0.00307722785510124
Miami - FL,3,0.00577412382699546
Miami - FL,3,0.0041261947713792
Miami - FL,3,0.0026817194186150605
Miami - FL,4,0.00011890400201077994
Miami - FL,4,-0.00317332539707424
Miami - FL,3,-0.005732942558825
Miami - FL,2,-0.01053783087991174
Miami - FL,1,0.0032447705511004592
Miami - FL,0,0.006908824713900761
Miami - FL,0,0.00798114151693888
Milwaukee - WI,1,-0.0101270089391619
Milwaukee - WI,1,-0.00749362003989516
Milwaukee - WI,2,-0.00566289159469302
Milwaukee - WI,1,-0.00784482783637934
Milwaukee - WI,1,-0.008274339279159859
Milwaukee - WI,2,-0.0064691119827329805
Milwaukee - WI,2,-0.007515493128448699
Milwaukee - WI,1,-0.009448360465466979
Milwaukee - WI,1,-0.00912983026355506
Milwaukee - WI,1,-0.01017747577279806
Milwaukee - WI,0,-0.01039793584495782
Milwaukee - WI,0,-0.015343553200364119
Milwaukee - WI,0,-0.013585150241851798
Milwaukee - WI,0,-0.012031934969127179
Minneapolis - MN,2,0.00160707007162268
Minneapolis - MN,2,0.00177600863389666
Minneapolis - MN,3,0.0018253598827868405
Minneapolis - MN,4,-0.0010994702111929797
Minneapolis - MN,5,-0.00282250843010844
Minneapolis - MN,5,-0.004703000839799619
Minneapolis - MN,5,-0.0030299502424895597
Minneapolis - MN,5,-0.0002875946462154395
Minneapolis - MN,4,0.0005216956138610799
Minneapolis - MN,3,0.00083825271576644
Minneapolis - MN,2,-0.004931521974504
Minneapolis - MN,1,-0.01696027871221306
Minneapolis - MN,0,-0.02352289594709874
Minneapolis - MN,0,-0.0249115128070116
Nashville - TN,4,0.00216964292339974
Nashville - TN,5,0.0036493788938968797
Nashville - TN,5,0.0045877911616116
Nashville - TN,5,0.004564150096848541
Nashville - TN,5,0.004699238808825559
Nashville - TN,4,0.00488949446007606
Nashville - TN,4,0.00437688333913682
Nashville - TN,4,0.0002704123035073402
Nashville - TN,3,6.58834353089398e-05
Nashville - TN,2,0.0018929498270153998
Nashville - TN,2,-0.006954214815050359
Nashville - TN,1,0.0033459517173468805
Nashville - TN,0,0.0045486317016184205
Nashville - TN,0,-0.004518401715904461
New Haven - CT,3,0.0021047947462647597
New Haven - CT,3,0.00280012334696944
New Haven - CT,2,0.00039823777042327993
New Haven - CT,2,-0.00021379631944002013
New Haven - CT,3,-0.00400950827170162
New Haven - CT,3,-0.00883380889426914
New Haven - CT,2,-0.0102785031078383
New Haven - CT,2,-0.0087738726986572
New Haven - CT,1,-0.00942591212224214
New Haven - CT,0,-0.008862285129725919
New Haven - CT,0,-0.00552912633866068
New Haven - CT,0,-0.011226618476212
New Haven - CT,0,-0.012659205868840178
New Haven - CT,0,-0.008872546069324
New York - NY,0,0.007702850690111498
New York - NY,0,0.0004640571307390996
New York - NY,0,-0.0101635662373155
New York - NY,1,-0.0070150777231901395
New York - NY,1,0.005307787703350201
New York - NY,2,-0.00073519209399814
New York - NY,3,-0.00235404772683974
New York - NY,4,-0.0042613346129655606
New York - NY,4,-0.0050814628601073995
New York - NY,5,-0.00950642116367812
New York - NY,4,-0.017722732573747603
New York - NY,3,-0.02225022725760934
New York - NY,2,-0.0223702728748321
New York - NY,1,-0.019989143125712837
Norfolk - VA,1,0.0105362813454121
Norfolk - VA,0,0.00709334625862538
Norfolk - VA,0,0.0036913658957928607
Norfolk - VA,0,-0.0001287151593714394
Norfolk - VA,0,-0.010662659490480961
Norfolk - VA,0,-0.0129458359442651
Norfolk - VA,0,-0.012434479314833841
Norfolk - VA,0,-0.01041725082322954
Norfolk - VA,0,-0.007683573570102459
Norfolk - VA,0,-0.0030277257785201205
Norfolk - VA,0,0.00494331289082764
Norfolk - VA,0,0.009354268945753499
Norfolk - VA,0,0.010844186320900841
Norfolk - VA,0,0.012813029997050678
Northern New Jersey - NJ,1,-0.00365131185390056
Northern New Jersey - NJ,1,-0.0025038268882781197
Northern New Jersey - NJ,0,-0.0034968357067554994
Northern New Jersey - NJ,1,-0.0018244584556668803
Northern New Jersey - NJ,1,-0.0035052869003266
Northern New Jersey - NJ,1,-0.00427055256441232
Northern New Jersey - NJ,2,-0.00464490419253702
Northern New Jersey - NJ,3,-0.00238283351063728
Northern New Jersey - NJ,2,-0.00351244695484638
Northern New Jersey - NJ,2,-0.00325923282653092
Northern New Jersey - NJ,2,-0.00745269637554882
Northern New Jersey - NJ,1,-0.013194599188864242
Northern New Jersey - NJ,0,-0.01335508152842522
Northern New Jersey - NJ,0,-0.007742134667933
Oklahoma City - OK,2,0.0021548608085140398
Oklahoma City - OK,2,0.005800891830585879
Oklahoma City - OK,3,0.0058551690308377
Oklahoma City - OK,3,0.0028622493846342
Oklahoma City - OK,4,0.00225949480663988
Oklahoma City - OK,4,-0.00118656149134038
Oklahoma City - OK,5,-0.00747482664883134
Oklahoma City - OK,5,-0.011114975344389658
Oklahoma City - OK,4,-0.012621516268700358
Oklahoma City - OK,3,-0.012443269323557628
Oklahoma City - OK,2,-0.007272121775895391
Oklahoma City - OK,1,-0.0026664208620787106
Oklahoma City - OK,0,-0.00108311213552955
Oklahoma City - OK,0,3.29436734318499e-05
Omaha - NE,2,-0.0024551240494474795
Omaha - NE,2,-0.00014090908225626006
Omaha - NE,2,-0.0005169569281861199
Omaha - NE,3,-0.00289925995748488
Omaha - NE,3,-0.00557767346035688
Omaha - NE,2,-0.00441280351951718
Omaha - NE,3,-0.0052028271369636
Omaha - NE,3,-0.00505385063588618
Omaha - NE,3,-0.0045619625598192
Omaha - NE,3,-0.00358707364648578
Omaha - NE,4,-0.0060127632692456
Omaha - NE,3,-0.01133419331163166
Omaha - NE,2,-0.00588415972888468
Omaha - NE,1,-0.0032437795773148604
Orange County - CA,1,-0.00079333848552778
Orange County - CA,1,-0.0034882567008025804
Orange County - CA,0,-0.0023761058342642604
Orange County - CA,0,0.0023393025039695403
Orange County - CA,0,0.01104910945286976
Orange County - CA,1,0.01612720331177116
Orange County - CA,2,0.01643207697197794
Orange County - CA,2,0.014702419005334342
Orange County - CA,2,0.01194125507026908
Orange County - CA,2,0.008088518120348399
Orange County - CA,1,0.001840910129249061
Orange County - CA,0,0.012997667677700461
Orange County - CA,0,0.007870717719197241
Orange County - CA,0,0.012443452142178981
Orlando - FL,4,-0.00543984074320176
Orlando - FL,4,-0.01216504585172512
Orlando - FL,4,-0.006847504826146139
Orlando - FL,3,-0.00043612618173935973
Orlando - FL,2,0.0036900388804497197
Orlando - FL,2,0.009365852456539859
Orlando - FL,2,0.0100296559743583
Orlando - FL,3,0.01494119372218842
Orlando - FL,3,0.015515377558767762
Orlando - FL,3,0.012759056873619539
Orlando - FL,2,0.00200898498296736
Orlando - FL,2,0.020692883804440582
Orlando - FL,1,0.01719573009759198
Orlando - FL,1,0.005720319971442321
Palm Beach - FL,3,0.0020712622907012204
Palm Beach - FL,2,-0.00337706753052774
Palm Beach - FL,2,0.00034454115666447997
Palm Beach - FL,3,0.00899677765555678
Palm Beach - FL,3,0.0122252196539193
Palm Beach - FL,3,0.0121668363921344
Palm Beach - FL,4,0.01088454453274606
Palm Beach - FL,4,0.00730380807071922
Palm Beach - FL,3,0.007788879610598059
Palm Beach - FL,2,0.00648757088929412
Palm Beach - FL,1,0.0019344734027981598
Palm Beach - FL,0,0.03335450496524564
Palm Beach - FL,0,0.030083358287811196
Palm Beach - FL,0,0.02468618631828572
Philadelphia - PA,1,0.0112607839284464
Philadelphia - PA,1,0.013006925466470356
Philadelphia - PA,1,0.011059682420454879
Philadelphia - PA,1,0.006315426877699778
Philadelphia - PA,1,-0.0004584440495818801
Philadelphia - PA,2,-0.0048849045298993195
Philadelphia - PA,3,-0.0053588106296956
Philadelphia - PA,2,-0.0049257587641477
Philadelphia - PA,2,-0.00266788136214016
Philadelphia - PA,2,-0.00153934489935635
Philadelphia - PA,1,-0.00280742626637219
Philadelphia - PA,0,-0.0020612483844161104
Philadelphia - PA,0,-0.00401183068752289
Philadelphia - PA,0,-0.003930336423218229
Phoenix - AZ,3,-0.01125498623587194
Phoenix - AZ,4,-0.015478143142536278
Phoenix - AZ,5,-0.013685530377551918
Phoenix - AZ,4,-0.004944631224498159
Phoenix - AZ,3,0.0046129307243972795
Phoenix - AZ,3,0.006522258464247
Phoenix - AZ,3,0.00920845484361052
Phoenix - AZ,3,0.012508449889719461
Phoenix - AZ,4,0.01948580872267482
Phoenix - AZ,4,0.024472489394247482
Phoenix - AZ,3,0.0259792121127247
Phoenix - AZ,3,0.03818500246852632
Phoenix - AZ,2,0.02559959990903734
Phoenix - AZ,1,0.010227638576179737
Pittsburgh - PA,0,0.0022131803911178997
Pittsburgh - PA,0,0.00468384115956724
Pittsburgh - PA,0,0.004190133744850759
Pittsburgh - PA,0,0.0017681103665382
Pittsburgh - PA,0,-0.0041356452275067195
Pittsburgh - PA,0,-0.00915888678282494
Pittsburgh - PA,1,-0.0110233068466186
Pittsburgh - PA,1,-0.01188820684328672
Pittsburgh - PA,1,-0.00891575859859586
Pittsburgh - PA,1,-0.007051781006157401
Pittsburgh - PA,1,-0.00940390829928218
Pittsburgh - PA,0,-0.01388218407519164
Pittsburgh - PA,0,-0.010819324338808679
Pittsburgh - PA,0,-0.013808943936601278
Portland - OR,3,0.006732627889141379
Portland - OR,3,0.00715592703782018
Portland - OR,3,0.00451668375171718
Portland - OR,4,0.00500891511328518
Portland - OR,4,0.011604272620752441
Portland - OR,4,0.01785193039104342
Portland - OR,4,0.01671061096712948
Portland - OR,3,0.014019286073744303
Portland - OR,2,0.010884911380708219
Portland - OR,2,0.006160942278802399
Portland - OR,1,-0.0051879834383726006
Portland - OR,0,-0.0068863928318023595
Portland - OR,0,-0.00625407230108978
Portland - OR,0,-0.01245504524558784
Providence - RI,3,0.0012323130387812398
Providence - RI,2,0.0011221781838685
Providence - RI,1,-0.0013299092184752
Providence - RI,0,-0.0009905219543725001
Providence - RI,0,-0.0022412330377846604
Providence - RI,0,-0.0013186866417527001
Providence - RI,1,0.00034467000514268027
Providence - RI,2,0.00479421336203808
Providence - RI,3,0.00540268216282122
Providence - RI,3,0.00557888653129332
Providence - RI,3,0.0027989653870463004
Providence - RI,2,0.0005055425688624198
Providence - RI,1,-0.0008937392383814002
Providence - RI,0,0.00481405090540646
Raleigh - NC,4,0.00319115719757974
Raleigh - NC,5,0.006254913425073019
Raleigh - NC,4,0.008709186175838119
Raleigh - NC,4,0.009680019365623582
Raleigh - NC,3,0.011041452782228562
Raleigh - NC,3,0.01024207016453144
Raleigh - NC,3,0.00691093942150472
Raleigh - NC,4,0.0034158667549490803
Raleigh - NC,3,0.00521279480308292
Raleigh - NC,3,0.0078630385920405
Raleigh - NC,2,0.0031715309247374395
Raleigh - NC,1,0.016805048845708277
Raleigh - NC,0,0.01676313020288936
Raleigh - NC,0,0.005642400123178898
Reno - NV,3,-0.0029154770541935985
Reno - NV,4,-0.00721544832922516
Reno - NV,4,-0.00918415668420488
Reno - NV,4,-0.00657218983396884
Reno - NV,3,0.00240051532164218
Reno - NV,3,0.0071680798195302405
Reno - NV,3,0.01564973602071404
Reno - NV,3,0.02414445560425514
Reno - NV,4,0.029930611141025958
Reno - NV,4,0.02758864033967252
Reno - NV,4,0.02958643157035108
Reno - NV,3,0.018235032074153376
Reno - NV,2,0.0007280722260475187
Reno - NV,1,-0.01364516895264386
Richmond - VA,3,0.0016352550592273
Richmond - VA,4,-0.0016121646855026602
Richmond - VA,4,-0.0022077034693211203
Richmond - VA,4,-0.00256875376217066
Richmond - VA,4,-0.007051855837926261
Richmond - VA,4,-0.00291337901726364
Richmond - VA,3,-0.00157628851011396
Richmond - VA,3,0.003819154947996099
Richmond - VA,2,0.004649180918931919
Richmond - VA,2,0.005895226635038799
Richmond - VA,1,0.00795847196131938
Richmond - VA,1,0.01037756782025092
Richmond - VA,0,0.004972558841109221
Richmond - VA,0,0.00340456850826736
Rochester - NY,0,0.00226945509202774
Rochester - NY,0,0.0018045119475573
Rochester - NY,0,-0.0010521079879254
Rochester - NY,0,-0.00267248102463782
Rochester - NY,0,-0.006624589324928801
Rochester - NY,0,-0.009379143617115861
Rochester - NY,0,-0.00829332421999418
Rochester - NY,0,-0.0045519038802012395
Rochester - NY,0,-0.0040741661330684605
Rochester - NY,0,-0.0028539722785353395
Rochester - NY,0,0.0005761759355664198
Rochester - NY,0,-0.0032394977286458195
Rochester - NY,0,-0.00320575274527074
Rochester - NY,0,0.00406489167362448
Sacramento - CA,3,-0.006680322776082839
Sacramento - CA,2,-0.006187789107207161
Sacramento - CA,2,-0.006088149978313541
Sacramento - CA,2,-0.00309128396911542
Sacramento - CA,3,0.0032495952327736
Sacramento - CA,4,0.0145355829037726
Sacramento - CA,5,0.02441129246726632
Sacramento - CA,5,0.03338702376931903
Sacramento - CA,5,0.035391876287758306
Sacramento - CA,5,0.03450351003557436
Sacramento - CA,5,0.030265441723167818
Sacramento - CA,5,0.02319872509688128
Sacramento - CA,5,0.0083942897617816
Sacramento - CA,4,0.001680244226008579
Saint Louis - MO,0,-0.00394960548728702
Saint Louis - MO,0,-0.0018749253824353
Saint Louis - MO,1,-0.00114555293694136
Saint Louis - MO,1,-0.0015558694023638802
Saint Louis - MO,2,-0.005987240700051161
Saint Louis - MO,2,-0.00523544959723946
Saint Louis - MO,2,-0.005627898871898599
Saint Louis - MO,1,-0.0066525836475193004
Saint Louis - MO,1,-0.00717484662309284
Saint Louis - MO,0,-0.00380297843366858
Saint Louis - MO,0,-0.004984631575644
Saint Louis - MO,0,-0.007715682871639739
Saint Louis - MO,0,-0.0051732234656811
Saint Louis - MO,0,-0.00339306537061934
Salt Lake City - UT,3,0.015401260694488859
Salt Lake City - UT,3,0.01381465676240622
Salt Lake City - UT,4,0.0026294202078133797
Salt Lake City - UT,3,-0.0028046195860952
Salt Lake City - UT,3,-0.0015086693223565798
Salt Lake City - UT,2,0.00290950322523712
Salt Lake City - UT,2,0.00459347395226356
Salt Lake City - UT,2,0.0041548067703842595
Salt Lake City - UT,2,0.0038813000544904996
Salt Lake City - UT,2,0.0026051031425594604
Salt Lake City - UT,2,0.0011408591642975202
Salt Lake City - UT,1,0.0077245777472852994
Salt Lake City - UT,0,0.00618183016777034
Salt Lake City - UT,0,-0.0004829920828342604
San Antonio - TX,0,0.00248535140417514
San Antonio - TX,1,0.00452465205453334
San Antonio - TX,1,0.0062450236175209005
San Antonio - TX,2,0.00472326097078622
San Antonio - TX,2,0.0029685605783015194
San Antonio - TX,3,0.00274437060579656
San Antonio - TX,3,-0.00041974401101470027
San Antonio - TX,3,-0.00422815028578044
San Antonio - TX,2,-0.00415957588702442
San Antonio - TX,2,-0.00442344229668376
San Antonio - TX,1,-0.00771650969982144
San Antonio - TX,0,-0.0010652991011738597
San Antonio - TX,0,-0.0022652694955467997
San Antonio - TX,0,-0.009204101189970958
San Diego - CA,1,0.003550681375782
San Diego - CA,1,-0.00101214433379938
San Diego - CA,2,0.0014123264671070603
San Diego - CA,3,0.00433885184756946
San Diego - CA,4,0.00599507866136262
San Diego - CA,5,0.01281027263030406
San Diego - CA,5,0.015179340075701422
San Diego - CA,5,0.01620075535029164
San Diego - CA,5,0.0150622384622692
San Diego - CA,4,0.012017413415014661
San Diego - CA,3,0.005487860925495561
San Diego - CA,2,0.0082263393327593
San Diego - CA,1,0.00694509930908674
San Diego - CA,0,0.005063148401677581
San Francisco - CA,0,0.022350324830040298
San Francisco - CA,1,0.017510819202288936
San Francisco - CA,2,0.014762724423780998
San Francisco - CA,3,0.01336601343937216
San Francisco - CA,4,0.02580555719323452
San Francisco - CA,5,0.0236180926673114
San Francisco - CA,5,0.0144098991760984
San Francisco - CA,5,0.007595592294819641
San Francisco - CA,4,0.0045635945396497605
San Francisco - CA,3,-0.00540730028878898
San Francisco - CA,2,-0.0337236952735111
San Francisco - CA,1,-0.033892260491848
San Francisco - CA,0,-0.038736198097467416
San Francisco - CA,0,-0.04376887651160358
San Jose - CA,1,0.01583461160771548
San Jose - CA,1,0.012840188620612019
San Jose - CA,2,0.00856538568623364
San Jose - CA,3,0.014391657384112477
San Jose - CA,4,0.03185917329974472
San Jose - CA,4,0.030004837643355143
San Jose - CA,5,0.018475721869617722
San Jose - CA,4,0.01486762501299382
San Jose - CA,4,0.010292269289493563
San Jose - CA,3,0.0013038951903581596
San Jose - CA,2,-0.02680330984294414
San Jose - CA,1,-0.02370457705110312
San Jose - CA,1,-0.024263058602809917
San Jose - CA,0,-0.028731782175600525
Seattle - WA,2,0.010101686557754858
Seattle - WA,3,0.006787082692608221
Seattle - WA,4,0.0013370926026254806
Seattle - WA,5,-8.383314125240057e-05
Seattle - WA,4,0.01260124635882672
Seattle - WA,3,0.014633551146835061
Seattle - WA,3,0.016203242074698178
Seattle - WA,3,0.01453146431595082
Seattle - WA,2,0.012251274846494159
Seattle - WA,2,0.0125433029606938
Seattle - WA,2,-0.003175393678247959
Seattle - WA,1,-0.005002025328576659
Seattle - WA,0,-0.010308951511979181
Seattle - WA,0,-0.011521201021969399
Spokane - WA,1,0.0032480936031788407
Spokane - WA,1,-0.0023722462821751597
Spokane - WA,2,-0.008462963765487039
Spokane - WA,2,-0.00846162172965702
Spokane - WA,1,-0.0005683432798832401
Spokane - WA,2,-0.00131078837439414
Spokane - WA,3,0.00030221166089178
Spokane - WA,2,0.00502612162381408
Spokane - WA,2,0.00453271474689244
Spokane - WA,2,0.0067523581907152795
Spokane - WA,2,0.01119893994182342
Spokane - WA,1,0.0106205912306904
Spokane - WA,1,0.0027799427509307404
Spokane - WA,1,0.0016976317390799002
Springfield - MA,4,0.00288412454538042
Springfield - MA,4,0.0036072980146854604
Springfield - MA,4,0.0033460453618317397
Springfield - MA,4,0.00378101621754464
Springfield - MA,5,0.0036790039855986397
Springfield - MA,5,-0.00067964429035786
Springfield - MA,5,-0.00011827582493429992
Springfield - MA,5,-0.0008918253704906
Springfield - MA,5,0.0016329729929565801
Springfield - MA,5,-0.00105219986289742
Springfield - MA,4,0.0033579291775822405
Springfield - MA,3,-0.00397746358066798
Springfield - MA,2,-0.0014182854443788805
Springfield - MA,1,0.0027156917378306196
Stockton - CA,5,-0.00046910759992903946
Stockton - CA,4,-0.0027947562281042597
Stockton - CA,3,-0.00458750328980384
Stockton - CA,3,-0.0041847751941531805
Stockton - CA,3,0.0030799186322837797
Stockton - CA,3,0.0117495429702103
Stockton - CA,4,0.019813734199851718
Stockton - CA,5,0.02667222339659922
Stockton - CA,5,0.027354988642036837
Stockton - CA,5,0.029881990142166536
Stockton - CA,5,0.022928291000425743
Stockton - CA,5,0.01320289280265562
Stockton - CA,5,0.0011011848226189004
Stockton - CA,4,-0.0016933368518948799
Syracuse - NY,1,0.00238248989917338
Syracuse - NY,2,0.0028447835240513197
Syracuse - NY,3,0.0011351421009749402
Syracuse - NY,2,7.546809501947985e-05
Syracuse - NY,3,-0.00177365518175064
Syracuse - NY,4,-0.0048728424124419205
Syracuse - NY,4,-0.004500120412558301
Syracuse - NY,3,-0.0055008485913276605
Syracuse - NY,3,-0.0059471286833286206
Syracuse - NY,2,-0.0061971915885806
Syracuse - NY,2,-0.0035363646224141404
Syracuse - NY,1,-0.011839902959764021
Syracuse - NY,1,-0.00649275220930578
Syracuse - NY,1,0.0024296974763273796
Tampa - FL,3,-1.2265751138340609e-05
Tampa - FL,4,-0.0053485919255763
Tampa - FL,4,-0.0036386291962116598
Tampa - FL,3,0.00059806131757798
Tampa - FL,2,0.0012538942042738198
Tampa - FL,2,0.006707092467695459
Tampa - FL,2,0.008325329702347478
Tampa - FL,3,0.01058681476861232
Tampa - FL,4,0.01247187945991748
Tampa - FL,4,0.01284002978354688
Tampa - FL,4,0.01156412679702038
Tampa - FL,4,0.031602469645440626
Tampa - FL,3,0.0262994427233935
Tampa - FL,2,0.01862555090338
Toledo - OH,0,-0.0020758636761456797
Toledo - OH,0,-0.0003724927548318997
Toledo - OH,0,-0.00020019388757645945
Toledo - OH,0,-0.0021830167155712597
Toledo - OH,0,-0.00640032258816058
Toledo - OH,0,-0.00458806939423082
Toledo - OH,0,-0.005123284272849539
Toledo - OH,0,-0.00294622657820582
Toledo - OH,1,-0.0018875456415116596
Toledo - OH,1,-0.0015808643773198
Toledo - OH,1,-0.00035432223230599975
Toledo - OH,2,-0.00258651096373798
Toledo - OH,2,-0.00347782038152218
Toledo - OH,1,-0.00254408810287718
Tucson - AZ,5,0.0005559879355132601
Tucson - AZ,5,-0.00082515487447376
Tucson - AZ,5,-0.0038510238751768198
Tucson - AZ,5,-0.00310349627397946
Tucson - AZ,5,-0.00524785942398004
Tucson - AZ,5,-0.00531387282535426
Tucson - AZ,4,-0.0010276052169501206
Tucson - AZ,3,0.0059064509347081405
Tucson - AZ,2,0.01191352028399704
Tucson - AZ,1,0.01820696834474798
Tucson - AZ,0,0.025217639096081178
Tucson - AZ,1,0.03449053820222608
Tucson - AZ,2,0.028360806033015197
Tucson - AZ,3,0.0211641291156411
Tulsa - OK,3,0.0007047513034194802
Tulsa - OK,3,0.0039699201937765
Tulsa - OK,3,0.0043446122203022
Tulsa - OK,2,0.0023366362322121597
Tulsa - OK,2,6.602858193218005e-05
Tulsa - OK,2,-0.00106147984042766
Tulsa - OK,2,-0.008491902705282
Tulsa - OK,1,-0.01233787368983032
Tulsa - OK,1,-0.013447360508143899
Tulsa - OK,1,-0.011553118191659481
Tulsa - OK,0,-0.00796835441142324
Tulsa - OK,0,0.0007911257445811601
Tulsa - OK,0,0.00576265864074226
Tulsa - OK,1,0.01083413120359176
Ventura - CA,1,-0.00022477139718834002
Ventura - CA,1,-0.0037907481659203795
Ventura - CA,1,-0.0013611014466732596
Ventura - CA,0,0.00456409645266832
Ventura - CA,1,0.014382888050749878
Ventura - CA,2,0.01921213334426284
Ventura - CA,3,0.019855822902172797
Ventura - CA,4,0.020253628306090798
Ventura - CA,4,0.01872634086757894
Ventura - CA,3,0.01218817476183174
Ventura - CA,3,0.0108284959569573
Ventura - CA,2,0.015512733720242939
Ventura - CA,2,0.003858994320034981
Ventura - CA,2,0.004643516056239601
Washington - DC,4,0.025975513970479303
Washington - DC,3,0.023217153688892662
Washington - DC,2,0.0206677621696144
Washington - DC,1,0.015814540954306722
Washington - DC,1,0.00628614653833212
Washington - DC,2,-0.0017241575755178595
Washington - DC,3,-0.0051501826383173
Washington - DC,4,-0.0076350640505552
Washington - DC,4,-0.00593149252235888
Washington - DC,3,-0.00492522418498992
Washington - DC,2,-0.01773928105831144
Washington - DC,1,-0.015067302063107501
Washington - DC,0,-0.017170195654034603
Washington - DC,0,-0.01441090870648622
Wichita - KS,3,-0.0016693322162609596
Wichita - KS,2,0.0017232922662515204
Wichita - KS,3,0.0014895916741807205
Wichita - KS,4,-0.0008325171831528998
Wichita - KS,3,-0.00582963737542734
Wichita - KS,3,-0.00624652025289828
Wichita - KS,4,-0.00938649163581426
Wichita - KS,4,-0.01088800649158654
Wichita - KS,3,-0.012786700902506698
Wichita - KS,3,-0.010338698141276841
Wichita - KS,2,-0.00882117841392754
Wichita - KS,1,-0.009483915194869038
Wichita - KS,0,-0.00531388074159622
Wichita - KS,0,-0.0006465436890721401
Winston-Salem - NC,2,0.0006562120746820808
Winston-Salem - NC,3,-0.00560057112015786
Winston-Salem - NC,3,-0.007962989574298281
Winston-Salem - NC,2,-0.00172268222086134
Winston-Salem - NC,2,-0.00214115302078428
Winston-Salem - NC,2,-0.0037447932176291805
Winston-Salem - NC,1,-0.00042801396921276005
Winston-Salem - NC,1,0.0035647762939333798
Winston-Salem - NC,2,0.0062535418197512405
Winston-Salem - NC,3,0.00826205927878614
Winston-Salem - NC,2,0.01394068952649824
Winston-Salem - NC,2,0.0197516577318309
Winston-Salem - NC,2,0.01926032118499262
Winston-Salem - NC,2,0.015166211687028258
Worcester - MA,3,0.00120584680698812
Worcester - MA,2,0.00275992429815236
Worcester - MA,3,0.0020398406777531403
Worcester - MA,2,0.0017698530573398402
Worcester - MA,2,0.004002236621454399
Worcester - MA,1,0.003462723921984499
Worcester - MA,2,0.0040373059920967
Worcester - MA,1,0.00374141540378334
Worcester - MA,1,0.005675005353987199
Worcester - MA,2,0.00499194134026762
Worcester - MA,2,0.0029349407181143397
Worcester - MA,1,-0.00036230590194468034
Worcester - MA,2,-0.0005482129752636406
Worcester - MA,2,0.00398062635213132
